timestamp,altitude,ground_speed,vertical_speed
2026-09-30 03:03:26Z.937,,28,
2026-09-30 03:03:28Z.073,,28,
2026-09-30 03:03:30Z.202,,28,
2026-09-30 03:03:32Z.142,,27,
2026-09-30 03:03:33Z.410,,27,
2026-09-30 03:03:35Z.217,,27,
2026-09-30 03:03:36Z.662,,27,
2026-09-30 03:03:37Z.672,,27,
2026-09-30 03:03:40Z.182,,27,
2026-09-30 03:04:36Z.403,,,
2026-09-30 03:04:54Z.859,,86,
2026-09-30 03:04:56Z.698,,,
2026-09-30 03:04:58Z.038,,98,0
2026-09-30 03:04:59Z.113,,102,0
2026-09-30 03:05:00Z.322,,102,0
2026-09-30 03:05:01Z.633,,102,0
2026-09-30 03:05:02Z.934,,102,0
2026-09-30 03:05:04Z.334,,102,0
2026-09-30 03:05:10Z.053,125,102,0
2026-09-30 03:05:11Z.304,125,102,0
2026-09-30 03:05:14Z.853,125,,64
2026-09-30 03:05:15Z.935,125,,64
2026-09-30 03:05:17Z.254,125,,0
2026-09-30 03:05:18Z.854,125,,0
2026-09-30 03:05:20Z.061,125,176,64
2026-09-30 03:05:21Z.097,125,179,128
2026-09-30 03:05:22Z.278,125,179,128
2026-09-30 03:05:24Z.199,125,184,320
2026-09-30 03:05:25Z.513,125,184,320
2026-09-30 03:05:26Z.625,125,184,320
2026-09-30 03:05:27Z.713,125,184,320
2026-09-30 03:05:28Z.720,125,191,1728
2026-09-30 03:05:29Z.782,125,192,1792
2026-09-30 03:05:30Z.808,300,192,1664
2026-09-30 03:05:31Z.812,325,193,1728
2026-09-30 03:05:32Z.828,325,194,1856
2026-09-30 03:05:33Z.890,400,195,2048
2026-09-30 03:05:34Z.895,425,195,2176
2026-09-30 03:05:35Z.904,450,195,2368
2026-09-30 03:05:36Z.906,500,195,2496
2026-09-30 03:05:37Z.911,525,195,2560
2026-09-30 03:05:38Z.934,575,196,2496
2026-09-30 03:05:39Z.952,625,195,2432
2026-09-30 03:05:40Z.952,650,195,2304
2026-09-30 03:05:41Z.963,675,196,2176
2026-09-30 03:05:43Z.010,725,197,1984
2026-09-30 03:05:44Z.020,750,198,1920
2026-09-30 03:05:45Z.053,775,198,1856
2026-09-30 03:05:46Z.063,825,200,1792
2026-09-30 03:05:47Z.099,850,199,1792
2026-09-30 03:05:48Z.115,875,200,1792
2026-09-30 03:05:49Z.133,900,202,1792
2026-09-30 03:05:50Z.164,925,201,1792
2026-09-30 03:05:51Z.169,975,202,1856
2026-09-30 03:05:52Z.169,1000,203,1920
2026-09-30 03:05:53Z.193,1050,203,2048
2026-09-30 03:05:54Z.197,1075,204,2176
2026-09-30 03:05:55Z.201,1100,204,2304
2026-09-30 03:05:56Z.221,1150,204,2368
2026-09-30 03:05:57Z.222,1175,204,2432
2026-09-30 03:05:58Z.225,1225,204,2496
2026-09-30 03:05:59Z.288,1250,204,2432
2026-09-30 03:06:00Z.381,1300,204,2304
2026-09-30 03:06:01Z.384,1350,204,2112
2026-09-30 03:06:02Z.413,1375,205,1920
2026-09-30 03:06:03Z.584,1425,205,1728
2026-09-30 03:06:04Z.604,1450,206,1536
2026-09-30 03:06:05Z.614,1475,207,1344
2026-09-30 03:06:06Z.697,1500,208,1088
2026-09-30 03:06:07Z.704,1500,210,960
2026-09-30 03:06:08Z.730,1525,211,832
2026-09-30 03:06:09Z.792,1550,212,832
2026-09-30 03:06:10Z.894,1575,214,832
2026-09-30 03:06:11Z.909,1575,216,832
2026-09-30 03:06:12Z.926,1600,217,896
2026-09-30 03:06:13Z.934,1600,218,896
2026-09-30 03:06:14Z.934,1625,219,960
2026-09-30 03:06:15Z.949,1650,220,1024
2026-09-30 03:06:16Z.954,1675,222,1088
2026-09-30 03:06:17Z.959,1675,222,1088
2026-09-30 03:06:18Z.964,1700,223,1088
2026-09-30 03:06:19Z.989,1725,224,1088
2026-09-30 03:06:20Z.994,1750,226,1024
2026-09-30 03:06:22Z.004,1750,226,1024
2026-09-30 03:06:23Z.069,1775,228,1024
2026-09-30 03:06:24Z.103,1800,230,1024
2026-09-30 03:06:25Z.107,1800,230,1024
2026-09-30 03:06:26Z.118,1825,232,960
2026-09-30 03:06:27Z.120,1850,232,960
2026-09-30 03:06:28Z.122,1875,233,960
2026-09-30 03:06:29Z.124,1875,234,960
2026-09-30 03:06:30Z.129,1900,236,1024
2026-09-30 03:06:31Z.284,1925,236,1024
2026-09-30 03:06:32Z.322,1925,240,1024
2026-09-30 03:06:33Z.434,1975,239,1024
2026-09-30 03:06:34Z.554,1975,240,1024
2026-09-30 03:06:35Z.559,2000,241,1024
2026-09-30 03:06:36Z.565,2000,244,960
2026-09-30 03:06:37Z.612,2025,244,1024
2026-09-30 03:06:38Z.654,2050,244,1024
2026-09-30 03:06:39Z.671,2075,247,1088
2026-09-30 03:06:40Z.770,2075,248,1088
2026-09-30 03:06:41Z.885,2100,248,1152
2026-09-30 03:06:42Z.930,2125,249,1280
2026-09-30 03:06:44Z.010,2150,250,1344
2026-09-30 03:06:45Z.017,2175,251,1472
2026-09-30 03:06:46Z.017,2225,251,1664
2026-09-30 03:06:47Z.038,2225,253,1728
2026-09-30 03:06:48Z.072,2275,253,1728
2026-09-30 03:06:49Z.079,2300,254,1664
2026-09-30 03:06:50Z.079,2325,254,1600
2026-09-30 03:06:51Z.109,2350,255,1472
2026-09-30 03:06:52Z.165,2375,256,1408
2026-09-30 03:06:53Z.210,2400,257,1344
2026-09-30 03:06:54Z.214,2425,258,1280
2026-09-30 03:06:55Z.268,2450,259,1344
2026-09-30 03:06:56Z.303,2475,262,1472
2026-09-30 03:06:57Z.305,2500,262,1600
2026-09-30 03:06:58Z.313,2525,262,1792
2026-09-30 03:06:59Z.315,2550,262,1920
2026-09-30 03:07:00Z.401,2575,264,2048
2026-09-30 03:07:01Z.421,2625,264,2176
2026-09-30 03:07:02Z.521,2650,264,2176
2026-09-30 03:07:03Z.564,2700,264,2240
2026-09-30 03:07:04Z.613,2725,264,2240
2026-09-30 03:07:05Z.677,2775,265,2176
2026-09-30 03:07:06Z.721,2800,265,2240
2026-09-30 03:07:07Z.727,2850,266,2240
2026-09-30 03:07:08Z.767,2875,266,2304
2026-09-30 03:07:09Z.815,2925,266,2368
2026-09-30 03:07:10Z.868,2950,266,2560
2026-09-30 03:07:11Z.872,3000,266,2688
2026-09-30 03:07:12Z.914,3050,266,2816
2026-09-30 03:07:13Z.929,3100,266,2944
2026-09-30 03:07:14Z.952,3150,266,3072
2026-09-30 03:07:15Z.989,3200,266,3072
2026-09-30 03:07:17Z.000,3250,265,3072
2026-09-30 03:07:18Z.105,3300,265,3008
2026-09-30 03:07:19Z.107,3350,264,2944
2026-09-30 03:07:20Z.130,3400,264,2816
2026-09-30 03:07:21Z.150,3450,264,2688
2026-09-30 03:07:22Z.165,3500,265,2496
2026-09-30 03:07:23Z.240,3525,266,2304
2026-09-30 03:07:24Z.251,3575,265,2240
2026-09-30 03:07:25Z.253,3600,265,2112
2026-09-30 03:07:26Z.327,3650,266,2112
2026-09-30 03:07:27Z.337,3675,266,2048
2026-09-30 03:07:28Z.385,3725,268,2048
2026-09-30 03:07:29Z.547,3750,267,2112
2026-09-30 03:07:30Z.797,3800,267,2176
2026-09-30 03:07:31Z.820,3850,268,2240
2026-09-30 03:07:32Z.820,3875,268,2304
2026-09-30 03:07:33Z.939,3925,268,2368
2026-09-30 03:07:34Z.958,3975,268,2368
2026-09-30 03:07:35Z.999,4000,268,2432
2026-09-30 03:07:37Z.275,4075,268,2496
2026-09-30 03:07:38Z.285,4125,268,2496
2026-09-30 03:07:39Z.386,4150,268,2496
2026-09-30 03:07:40Z.547,4200,268,2496
2026-09-30 03:07:41Z.615,4250,268,2496
2026-09-30 03:07:42Z.631,4300,268,2432
2026-09-30 03:07:43Z.635,4325,268,2432
2026-09-30 03:07:44Z.752,4375,268,2368
2026-09-30 03:07:45Z.755,4425,268,2304
2026-09-30 03:07:46Z.766,4450,268,2304
2026-09-30 03:07:47Z.821,4500,268,2240
2026-09-30 03:07:48Z.827,4525,269,2176
2026-09-30 03:07:49Z.835,4575,269,2176
2026-09-30 03:07:50Z.906,4600,270,2176
2026-09-30 03:07:51Z.968,4650,270,2176
2026-09-30 03:07:53Z.035,4700,270,2176
2026-09-30 03:07:54Z.046,4725,270,2240
2026-09-30 03:07:55Z.114,4775,270,2240
2026-09-30 03:07:56Z.132,4800,270,2240
2026-09-30 03:07:57Z.244,4850,270,2240
2026-09-30 03:07:58Z.335,4900,271,2240
2026-09-30 03:07:59Z.345,4925,272,2176
2026-09-30 03:08:00Z.363,4950,272,2176
2026-09-30 03:08:01Z.475,5000,272,2176
2026-09-30 03:08:02Z.555,5050,272,2176
2026-09-30 03:08:03Z.603,5075,272,2176
2026-09-30 03:08:04Z.795,5125,272,2176
2026-09-30 03:08:05Z.869,5150,272,2176
2026-09-30 03:08:06Z.921,5200,273,2240
2026-09-30 03:08:07Z.945,5225,274,2240
2026-09-30 03:08:08Z.958,5275,274,2112
2026-09-30 03:08:09Z.990,5325,274,2048
2026-09-30 03:08:11Z.016,5350,274,1920
2026-09-30 03:08:12Z.027,5375,274,1728
2026-09-30 03:08:13Z.109,5425,275,1600
2026-09-30 03:08:14Z.111,5450,276,1472
2026-09-30 03:08:15Z.111,5475,277,1344
2026-09-30 03:08:16Z.131,5475,277,1216
2026-09-30 03:08:17Z.131,5500,278,1024
2026-09-30 03:08:18Z.276,5525,279,896
2026-09-30 03:08:19Z.297,5550,281,704
2026-09-30 03:08:20Z.443,5550,284,576
2026-09-30 03:08:21Z.445,5575,284,512
2026-09-30 03:08:22Z.455,5575,286,448
2026-09-30 03:08:23Z.466,5600,287,448
2026-09-30 03:08:24Z.590,5600,288,448
2026-09-30 03:08:25Z.745,5600,290,448
2026-09-30 03:08:26Z.747,5625,291,448
2026-09-30 03:08:27Z.801,5625,292,512
2026-09-30 03:08:28Z.944,5650,293,512
2026-09-30 03:08:29Z.957,5650,295,512
2026-09-30 03:08:31Z.061,5675,296,576
2026-09-30 03:08:32Z.116,5675,297,576
2026-09-30 03:08:33Z.126,5675,298,576
2026-09-30 03:08:34Z.127,5700,300,576
2026-09-30 03:08:35Z.235,5700,301,640
2026-09-30 03:08:36Z.293,5725,304,640
2026-09-30 03:08:37Z.299,5725,303,576
2026-09-30 03:08:38Z.320,5750,305,576
2026-09-30 03:08:39Z.335,5750,307,512
2026-09-30 03:08:40Z.375,5750,308,512
2026-09-30 03:08:41Z.517,5775,308,512
2026-09-30 03:08:42Z.521,5775,312,512
2026-09-30 03:08:43Z.554,5775,312,512
2026-09-30 03:08:44Z.650,5800,313,512
2026-09-30 03:08:45Z.662,5800,314,512
2026-09-30 03:08:46Z.741,5800,316,512
2026-09-30 03:08:47Z.806,5825,318,512
2026-09-30 03:08:48Z.892,5825,318,448
2026-09-30 03:08:49Z.921,5825,319,448
2026-09-30 03:08:51Z.045,5850,321,448
2026-09-30 03:08:52Z.045,5850,322,448
2026-09-30 03:08:53Z.072,5850,323,448
2026-09-30 03:08:54Z.134,5875,324,384
2026-09-30 03:08:55Z.181,5875,326,384
2026-09-30 03:08:56Z.247,5875,328,384
2026-09-30 03:08:57Z.392,5875,328,384
2026-09-30 03:08:58Z.486,5900,329,320
2026-09-30 03:08:59Z.528,5900,332,320
2026-09-30 03:09:00Z.541,5900,332,384
2026-09-30 03:09:01Z.625,5900,332,384
2026-09-30 03:09:02Z.816,5925,334,384
2026-09-30 03:09:03Z.830,5925,335,512
2026-09-30 03:09:04Z.866,5925,336,576
2026-09-30 03:09:05Z.955,5950,337,704
2026-09-30 03:09:06Z.961,5950,338,896
2026-09-30 03:09:08Z.105,5975,339,1024
2026-09-30 03:09:09Z.108,6000,339,1152
2026-09-30 03:09:10Z.123,6000,340,1216
2026-09-30 03:09:11Z.124,6025,341,1280
2026-09-30 03:09:12Z.125,6050,342,1280
2026-09-30 03:09:13Z.130,6075,342,1280
2026-09-30 03:09:14Z.158,6075,343,1216
2026-09-30 03:09:15Z.381,6100,344,1152
2026-09-30 03:09:16Z.415,6125,346,1088
2026-09-30 03:09:17Z.761,6150,346,1088
2026-09-30 03:09:18Z.789,6175,347,1152
2026-09-30 03:09:19Z.909,6175,348,1216
2026-09-30 03:09:20Z.927,6225,348,1408
2026-09-30 03:09:22Z.008,6250,348,1536
2026-09-30 03:09:23Z.098,6250,349,1664
2026-09-30 03:09:24Z.100,6300,350,1856
2026-09-30 03:09:25Z.101,6325,350,2048
2026-09-30 03:09:26Z.109,6350,350,2176
2026-09-30 03:09:27Z.123,6400,350,2304
2026-09-30 03:09:28Z.212,6425,350,2368
2026-09-30 03:09:29Z.245,6475,350,2432
2026-09-30 03:09:30Z.327,6500,350,2496
2026-09-30 03:09:31Z.427,6575,350,2560
2026-09-30 03:09:32Z.435,6600,350,2560
2026-09-30 03:09:33Z.447,6650,350,2560
2026-09-30 03:09:34Z.512,6700,350,2496
2026-09-30 03:09:35Z.550,6725,350,2496
2026-09-30 03:09:36Z.631,6750,350,2432
2026-09-30 03:09:37Z.692,6825,349,2432
2026-09-30 03:09:38Z.772,6850,350,2432
2026-09-30 03:09:39Z.841,6900,350,2368
2026-09-30 03:09:40Z.847,6925,350,2368
2026-09-30 03:09:42Z.007,7000,350,2304
2026-09-30 03:09:43Z.016,7025,350,2304
2026-09-30 03:09:44Z.026,7050,350,2304
2026-09-30 03:09:45Z.108,7100,350,2240
2026-09-30 03:09:46Z.130,7125,350,2240
2026-09-30 03:09:47Z.135,7175,350,2240
2026-09-30 03:09:48Z.222,7225,350,2240
2026-09-30 03:09:49Z.272,7250,350,2240
2026-09-30 03:09:50Z.274,7300,350,2240
2026-09-30 03:09:51Z.279,7325,350,2240
2026-09-30 03:09:52Z.283,7375,350,2240
2026-09-30 03:09:53Z.332,7400,351,2176
2026-09-30 03:09:54Z.457,7450,351,2176
2026-09-30 03:09:55Z.462,7475,351,2112
2026-09-30 03:09:56Z.696,7525,351,2048
2026-09-30 03:09:57Z.798,7550,352,1984
2026-09-30 03:09:58Z.829,7600,352,1920
2026-09-30 03:09:59Z.873,7625,352,1856
2026-09-30 03:10:00Z.892,7675,352,1792
2026-09-30 03:10:01Z.928,7675,352,1792
2026-09-30 03:10:02Z.957,7700,353,1792
2026-09-30 03:10:03Z.967,7750,354,1792
2026-09-30 03:10:05Z.029,7775,354,1792
2026-09-30 03:10:06Z.105,7825,354,1792
2026-09-30 03:10:07Z.107,7850,354,1792
2026-09-30 03:10:08Z.107,7875,354,1792
2026-09-30 03:10:09Z.110,7925,355,1792
2026-09-30 03:10:10Z.112,7950,355,1792
2026-09-30 03:10:11Z.124,7975,355,1792
2026-09-30 03:10:12Z.127,8000,356,1792
2026-09-30 03:10:13Z.132,8050,356,1792
2026-09-30 03:10:14Z.133,8050,356,1792
2026-09-30 03:10:15Z.166,8075,356,1792
2026-09-30 03:10:16Z.203,8125,358,1792
2026-09-30 03:10:17Z.248,8150,357,1792
2026-09-30 03:10:18Z.335,8200,358,1792
2026-09-30 03:10:19Z.340,8225,358,1792
2026-09-30 03:10:20Z.345,8250,358,1792
2026-09-30 03:10:21Z.348,8275,358,1792
2026-09-30 03:10:22Z.575,8325,359,1792
2026-09-30 03:10:23Z.582,8350,360,1792
2026-09-30 03:10:24Z.647,8375,359,1792
2026-09-30 03:10:25Z.657,8425,360,1728
2026-09-30 03:10:26Z.665,8450,360,1728
2026-09-30 03:10:27Z.757,8475,360,1664
2026-09-30 03:10:28Z.803,8500,361,1664
2026-09-30 03:10:29Z.807,8525,361,1664
2026-09-30 03:10:30Z.813,8550,362,1664
2026-09-30 03:10:31Z.817,8575,362,1664
2026-09-30 03:10:32Z.882,8625,362,1664
2026-09-30 03:10:33Z.932,8650,362,1728
2026-09-30 03:10:34Z.972,8675,363,1728
2026-09-30 03:10:35Z.978,8700,364,1728
2026-09-30 03:10:37Z.043,8750,363,1728
2026-09-30 03:10:38Z.045,8775,364,1728
2026-09-30 03:10:39Z.111,8800,364,1728
2026-09-30 03:10:40Z.212,8825,364,1728
2026-09-30 03:10:41Z.241,8850,365,1728
2026-09-30 03:10:42Z.372,8900,365,1728
2026-09-30 03:10:43Z.395,8925,365,1728
2026-09-30 03:10:44Z.413,8950,366,1728
2026-09-30 03:10:45Z.454,8975,366,1792
2026-09-30 03:10:46Z.508,9000,366,1792
2026-09-30 03:10:47Z.525,9050,366,1792
2026-09-30 03:10:48Z.533,9075,368,1792
2026-09-30 03:10:49Z.600,9100,367,1792
2026-09-30 03:10:50Z.605,9150,367,1856
2026-09-30 03:10:51Z.613,9175,368,1856
2026-09-30 03:10:52Z.768,9200,368,1920
2026-09-30 03:10:53Z.818,9225,368,1920
2026-09-30 03:10:54Z.823,9275,368,1920
2026-09-30 03:10:55Z.840,9300,368,1920
2026-09-30 03:10:56Z.914,9325,368,1920
2026-09-30 03:10:57Z.990,9375,369,1920
2026-09-30 03:10:58Z.998,9400,369,1856
2026-09-30 03:11:00Z.004,9450,369,1792
2026-09-30 03:11:01Z.008,9475,370,1792
2026-09-30 03:11:02Z.021,9500,370,1728
2026-09-30 03:11:03Z.099,9525,370,1728
2026-09-30 03:11:04Z.154,9550,370,1664
2026-09-30 03:11:05Z.158,9575,371,1664
2026-09-30 03:11:06Z.227,9600,371,1664
2026-09-30 03:11:07Z.349,9650,372,1728
2026-09-30 03:11:08Z.366,9675,372,1728
2026-09-30 03:11:09Z.447,9700,372,1792
2026-09-30 03:11:10Z.453,9750,372,1856
2026-09-30 03:11:11Z.673,9775,372,1856
2026-09-30 03:11:12Z.712,9800,374,1920
2026-09-30 03:11:13Z.718,9850,373,1920
2026-09-30 03:11:14Z.745,9875,373,1920
2026-09-30 03:11:15Z.772,9900,374,1920
2026-09-30 03:11:16Z.774,9925,373,1856
2026-09-30 03:11:17Z.824,9950,374,1856
2026-09-30 03:11:19Z.023,10000,374,1792
2026-09-30 03:11:20Z.038,10025,374,1728
2026-09-30 03:11:21Z.047,10075,374,1664
2026-09-30 03:11:22Z.092,10100,376,1600
2026-09-30 03:11:23Z.220,10125,375,1536
2026-09-30 03:11:24Z.222,10150,376,1536
2026-09-30 03:11:25Z.223,10175,376,1536
2026-09-30 03:11:26Z.228,10200,376,1536
2026-09-30 03:11:27Z.268,10225,376,1536
2026-09-30 03:11:28Z.355,10250,377,1600
2026-09-30 03:11:29Z.368,10275,377,1600
2026-09-30 03:11:30Z.387,10300,378,1536
2026-09-30 03:11:31Z.398,10350,378,1536
2026-09-30 03:11:32Z.457,10350,379,1536
2026-09-30 03:11:33Z.464,10375,380,1536
2026-09-30 03:11:34Z.473,10400,379,1536
2026-09-30 03:11:35Z.478,10450,380,1536
2026-09-30 03:11:36Z.503,10475,380,1472
2026-09-30 03:11:37Z.543,10500,380,1536
2026-09-30 03:11:38Z.563,10525,381,1536
2026-09-30 03:11:39Z.563,10550,382,1600
2026-09-30 03:11:40Z.669,10575,381,1664
2026-09-30 03:11:41Z.834,10600,382,1728
2026-09-30 03:11:42Z.999,10650,382,1728
2026-09-30 03:11:44Z.016,10675,382,1792
2026-09-30 03:11:45Z.019,10700,382,1856
2026-09-30 03:11:46Z.044,10725,382,1856
2026-09-30 03:11:47Z.058,10775,382,1920
2026-09-30 03:11:48Z.058,10800,383,1920
2026-09-30 03:11:49Z.147,10825,383,1920
2026-09-30 03:11:50Z.159,10875,383,1920
2026-09-30 03:11:51Z.194,10875,383,1920
2026-09-30 03:11:52Z.244,10925,383,1920
2026-09-30 03:11:53Z.416,10950,383,1920
2026-09-30 03:11:54Z.545,10975,383,1920
2026-09-30 03:11:55Z.669,11025,384,1920
2026-09-30 03:11:56Z.689,11075,384,1920
2026-09-30 03:11:57Z.798,11100,384,1920
2026-09-30 03:11:58Z.819,11125,384,1920
2026-09-30 03:11:59Z.837,11175,384,1920
2026-09-30 03:12:00Z.959,11200,384,1856
2026-09-30 03:12:02Z.012,11225,384,1856
2026-09-30 03:12:03Z.014,11275,385,1856
2026-09-30 03:12:04Z.050,11275,385,1856
2026-09-30 03:12:05Z.119,11325,386,1856
2026-09-30 03:12:06Z.178,11375,385,1792
2026-09-30 03:12:07Z.215,11400,386,1792
2026-09-30 03:12:08Z.508,11425,386,1792
2026-09-30 03:12:09Z.521,11450,386,1856
2026-09-30 03:12:10Z.521,11500,386,1920
2026-09-30 03:12:11Z.529,11525,386,1984
2026-09-30 03:12:12Z.574,11550,386,2048
2026-09-30 03:12:13Z.669,11600,386,2112
2026-09-30 03:12:14Z.679,11650,386,2176
2026-09-30 03:12:15Z.683,11675,386,2240
2026-09-30 03:12:16Z.690,11725,386,2240
2026-09-30 03:12:18Z.169,11750,386,2240
2026-09-30 03:12:19Z.246,11800,386,2240
2026-09-30 03:12:20Z.334,11850,386,2240
2026-09-30 03:12:21Z.403,11875,386,2240
2026-09-30 03:12:22Z.494,11925,386,2240
2026-09-30 03:12:23Z.613,11950,386,2240
2026-09-30 03:12:24Z.749,12025,386,2176
2026-09-30 03:12:25Z.769,12050,386,2176
2026-09-30 03:12:26Z.908,12075,386,2112
2026-09-30 03:12:27Z.999,12125,386,2048
2026-09-30 03:12:29Z.054,12175,386,2048
2026-09-30 03:12:30Z.128,12200,386,1984
2026-09-30 03:12:31Z.155,12225,386,1984
2026-09-30 03:12:32Z.197,12275,386,1984
2026-09-30 03:12:33Z.269,12300,386,1984
2026-09-30 03:12:34Z.370,12325,386,1984
2026-09-30 03:12:35Z.473,12375,386,1984
2026-09-30 03:12:36Z.477,12400,386,1984
2026-09-30 03:12:37Z.481,12400,386,1984
2026-09-30 03:12:38Z.598,12475,386,2048
2026-09-30 03:12:39Z.654,12525,386,2048
2026-09-30 03:12:40Z.675,12550,386,2048
2026-09-30 03:12:41Z.979,12600,386,2048
2026-09-30 03:12:43Z.135,12625,386,2048
2026-09-30 03:12:44Z.144,12650,386,2048
2026-09-30 03:12:45Z.145,12700,386,2048
2026-09-30 03:12:46Z.149,12700,386,1984
2026-09-30 03:12:47Z.166,12775,386,1984
2026-09-30 03:12:48Z.389,12825,386,1984
2026-09-30 03:12:49Z.416,12850,386,1920
2026-09-30 03:12:50Z.614,12875,387,1856
2026-09-30 03:12:51Z.679,12925,387,1792
2026-09-30 03:12:52Z.702,12950,387,1792
2026-09-30 03:12:53Z.789,12975,387,1728
2026-09-30 03:12:54Z.797,13000,387,1728
2026-09-30 03:12:55Z.819,13025,388,1728
2026-09-30 03:12:56Z.827,13075,387,1728
2026-09-30 03:12:57Z.831,13100,388,1792
2026-09-30 03:12:58Z.859,13125,388,1792
2026-09-30 03:13:00Z.004,13150,388,1856
2026-09-30 03:13:01Z.015,13200,388,1856
2026-09-30 03:13:02Z.028,13225,388,1920
2026-09-30 03:13:03Z.108,13250,388,1920
2026-09-30 03:13:04Z.110,13300,388,1920
2026-09-30 03:13:05Z.169,13325,388,1920
2026-09-30 03:13:06Z.217,13350,388,1920
2026-09-30 03:13:07Z.530,13400,388,1920
2026-09-30 03:13:08Z.575,13450,388,1920
2026-09-30 03:13:09Z.639,13475,389,1920
2026-09-30 03:13:10Z.661,13475,388,1920
2026-09-30 03:13:11Z.920,13550,389,1856
2026-09-30 03:13:13Z.124,13575,389,1856
2026-09-30 03:13:14Z.169,13625,389,1856
2026-09-30 03:13:15Z.190,13625,389,1728
2026-09-30 03:13:16Z.210,13675,390,1728
2026-09-30 03:13:17Z.250,13700,389,1600
2026-09-30 03:13:18Z.401,13725,390,1600
2026-09-30 03:13:19Z.435,13750,390,1600
2026-09-30 03:13:20Z.525,13775,390,1472
2026-09-30 03:13:21Z.604,13800,390,1472
2026-09-30 03:13:22Z.610,13850,390,1472
2026-09-30 03:13:23Z.640,13875,390,1536
2026-09-30 03:13:24Z.827,13900,391,1600
2026-09-30 03:13:25Z.851,13925,391,1600
2026-09-30 03:13:27Z.025,13950,392,1600
2026-09-30 03:13:28Z.026,13975,392,1664
2026-09-30 03:13:29Z.065,14000,392,1728
2026-09-30 03:13:30Z.100,14050,392,1728
2026-09-30 03:13:31Z.107,14050,392,1728
2026-09-30 03:13:32Z.213,14100,392,1728
2026-09-30 03:13:33Z.323,14125,394,1728
2026-09-30 03:13:34Z.391,14175,393,1664
2026-09-30 03:13:35Z.429,14175,393,1600
2026-09-30 03:13:36Z.458,14200,393,1536
2026-09-30 03:13:37Z.465,14250,394,1536
2026-09-30 03:13:38Z.570,14275,394,1472
2026-09-30 03:13:39Z.577,14300,394,1408
2026-09-30 03:13:40Z.645,14325,395,1408
2026-09-30 03:13:41Z.736,14350,395,1408
2026-09-30 03:13:42Z.935,14375,395,1408
2026-09-30 03:13:43Z.971,14375,395,1472
2026-09-30 03:13:44Z.985,14425,395,1472
2026-09-30 03:13:45Z.990,14450,395,1536
2026-09-30 03:13:46Z.991,14475,396,1536
2026-09-30 03:13:48Z.031,14500,396,1600
2026-09-30 03:13:49Z.146,14525,396,1600
2026-09-30 03:13:50Z.170,14550,396,1664
2026-09-30 03:13:51Z.265,14550,396,1664
2026-09-30 03:13:52Z.357,14625,397,1728
2026-09-30 03:13:53Z.460,14675,397,1792
2026-09-30 03:13:54Z.495,14700,396,1792
2026-09-30 03:13:55Z.562,14725,396,1856
2026-09-30 03:13:56Z.595,14750,396,1856
2026-09-30 03:13:57Z.801,14800,397,1920
2026-09-30 03:13:58Z.822,14825,396,1920
2026-09-30 03:13:59Z.925,14825,396,1920
2026-09-30 03:14:01Z.084,14900,396,1920
2026-09-30 03:14:02Z.092,14925,396,1920
2026-09-30 03:14:03Z.157,14950,396,1856
2026-09-30 03:14:04Z.160,15000,397,1792
2026-09-30 03:14:05Z.195,15025,396,1792
2026-09-30 03:14:06Z.201,15050,397,1728
2026-09-30 03:14:07Z.341,15075,397,1664
2026-09-30 03:14:08Z.346,15100,397,1600
2026-09-30 03:14:09Z.358,15125,397,1536
2026-09-30 03:14:10Z.451,15150,397,1472
2026-09-30 03:14:11Z.513,15175,398,1408
2026-09-30 03:14:12Z.540,15200,398,1408
2026-09-30 03:14:13Z.561,15250,398,1344
2026-09-30 03:14:14Z.571,15275,399,1408
2026-09-30 03:14:15Z.590,15300,400,1408
2026-09-30 03:14:16Z.620,15300,399,1472
2026-09-30 03:14:17Z.625,15325,400,1536
2026-09-30 03:14:18Z.625,15375,400,1536
2026-09-30 03:14:19Z.706,15375,400,1600
2026-09-30 03:14:21Z.021,15425,400,1664
2026-09-30 03:14:22Z.310,15450,400,1664
2026-09-30 03:14:23Z.322,15475,400,1728
2026-09-30 03:14:24Z.331,15525,400,1728
2026-09-30 03:14:25Z.335,15550,400,1664
2026-09-30 03:14:26Z.546,15575,400,1664
2026-09-30 03:14:27Z.616,15625,400,1664
2026-09-30 03:14:28Z.904,15650,402,1600
2026-09-30 03:14:29Z.908,15675,401,1600
2026-09-30 03:14:30Z.914,15700,402,1600
2026-09-30 03:14:31Z.919,15725,402,1536
2026-09-30 03:14:33Z.036,15750,402,1472
2026-09-30 03:14:34Z.191,15775,402,1472
2026-09-30 03:14:35Z.271,15800,402,1408
2026-09-30 03:14:36Z.271,15825,403,1344
2026-09-30 03:14:37Z.286,15850,403,1280
2026-09-30 03:14:38Z.286,15875,403,1280
2026-09-30 03:14:39Z.288,15900,404,1152
2026-09-30 03:14:40Z.288,15900,404,1152
2026-09-30 03:14:41Z.292,15925,404,1152
2026-09-30 03:14:42Z.292,15950,404,1088
2026-09-30 03:14:43Z.353,15975,406,1152
2026-09-30 03:14:44Z.506,16000,405,1152
2026-09-30 03:14:45Z.561,16025,406,1152
2026-09-30 03:14:46Z.980,16025,406,1216
2026-09-30 03:14:47Z.981,16075,406,1280
2026-09-30 03:14:49Z.042,16100,406,1344
2026-09-30 03:14:50Z.133,16100,407,1408
2026-09-30 03:14:51Z.199,16125,408,1472
2026-09-30 03:14:52Z.256,16175,407,1472
2026-09-30 03:14:53Z.263,16200,408,1536
2026-09-30 03:14:54Z.324,16225,407,1536
2026-09-30 03:14:55Z.325,16250,407,1536
2026-09-30 03:14:56Z.746,16275,408,1536
2026-09-30 03:14:57Z.781,16300,408,1536
2026-09-30 03:14:58Z.968,16325,408,1472
2026-09-30 03:15:00Z.097,16350,408,1472
2026-09-30 03:15:01Z.100,16375,410,1472
2026-09-30 03:15:02Z.135,16400,408,1472
2026-09-30 03:15:03Z.147,16425,410,1472
2026-09-30 03:15:04Z.204,16450,410,1472
2026-09-30 03:15:05Z.205,16475,410,1472
2026-09-30 03:15:06Z.213,16500,410,1536
2026-09-30 03:15:07Z.217,16525,410,1536
2026-09-30 03:15:08Z.217,16550,410,1600
2026-09-30 03:15:09Z.217,16575,410,1600
2026-09-30 03:15:10Z.230,16600,410,1664
2026-09-30 03:15:11Z.283,16650,410,1664
2026-09-30 03:15:12Z.481,16675,411,1664
2026-09-30 03:15:13Z.686,16700,411,1600
2026-09-30 03:15:14Z.719,16725,411,1536
2026-09-30 03:15:16Z.041,16750,410,1472
2026-09-30 03:15:17Z.112,16775,410,1408
2026-09-30 03:15:18Z.196,16825,412,1344
2026-09-30 03:15:19Z.277,16825,411,1344
2026-09-30 03:15:20Z.711,16850,412,1344
2026-09-30 03:15:22Z.112,16900,412,1408
2026-09-30 03:15:23Z.186,16925,412,1408
2026-09-30 03:15:24Z.190,16950,412,1472
2026-09-30 03:15:25Z.206,16975,412,1536
2026-09-30 03:15:26Z.261,17000,412,1600
2026-09-30 03:15:27Z.317,17025,412,1600
2026-09-30 03:15:28Z.387,17075,412,1664
2026-09-30 03:15:29Z.392,17100,412,1728
2026-09-30 03:15:30Z.442,17100,413,1664
2026-09-30 03:15:31Z.471,17150,412,1664
2026-09-30 03:15:32Z.502,17175,413,1664
2026-09-30 03:15:33Z.687,17225,412,1600
2026-09-30 03:15:34Z.730,17225,412,1600
2026-09-30 03:15:35Z.730,17275,412,1536
2026-09-30 03:15:36Z.755,17300,413,1472
2026-09-30 03:15:37Z.766,17300,413,1472
2026-09-30 03:15:38Z.857,17350,413,1472
2026-09-30 03:15:39Z.942,17350,414,1472
2026-09-30 03:15:41Z.016,17400,414,1536
2026-09-30 03:15:42Z.129,17425,414,1536
2026-09-30 03:15:43Z.133,17450,414,1536
2026-09-30 03:15:44Z.137,17475,414,1600
2026-09-30 03:15:45Z.176,17500,414,1600
2026-09-30 03:15:46Z.285,17525,414,1600
2026-09-30 03:15:47Z.327,17550,414,1600
2026-09-30 03:15:48Z.445,17575,414,1600
2026-09-30 03:15:49Z.582,17600,414,1600
2026-09-30 03:15:50Z.724,17625,414,1536
2026-09-30 03:15:51Z.747,17675,414,1536
2026-09-30 03:15:52Z.753,17700,414,1536
2026-09-30 03:15:54Z.087,17750,415,1472
2026-09-30 03:15:55Z.120,17750,414,1472
2026-09-30 03:15:56Z.132,17775,414,1472
2026-09-30 03:15:57Z.135,17800,414,1408
2026-09-30 03:15:58Z.287,17850,415,1408
2026-09-30 03:15:59Z.302,17875,416,1408
2026-09-30 03:16:00Z.442,17900,416,1408
2026-09-30 03:16:01Z.571,17900,416,1472
2026-09-30 03:16:02Z.617,17950,415,1472
2026-09-30 03:16:03Z.677,17975,416,1472
2026-09-30 03:16:04Z.707,17975,415,1472
2026-09-30 03:16:05Z.737,18000,415,1472
2026-09-30 03:16:06Z.757,18050,416,1536
2026-09-30 03:16:07Z.777,18075,416,1536
2026-09-30 03:16:08Z.867,18100,416,1536
2026-09-30 03:16:09Z.907,18125,416,1536
2026-09-30 03:16:10Z.909,18125,416,1536
2026-09-30 03:16:11Z.930,18175,416,1536
2026-09-30 03:16:12Z.939,18200,416,1536
2026-09-30 03:16:13Z.972,18225,417,1536
2026-09-30 03:16:14Z.981,18250,418,1536
2026-09-30 03:16:15Z.985,18275,418,1536
2026-09-30 03:16:16Z.987,18300,418,1536
2026-09-30 03:16:18Z.044,18325,417,1536
2026-09-30 03:16:19Z.173,18350,417,1536
2026-09-30 03:16:20Z.308,18375,417,1536
2026-09-30 03:16:21Z.327,18400,418,1536
2026-09-30 03:16:22Z.333,18450,417,1536
2026-09-30 03:16:23Z.442,18450,418,1472
2026-09-30 03:16:24Z.512,18500,418,1472
2026-09-30 03:16:25Z.587,18525,418,1408
2026-09-30 03:16:26Z.653,18550,418,1408
2026-09-30 03:16:27Z.695,18575,418,1344
2026-09-30 03:16:28Z.745,18600,419,1344
2026-09-30 03:16:29Z.753,18600,419,1344
2026-09-30 03:16:30Z.756,18650,418,1344
2026-09-30 03:16:31Z.784,18675,418,1344
2026-09-30 03:16:32Z.786,18675,419,1344
2026-09-30 03:16:33Z.992,18725,419,1344
2026-09-30 03:16:35Z.033,18750,419,1344
2026-09-30 03:16:36Z.034,18750,420,1280
2026-09-30 03:16:37Z.037,18775,420,1280
2026-09-30 03:16:38Z.121,18800,420,1216
2026-09-30 03:16:39Z.149,18825,420,1216
2026-09-30 03:16:40Z.317,18850,421,1152
2026-09-30 03:16:41Z.384,18850,420,1152
2026-09-30 03:16:42Z.435,18850,421,1088
2026-09-30 03:16:43Z.588,18900,421,1024
2026-09-30 03:16:44Z.600,18925,422,1024
2026-09-30 03:16:45Z.645,18950,422,960
2026-09-30 03:16:46Z.795,18950,422,896
2026-09-30 03:16:47Z.937,18975,422,896
2026-09-30 03:16:48Z.939,19000,423,960
2026-09-30 03:16:49Z.948,19000,423,1024
2026-09-30 03:16:50Z.953,19025,423,1088
2026-09-30 03:16:51Z.965,19050,424,1152
2026-09-30 03:16:53Z.037,19075,424,1280
2026-09-30 03:16:54Z.063,19100,424,1344
2026-09-30 03:16:55Z.100,19100,424,1344
2026-09-30 03:16:56Z.193,19150,424,1344
2026-09-30 03:16:57Z.238,19175,425,1280
2026-09-30 03:16:58Z.468,19175,425,1216
2026-09-30 03:16:59Z.603,19225,426,1152
2026-09-30 03:17:00Z.653,19225,425,1152
2026-09-30 03:17:01Z.733,19250,425,1024
2026-09-30 03:17:02Z.768,19275,426,896
2026-09-30 03:17:03Z.877,19275,427,832
2026-09-30 03:17:04Z.910,19300,427,768
2026-09-30 03:17:05Z.919,19300,427,768
2026-09-30 03:17:06Z.929,19325,428,768
2026-09-30 03:17:07Z.930,19325,428,832
2026-09-30 03:17:08Z.953,19350,428,832
2026-09-30 03:17:09Z.956,19375,429,896
2026-09-30 03:17:10Z.962,19375,429,960
2026-09-30 03:17:11Z.968,19400,430,1024
2026-09-30 03:17:12Z.976,19425,429,1152
2026-09-30 03:17:13Z.978,19425,429,1152
2026-09-30 03:17:14Z.982,19450,430,1216
2026-09-30 03:17:15Z.986,19475,430,1280
2026-09-30 03:17:16Z.994,19500,430,1280
2026-09-30 03:17:17Z.999,19525,430,1280
2026-09-30 03:17:19Z.186,19525,430,1344
2026-09-30 03:17:20Z.189,19550,432,1344
2026-09-30 03:17:21Z.308,19600,432,1280
2026-09-30 03:17:22Z.537,19600,432,1280
2026-09-30 03:17:23Z.631,19625,432,1216
2026-09-30 03:17:24Z.654,19650,432,1216
2026-09-30 03:17:25Z.694,19675,432,1152
2026-09-30 03:17:26Z.733,19675,433,1152
2026-09-30 03:17:27Z.743,19725,432,1152
2026-09-30 03:17:28Z.761,19725,433,1152
2026-09-30 03:17:29Z.773,19750,433,1152
2026-09-30 03:17:30Z.789,19775,433,1152
2026-09-30 03:17:31Z.804,19775,434,1152
2026-09-30 03:17:32Z.854,19825,434,1152
2026-09-30 03:17:33Z.940,19825,433,1216
2026-09-30 03:17:34Z.942,19850,434,1280
2026-09-30 03:17:36Z.108,19875,434,1280
2026-09-30 03:17:37Z.119,19900,434,1344
2026-09-30 03:17:38Z.254,19925,434,1344
2026-09-30 03:17:39Z.808,19950,434,1472
2026-09-30 03:17:40Z.893,20000,434,1472
2026-09-30 03:17:41Z.919,20025,434,1472
2026-09-30 03:17:42Z.923,20050,434,1472
2026-09-30 03:17:43Z.975,20075,434,1472
2026-09-30 03:17:44Z.986,20075,434,1472
2026-09-30 03:17:45Z.998,20100,434,1536
2026-09-30 03:17:47Z.023,20150,434,1536
2026-09-30 03:17:48Z.084,20175,434,1600
2026-09-30 03:17:49Z.772,20175,434,1600
2026-09-30 03:17:50Z.802,20225,434,1664
2026-09-30 03:17:52Z.024,20275,434,1728
2026-09-30 03:17:53Z.348,20325,434,1792
2026-09-30 03:17:54Z.373,20325,434,1856
2026-09-30 03:17:55Z.554,20350,434,1856
2026-09-30 03:17:56Z.619,20350,433,1856
2026-09-30 03:17:57Z.886,20425,434,1856
2026-09-30 03:17:58Z.889,20475,433,1792
2026-09-30 03:17:59Z.944,20525,434,1792
2026-09-30 03:18:00Z.949,20525,433,1728
2026-09-30 03:18:01Z.993,20550,433,1664
2026-09-30 03:18:03Z.129,20600,434,1600
2026-09-30 03:18:04Z.323,20625,433,1536
2026-09-30 03:18:05Z.524,20650,433,1472
2026-09-30 03:18:06Z.574,20700,434,1408
2026-09-30 03:18:07Z.634,20700,433,1344
2026-09-30 03:18:08Z.994,20725,433,1344
2026-09-30 03:18:10Z.008,20750,434,1280
2026-09-30 03:18:11Z.064,20800,434,1280
2026-09-30 03:18:12Z.551,20800,434,1344
2026-09-30 03:18:13Z.599,20850,434,1344
2026-09-30 03:18:14Z.659,20875,434,1408
2026-09-30 03:18:15Z.759,20875,434,1472
2026-09-30 03:18:16Z.877,20925,434,1472
2026-09-30 03:18:18Z.074,20950,434,1536
2026-09-30 03:18:19Z.109,20975,433,1536
2026-09-30 03:18:20Z.646,21000,434,1536
2026-09-30 03:18:22Z.144,21050,433,1536
2026-09-30 03:18:23Z.549,21100,433,1536
2026-09-30 03:18:24Z.554,21125,434,1536
2026-09-30 03:18:25Z.669,21150,433,1472
2026-09-30 03:18:26Z.752,21175,434,1472
2026-09-30 03:18:27Z.837,21200,434,1408
2026-09-30 03:18:28Z.837,21225,434,1408
2026-09-30 03:18:29Z.844,21250,434,1408
2026-09-30 03:18:30Z.893,21275,434,1408
2026-09-30 03:18:31Z.951,21300,434,1280
2026-09-30 03:18:32Z.995,21325,434,1280
2026-09-30 03:18:34Z.084,21350,434,1216
2026-09-30 03:18:35Z.549,21375,434,1216
2026-09-30 03:18:36Z.714,21400,434,1152
2026-09-30 03:18:37Z.741,21425,435,1152
2026-09-30 03:18:38Z.805,21425,435,1152
2026-09-30 03:18:39Z.841,21450,435,1216
2026-09-30 03:18:40Z.885,21475,435,1216
2026-09-30 03:18:42Z.084,21500,435,1216
2026-09-30 03:18:43Z.172,21525,436,1216
2026-09-30 03:18:44Z.524,21525,436,1216
2026-09-30 03:18:45Z.699,21575,436,1216
2026-09-30 03:18:46Z.854,21600,436,1216
2026-09-30 03:18:47Z.944,21625,436,1216
2026-09-30 03:18:49Z.044,21650,436,1152
2026-09-30 03:18:50Z.544,21650,437,1152
2026-09-30 03:18:51Z.749,21700,437,1152
2026-09-30 03:18:52Z.892,21725,437,1152
2026-09-30 03:18:53Z.910,21725,437,1152
2026-09-30 03:18:55Z.124,21725,437,1152
2026-09-30 03:18:56Z.149,21725,438,1152
2026-09-30 03:18:57Z.203,21800,438,1152
2026-09-30 03:18:58Z.614,21825,438,1152
2026-09-30 03:18:59Z.629,21850,438,1216
2026-09-30 03:19:00Z.630,21875,438,1216
2026-09-30 03:19:01Z.678,21875,438,1216
2026-09-30 03:19:02Z.739,21925,438,1216
2026-09-30 03:19:03Z.777,21925,438,1152
2026-09-30 03:19:04Z.785,21950,439,1152
2026-09-30 03:19:05Z.853,21950,440,1152
2026-09-30 03:19:06Z.854,21950,439,1088
2026-09-30 03:19:07Z.896,22000,439,1088
2026-09-30 03:19:08Z.901,22025,440,1088
2026-09-30 03:19:09Z.921,22050,440,1088
2026-09-30 03:19:11Z.011,22075,440,1088
2026-09-30 03:19:12Z.022,22075,440,1088
2026-09-30 03:19:13Z.045,22100,440,1088
2026-09-30 03:19:14Z.490,22125,441,1088
2026-09-30 03:19:15Z.523,22150,441,1088
2026-09-30 03:19:16Z.720,22175,442,1088
2026-09-30 03:19:17Z.795,22200,442,1088
2026-09-30 03:19:18Z.801,22200,442,1152
2026-09-30 03:19:19Z.804,22200,442,1152
2026-09-30 03:19:20Z.859,22225,442,1216
2026-09-30 03:19:21Z.938,22250,442,1216
2026-09-30 03:19:22Z.999,22300,442,1216
2026-09-30 03:19:24Z.205,22300,442,1216
2026-09-30 03:19:25Z.365,22350,442,1216
2026-09-30 03:19:26Z.374,22350,442,1152
2026-09-30 03:19:27Z.415,22350,442,1088
2026-09-30 03:19:28Z.525,22400,443,1088
2026-09-30 03:19:29Z.591,22425,443,1024
2026-09-30 03:19:30Z.699,22425,443,1024
2026-09-30 03:19:31Z.737,22425,443,1024
2026-09-30 03:19:32Z.739,22425,443,1088
2026-09-30 03:19:33Z.744,22425,444,1088
2026-09-30 03:19:34Z.988,22500,444,1152
2026-09-30 03:19:36Z.155,22525,444,1152
2026-09-30 03:19:37Z.375,22550,444,1152
2026-09-30 03:19:38Z.406,22575,444,1152
2026-09-30 03:19:39Z.555,22600,444,1344
2026-09-30 03:19:41Z.010,22650,444,1344
2026-09-30 03:19:42Z.431,22675,444,1344
2026-09-30 03:19:43Z.566,22675,444,1280
2026-09-30 03:19:44Z.729,22725,444,1280
2026-09-30 03:19:45Z.829,22750,446,1280
2026-09-30 03:19:46Z.868,22750,445,1088
2026-09-30 03:19:48Z.085,22750,445,1024
2026-09-30 03:19:49Z.130,22800,445,1024
2026-09-30 03:19:50Z.163,22825,445,1024
2026-09-30 03:19:51Z.184,22825,446,1024
2026-09-30 03:19:52Z.306,22850,446,1088
2026-09-30 03:19:53Z.306,22850,446,1088
2026-09-30 03:19:54Z.476,22900,446,1152
2026-09-30 03:19:55Z.595,22925,446,1216
2026-09-30 03:19:56Z.117,22925,446,1025
2026-09-30 03:19:56Z.691,22950,446,1216
2026-09-30 03:19:57Z.691,22950,446,1216
2026-09-30 03:19:58Z.718,22975,446,1344
2026-09-30 03:19:59Z.869,22975,446,1344
2026-09-30 03:20:00Z.876,23025,446,1344
2026-09-30 03:20:01Z.925,23050,446,1344
2026-09-30 03:20:02Z.949,23075,446,1344
2026-09-30 03:20:04Z.030,23100,446,1344
2026-09-30 03:20:05Z.030,23125,448,1280
2026-09-30 03:20:06Z.266,23150,448,1280
2026-09-30 03:20:07Z.421,23175,447,1216
2026-09-30 03:20:08Z.475,23200,448,1216
2026-09-30 03:20:09Z.693,23200,448,1152
2026-09-30 03:20:10Z.846,23225,448,1216
2026-09-30 03:20:11Z.931,23250,448,1216
2026-09-30 03:20:12Z.980,23275,447,1216
2026-09-30 03:20:13Z.988,23275,447,1280
2026-09-30 03:20:15Z.381,23350,447,1280
2026-09-30 03:20:16Z.675,23350,447,1344
2026-09-30 03:20:17Z.700,23375,447,1344
2026-09-30 03:20:18Z.791,23400,448,1408
2026-09-30 03:20:19Z.799,23425,448,1408
2026-09-30 03:20:20Z.891,23450,448,1344
2026-09-30 03:20:21Z.901,23475,448,1344
2026-09-30 03:20:23Z.058,23500,447,1280
2026-09-30 03:20:24Z.316,23500,448,1280
2026-09-30 03:20:25Z.439,23550,447,1216
2026-09-30 03:20:26Z.491,23550,447,1216
2026-09-30 03:20:27Z.541,23600,448,1216
2026-09-30 03:20:28Z.551,23625,448,1216
2026-09-30 03:20:29Z.601,23650,448,1216
2026-09-30 03:20:30Z.611,23675,448,1216
2026-09-30 03:20:31Z.633,23700,448,1216
2026-09-30 03:20:32Z.633,23700,448,1216
2026-09-30 03:20:33Z.637,23700,448,1152
2026-09-30 03:20:34Z.645,23750,448,1152
2026-09-30 03:20:35Z.646,23750,448,1152
2026-09-30 03:20:36Z.650,23750,448,1152
2026-09-30 03:20:37Z.661,23800,448,1152
2026-09-30 03:20:38Z.666,23825,450,1152
2026-09-30 03:20:39Z.677,23850,450,1088
2026-09-30 03:20:40Z.771,23850,448,1088
2026-09-30 03:20:41Z.776,23875,449,1088
2026-09-30 03:20:42Z.887,23900,450,1088
2026-09-30 03:20:43Z.895,23925,449,1024
2026-09-30 03:20:44Z.902,23925,450,1024
2026-09-30 03:20:45Z.910,23925,450,1024
2026-09-30 03:20:46Z.936,23975,450,960
2026-09-30 03:20:47Z.941,23975,449,896
2026-09-30 03:20:49Z.013,23975,450,896
2026-09-30 03:20:50Z.014,24000,450,896
2026-09-30 03:20:51Z.192,24025,450,896
2026-09-30 03:20:52Z.436,24050,450,960
2026-09-30 03:20:53Z.604,24075,450,1088
2026-09-30 03:20:54Z.604,24100,452,1088
2026-09-30 03:20:55Z.608,24100,451,1152
2026-09-30 03:20:56Z.844,24125,452,1152
2026-09-30 03:20:57Z.903,24150,451,1152
2026-09-30 03:20:58Z.925,24175,451,1152
2026-09-30 03:20:59Z.927,24200,451,1088
2026-09-30 03:21:00Z.932,24200,452,1024
2026-09-30 03:21:01Z.935,24225,452,1024
2026-09-30 03:21:03Z.074,24225,452,960
2026-09-30 03:21:04Z.372,24250,452,896
2026-09-30 03:21:05Z.377,24275,453,896
2026-09-30 03:21:06Z.386,24275,453,896
2026-09-30 03:21:07Z.512,24325,453,896
2026-09-30 03:21:08Z.572,24325,453,960
2026-09-30 03:21:09Z.588,24350,454,1024
2026-09-30 03:21:10Z.593,24350,454,1024
2026-09-30 03:21:11Z.642,24375,454,1088
2026-09-30 03:21:12Z.646,24400,454,1152
2026-09-30 03:21:13Z.654,24425,454,1152
2026-09-30 03:21:14Z.866,24425,454,1152
2026-09-30 03:21:15Z.914,24475,454,1152
2026-09-30 03:21:16Z.923,24475,454,1152
2026-09-30 03:21:17Z.944,24500,454,1088
2026-09-30 03:21:18Z.949,24525,454,1088
2026-09-30 03:21:19Z.967,24525,454,1024
2026-09-30 03:21:21Z.046,24525,455,1024
2026-09-30 03:21:22Z.076,24575,455,1024
2026-09-30 03:21:23Z.099,24575,455,960
2026-09-30 03:21:24Z.113,24600,455,960
2026-09-30 03:21:25Z.542,24625,455,960
2026-09-30 03:21:26Z.546,24650,455,960
2026-09-30 03:21:27Z.558,24650,456,960
2026-09-30 03:21:28Z.562,24675,456,1024
2026-09-30 03:21:29Z.574,24675,456,1024
2026-09-30 03:21:30Z.582,24725,456,1024
2026-09-30 03:21:31Z.763,24725,456,1088
2026-09-30 03:21:32Z.831,24750,456,1088
2026-09-30 03:21:33Z.935,24775,456,1152
2026-09-30 03:21:34Z.940,24775,456,1152
2026-09-30 03:21:35Z.990,24825,456,1152
2026-09-30 03:21:37Z.052,24825,456,1216
2026-09-30 03:21:38Z.058,24825,456,1216
2026-09-30 03:21:39Z.493,24875,456,1216
2026-09-30 03:21:40Z.515,24900,456,1216
2026-09-30 03:21:41Z.534,24925,456,1152
2026-09-30 03:21:42Z.535,24925,456,1152
2026-09-30 03:21:43Z.543,24950,456,1152
2026-09-30 03:21:44Z.551,24975,456,1152
2026-09-30 03:21:45Z.704,25000,456,1152
2026-09-30 03:21:46Z.732,25000,456,1152
2026-09-30 03:21:47Z.916,25050,456,1216
2026-09-30 03:21:48Z.920,25075,456,1216
2026-09-30 03:21:49Z.982,25075,456,1216
2026-09-30 03:21:51Z.162,25100,456,1216
2026-09-30 03:21:52Z.197,25125,456,1216
2026-09-30 03:21:53Z.486,25150,456,1216
2026-09-30 03:21:54Z.495,25150,456,1216
2026-09-30 03:21:55Z.527,25200,456,1216
2026-09-30 03:21:56Z.528,25225,456,1216
2026-09-30 03:21:57Z.762,25250,456,1216
2026-09-30 03:21:58Z.927,25275,456,1216
2026-09-30 03:21:59Z.928,25275,456,1280
2026-09-30 03:22:00Z.936,25275,456,1280
2026-09-30 03:22:01Z.943,25325,456,1280
2026-09-30 03:22:03Z.060,25350,456,1280
2026-09-30 03:22:04Z.146,25375,456,1280
2026-09-30 03:22:05Z.159,25400,456,1216
2026-09-30 03:22:06Z.263,25425,456,1216
2026-09-30 03:22:07Z.263,25425,456,1152
2026-09-30 03:22:08Z.396,25450,456,1152
2026-09-30 03:22:09Z.833,25475,456,1152
2026-09-30 03:22:10Z.912,25500,456,1152
2026-09-30 03:22:11Z.937,25525,456,1152
2026-09-30 03:22:12Z.942,25525,456,1152
2026-09-30 03:22:13Z.948,25525,456,1152
2026-09-30 03:22:15Z.248,25575,456,1152
2026-09-30 03:22:16Z.321,25575,456,1152
2026-09-30 03:22:17Z.337,25650,456,1216
2026-09-30 03:22:18Z.454,25650,456,1216
2026-09-30 03:22:19Z.761,25675,456,1216
2026-09-30 03:22:20Z.877,25700,456,1216
2026-09-30 03:22:21Z.893,25700,456,1216
2026-09-30 03:22:22Z.917,25725,456,1216
2026-09-30 03:22:23Z.919,25775,456,1152
2026-09-30 03:22:24Z.924,25775,456,1152
2026-09-30 03:22:25Z.933,25775,456,1152
2026-09-30 03:22:26Z.935,25775,456,1152
2026-09-30 03:22:27Z.940,25825,456,1152
2026-09-30 03:22:28Z.941,25850,456,1152
2026-09-30 03:22:29Z.954,25875,456,1152
2026-09-30 03:22:31Z.053,25900,456,1152
2026-09-30 03:22:32Z.398,25925,456,1152
2026-09-30 03:22:33Z.423,25950,456,1152
2026-09-30 03:22:34Z.464,25950,456,1216
2026-09-30 03:22:35Z.554,25950,456,1216
2026-09-30 03:22:36Z.632,26025,456,1216
2026-09-30 03:22:37Z.750,26025,456,1216
2026-09-30 03:22:38Z.908,26025,456,1216
2026-09-30 03:22:39Z.914,26100,456,1152
2026-09-30 03:22:40Z.919,26100,456,1152
2026-09-30 03:22:41Z.921,26100,456,1024
2026-09-30 03:22:42Z.930,26125,456,960
2026-09-30 03:22:43Z.931,26125,458,960
2026-09-30 03:22:44Z.937,26125,457,896
2026-09-30 03:22:45Z.942,26175,458,832
2026-09-30 03:22:46Z.947,26200,458,832
2026-09-30 03:22:47Z.956,26200,457,832
2026-09-30 03:22:48Z.957,26200,457,832
2026-09-30 03:22:49Z.959,26200,457,896
2026-09-30 03:22:50Z.968,26250,457,960
2026-09-30 03:22:51Z.974,26250,457,1024
2026-09-30 03:22:52Z.977,26275,457,1024
2026-09-30 03:22:54Z.304,26300,457,1024
2026-09-30 03:22:55Z.378,26325,458,960
2026-09-30 03:22:56Z.391,26325,458,896
2026-09-30 03:22:57Z.395,26350,458,896
2026-09-30 03:22:58Z.555,26375,458,896
2026-09-30 03:22:59Z.647,26400,458,896
2026-09-30 03:23:00Z.753,26425,458,960
2026-09-30 03:23:01Z.786,26425,458,960
2026-09-30 03:23:02Z.938,26450,458,1216
2026-09-30 03:23:03Z.944,26475,458,1216
2026-09-30 03:23:04Z.949,26500,458,1280
2026-09-30 03:23:05Z.958,26525,458,1408
2026-09-30 03:23:07Z.090,26550,458,1408
2026-09-30 03:23:08Z.093,26550,458,1472
2026-09-30 03:23:09Z.370,26550,458,1472
2026-09-30 03:23:10Z.424,26625,458,1472
2026-09-30 03:23:11Z.428,26625,457,1408
2026-09-30 03:23:12Z.533,26675,457,1408
2026-09-30 03:23:13Z.710,26700,457,1408
2026-09-30 03:23:14Z.760,26725,458,1408
2026-09-30 03:23:15Z.881,26725,458,1408
2026-09-30 03:23:16Z.891,26775,458,1408
2026-09-30 03:23:17Z.892,26800,458,1408
2026-09-30 03:23:18Z.929,26825,456,1472
2026-09-30 03:23:19Z.935,26850,456,1472
2026-09-30 03:23:20Z.940,26875,456,1472
2026-09-30 03:23:21Z.945,26875,456,1472
2026-09-30 03:23:22Z.954,26925,456,1472
2026-09-30 03:23:23Z.956,26950,456,1472
2026-09-30 03:23:24Z.961,26975,456,1472
2026-09-30 03:23:25Z.966,27000,456,1472
2026-09-30 03:23:26Z.969,27025,455,1472
2026-09-30 03:23:27Z.970,27050,455,1472
2026-09-30 03:23:28Z.975,27075,455,1472
2026-09-30 03:23:29Z.976,27100,456,1536
2026-09-30 03:23:30Z.977,27125,454,1536
2026-09-30 03:23:31Z.982,27150,454,1536
2026-09-30 03:23:32Z.987,27175,454,1536
2026-09-30 03:23:33Z.993,27200,454,1536
2026-09-30 03:23:34Z.999,27225,454,1536
2026-09-30 03:23:36Z.004,27250,454,1536
2026-09-30 03:23:37Z.009,27250,453,1536
2026-09-30 03:23:38Z.034,27300,454,1536
2026-09-30 03:23:39Z.197,27300,454,1536
2026-09-30 03:23:40Z.224,27375,453,1536
2026-09-30 03:23:41Z.269,27375,453,1536
2026-09-30 03:23:42Z.270,27400,452,1472
2026-09-30 03:23:43Z.277,27450,452,1472
2026-09-30 03:23:44Z.278,27475,452,1472
2026-09-30 03:23:45Z.282,27475,452,1408
2026-09-30 03:23:46Z.286,27500,452,1344
2026-09-30 03:23:47Z.295,27525,452,1344
2026-09-30 03:23:48Z.295,27550,452,1344
2026-09-30 03:23:49Z.314,27575,452,1344
2026-09-30 03:23:50Z.330,27600,452,1280
2026-09-30 03:23:51Z.332,27625,452,1280
2026-09-30 03:23:52Z.464,27650,452,1280
2026-09-30 03:23:53Z.728,27675,452,1344
2026-09-30 03:23:54Z.834,27700,452,1280
2026-09-30 03:23:55Z.857,27700,451,1280
2026-09-30 03:23:56Z.896,27750,451,1280
2026-09-30 03:23:57Z.902,27750,451,1280
2026-09-30 03:23:58Z.907,27800,452,1280
2026-09-30 03:23:59Z.916,27800,451,1216
2026-09-30 03:24:00Z.918,27825,451,1216
2026-09-30 03:24:01Z.925,27850,451,1216
2026-09-30 03:24:02Z.928,27875,452,1216
2026-09-30 03:24:03Z.981,27900,451,1152
2026-09-30 03:24:05Z.029,27900,451,1152
2026-09-30 03:24:06Z.084,27900,451,1152
2026-09-30 03:24:07Z.157,27950,451,1152
2026-09-30 03:24:08Z.320,27950,451,1152
2026-09-30 03:24:09Z.320,28000,451,1088
2026-09-30 03:24:10Z.524,28025,451,1088
2026-09-30 03:24:11Z.599,28050,451,1088
2026-09-30 03:24:12Z.994,28075,451,1088
2026-09-30 03:24:14Z.011,28075,451,1152
2026-09-30 03:24:15Z.039,28100,451,1152
2026-09-30 03:24:16Z.136,28125,451,1152
2026-09-30 03:24:17Z.143,28150,451,1152
2026-09-30 03:24:18Z.201,28150,451,1088
2026-09-30 03:24:19Z.209,28175,451,1088
2026-09-30 03:24:20Z.219,28200,450,1088
2026-09-30 03:24:21Z.221,28225,450,1088
2026-09-30 03:24:22Z.225,28225,451,1088
2026-09-30 03:24:23Z.226,28225,452,1088
2026-09-30 03:24:24Z.247,28275,451,1024
2026-09-30 03:24:25Z.261,28275,452,1024
2026-09-30 03:24:26Z.284,28300,451,1024
2026-09-30 03:24:27Z.294,28325,452,1088
2026-09-30 03:24:28Z.424,28325,452,1088
2026-09-30 03:24:29Z.597,28375,451,1024
2026-09-30 03:24:30Z.864,28400,452,1024
2026-09-30 03:24:31Z.869,28400,452,1024
2026-09-30 03:24:32Z.870,28425,451,1024
2026-09-30 03:24:33Z.889,28450,451,1024
2026-09-30 03:24:34Z.898,28450,451,1024
2026-09-30 03:24:35Z.900,28475,451,1024
2026-09-30 03:24:36Z.925,28500,451,1088
2026-09-30 03:24:37Z.926,28500,452,1088
2026-09-30 03:24:38Z.931,28525,451,1088
2026-09-30 03:24:39Z.937,28550,451,1088
2026-09-30 03:24:40Z.942,28575,451,1088
2026-09-30 03:24:41Z.947,28575,451,1088
2026-09-30 03:24:42Z.949,28600,452,1088
2026-09-30 03:24:43Z.958,28625,451,1088
2026-09-30 03:24:44Z.967,28625,451,1088
2026-09-30 03:24:45Z.973,28650,451,1088
2026-09-30 03:24:46Z.974,28675,451,1152
2026-09-30 03:24:47Z.978,28700,451,1152
2026-09-30 03:24:48Z.985,28700,451,1088
2026-09-30 03:24:49Z.990,28725,452,1088
2026-09-30 03:24:50Z.995,28725,452,1088
2026-09-30 03:24:51Z.996,28775,452,1088
2026-09-30 03:24:53Z.006,28775,452,1088
2026-09-30 03:24:54Z.009,28800,452,1024
2026-09-30 03:24:55Z.020,28800,452,1024
2026-09-30 03:24:56Z.027,28825,452,1024
2026-09-30 03:24:57Z.028,28850,452,1024
2026-09-30 03:24:58Z.034,28875,451,1024
2026-09-30 03:24:59Z.060,28875,452,1024
2026-09-30 03:25:00Z.104,28900,452,1024
2026-09-30 03:25:01Z.119,28925,452,1024
2026-09-30 03:25:02Z.138,28925,452,1088
2026-09-30 03:25:03Z.143,28950,452,1088
2026-09-30 03:25:04Z.145,28975,452,1088
2026-09-30 03:25:05Z.152,29000,452,1088
2026-09-30 03:25:06Z.179,29025,452,1088
2026-09-30 03:25:07Z.196,29025,452,1088
2026-09-30 03:25:08Z.230,29050,452,1088
2026-09-30 03:25:09Z.241,29050,452,1088
2026-09-30 03:25:10Z.308,29050,452,1088
2026-09-30 03:25:11Z.351,29050,452,1024
2026-09-30 03:25:12Z.461,29050,452,1088
2026-09-30 03:25:13Z.675,29150,452,1024
2026-09-30 03:25:14Z.888,29150,452,1088
2026-09-30 03:25:15Z.897,29175,451,1088
2026-09-30 03:25:16Z.949,29200,451,1088
2026-09-30 03:25:17Z.951,29225,452,1088
2026-09-30 03:25:18Z.956,29225,452,1088
2026-09-30 03:25:19Z.962,29250,451,1024
2026-09-30 03:25:20Z.983,29250,452,1024
2026-09-30 03:25:21Z.988,29300,452,1024
2026-09-30 03:25:22Z.993,29300,452,1024
2026-09-30 03:25:23Z.998,29325,452,1024
2026-09-30 03:25:25Z.004,29325,450,1024
2026-09-30 03:25:26Z.009,29350,450,1088
2026-09-30 03:25:27Z.024,29375,451,1088
2026-09-30 03:25:28Z.038,29375,450,1088
2026-09-30 03:25:29Z.043,29400,450,1088
2026-09-30 03:25:30Z.045,29425,450,1024
2026-09-30 03:25:31Z.046,29425,450,960
2026-09-30 03:25:32Z.064,29425,450,960
2026-09-30 03:25:33Z.085,29475,450,960
2026-09-30 03:25:34Z.088,29500,450,832
2026-09-30 03:25:35Z.089,29500,450,832
2026-09-30 03:25:36Z.097,29525,450,832
2026-09-30 03:25:37Z.101,29525,450,768
2026-09-30 03:25:38Z.103,29550,450,768
2026-09-30 03:25:39Z.110,29550,450,704
2026-09-30 03:25:40Z.114,29575,450,704
2026-09-30 03:25:41Z.114,29575,450,640
2026-09-30 03:25:42Z.122,29600,450,640
2026-09-30 03:25:43Z.148,29600,450,576
2026-09-30 03:25:44Z.189,29625,450,576
2026-09-30 03:25:45Z.309,29625,450,512
2026-09-30 03:25:46Z.521,29625,450,512
2026-09-30 03:25:47Z.548,29650,450,512
2026-09-30 03:25:48Z.661,29650,450,512
2026-09-30 03:25:49Z.746,29675,452,576
2026-09-30 03:25:50Z.849,29675,451,576
2026-09-30 03:25:51Z.881,29675,450,640
2026-09-30 03:25:52Z.886,29700,451,704
2026-09-30 03:25:53Z.891,29700,452,704
2026-09-30 03:25:54Z.897,29700,452,768
2026-09-30 03:25:55Z.902,29725,452,768
2026-09-30 03:25:56Z.907,29750,452,768
2026-09-30 03:25:57Z.913,29750,451,768
2026-09-30 03:25:58Z.918,29775,452,768
2026-09-30 03:25:59Z.923,29775,452,768
2026-09-30 03:26:00Z.926,29800,452,768
2026-09-30 03:26:01Z.934,29800,452,704
2026-09-30 03:26:02Z.939,29825,452,704
2026-09-30 03:26:03Z.944,29825,453,704
2026-09-30 03:26:04Z.954,29850,453,768
2026-09-30 03:26:05Z.955,29850,453,768
2026-09-30 03:26:06Z.961,29875,453,768
2026-09-30 03:26:07Z.966,29875,452,832
2026-09-30 03:26:08Z.971,29900,453,832
2026-09-30 03:26:09Z.977,29900,452,832
2026-09-30 03:26:10Z.991,29925,454,832
2026-09-30 03:26:11Z.991,29925,453,832
2026-09-30 03:26:12Z.993,29950,453,832
2026-09-30 03:26:13Z.998,29975,453,768
2026-09-30 03:26:15Z.004,29975,453,768
2026-09-30 03:26:16Z.009,30000,453,768
2026-09-30 03:26:17Z.026,30000,453,768
2026-09-30 03:26:18Z.030,30025,453,768
2026-09-30 03:26:19Z.032,30025,454,768
2026-09-30 03:26:20Z.038,30050,453,768
2026-09-30 03:26:21Z.041,30050,454,768
2026-09-30 03:26:22Z.047,30075,454,832
2026-09-30 03:26:23Z.056,30075,453,832
2026-09-30 03:26:24Z.059,30100,453,832
2026-09-30 03:26:25Z.062,30100,454,832
2026-09-30 03:26:26Z.075,30125,453,896
2026-09-30 03:26:27Z.076,30125,453,896
2026-09-30 03:26:28Z.078,30150,454,896
2026-09-30 03:26:29Z.089,30150,454,896
2026-09-30 03:26:30Z.241,30200,454,896
2026-09-30 03:26:31Z.261,30200,454,896
2026-09-30 03:26:32Z.326,30200,454,896
2026-09-30 03:26:33Z.486,30250,454,960
2026-09-30 03:26:34Z.576,30250,454,960
2026-09-30 03:26:35Z.864,30275,454,1024
2026-09-30 03:26:36Z.869,30300,454,1024
2026-09-30 03:26:37Z.870,30300,454,1088
2026-09-30 03:26:38Z.880,30325,454,1088
2026-09-30 03:26:39Z.885,30350,454,1088
2026-09-30 03:26:40Z.886,30350,454,1088
2026-09-30 03:26:41Z.896,30375,453,1024
2026-09-30 03:26:42Z.901,30400,453,1024
2026-09-30 03:26:43Z.907,30400,453,1024
2026-09-30 03:26:44Z.916,30425,454,1024
2026-09-30 03:26:45Z.917,30450,453,1088
2026-09-30 03:26:46Z.923,30475,453,1152
2026-09-30 03:26:47Z.928,30475,453,1216
2026-09-30 03:26:48Z.933,30500,453,1216
2026-09-30 03:26:49Z.938,30525,453,1216
2026-09-30 03:26:50Z.948,30550,454,1216
2026-09-30 03:26:51Z.949,30550,454,1216
2026-09-30 03:26:52Z.955,30575,454,1216
2026-09-30 03:26:53Z.960,30600,452,1216
2026-09-30 03:26:54Z.966,30625,454,1216
2026-09-30 03:26:55Z.971,30650,452,1216
2026-09-30 03:26:56Z.976,30675,452,1216
2026-09-30 03:26:57Z.981,30700,452,1216
2026-09-30 03:26:58Z.991,30700,452,1216
2026-09-30 03:26:59Z.991,30725,452,1280
2026-09-30 03:27:00Z.997,30750,452,1280
2026-09-30 03:27:02Z.051,30775,452,1280
2026-09-30 03:27:03Z.062,30800,451,1280
2026-09-30 03:27:04Z.064,30825,451,1280
2026-09-30 03:27:05Z.079,30825,451,1280
2026-09-30 03:27:06Z.082,30850,452,1280
2026-09-30 03:27:07Z.084,30875,452,1216
2026-09-30 03:27:08Z.086,30875,452,1216
2026-09-30 03:27:09Z.087,30925,450,1280
2026-09-30 03:27:10Z.115,30925,450,1344
2026-09-30 03:27:11Z.374,30950,450,1344
2026-09-30 03:27:12Z.378,30975,450,1408
2026-09-30 03:27:13Z.411,31025,450,1408
2026-09-30 03:27:14Z.449,31025,450,1408
2026-09-30 03:27:15Z.474,31050,450,1408
2026-09-30 03:27:16Z.536,31100,450,1472
2026-09-30 03:27:17Z.551,31100,450,1472
2026-09-30 03:27:18Z.676,31150,448,1472
2026-09-30 03:27:19Z.695,31150,448,1472
2026-09-30 03:27:20Z.736,31150,448,1536
2026-09-30 03:27:21Z.812,31225,448,1536
2026-09-30 03:27:22Z.817,31250,448,1536
2026-09-30 03:27:23Z.884,31275,447,1600
2026-09-30 03:27:24Z.889,31300,447,1600
2026-09-30 03:27:25Z.908,31325,446,1600
2026-09-30 03:27:26Z.912,31350,446,1664
2026-09-30 03:27:27Z.916,31375,446,1664
2026-09-30 03:27:28Z.918,31400,446,1664
2026-09-30 03:27:29Z.918,31425,446,1728
2026-09-30 03:27:30Z.925,31450,445,1728
2026-09-30 03:27:31Z.933,31500,445,1728
2026-09-30 03:27:32Z.933,31525,444,1728
2026-09-30 03:27:33Z.941,31550,444,1728
2026-09-30 03:27:34Z.947,31575,444,1728
2026-09-30 03:27:35Z.948,31600,443,1728
2026-09-30 03:27:36Z.957,31650,444,1664
2026-09-30 03:27:37Z.963,31675,442,1600
2026-09-30 03:27:38Z.964,31700,442,1600
2026-09-30 03:27:39Z.969,31725,442,1536
2026-09-30 03:27:40Z.979,31750,441,1536
2026-09-30 03:27:41Z.984,31775,441,1472
2026-09-30 03:27:42Z.985,31800,441,1472
2026-09-30 03:27:43Z.991,31825,441,1472
2026-09-30 03:27:44Z.996,31850,441,1472
2026-09-30 03:27:45Z.999,31875,441,1408
2026-09-30 03:27:47Z.004,31900,441,1344
2026-09-30 03:27:48Z.004,31900,441,1280
2026-09-30 03:27:49Z.022,31950,440,1088
2026-09-30 03:27:50Z.028,31950,440,1024
2026-09-30 03:27:51Z.078,31975,440,704
2026-09-30 03:27:52Z.090,31975,440,576
2026-09-30 03:27:53Z.095,31975,440,512
2026-09-30 03:27:54Z.098,32000,440,320
2026-09-30 03:27:55Z.104,32000,440,256
2026-09-30 03:27:56Z.134,32000,440,128
2026-09-30 03:27:57Z.134,32000,440,64
2026-09-30 03:27:58Z.135,32000,440,0
2026-09-30 03:27:59Z.137,32000,438,-64
2026-09-30 03:28:00Z.333,32000,438,-64
2026-09-30 03:28:01Z.442,32000,438,-64
2026-09-30 03:28:02Z.442,32000,438,-64
2026-09-30 03:28:03Z.545,32000,437,-64
2026-09-30 03:28:04Z.575,32000,437,-64
2026-09-30 03:28:05Z.713,32000,438,-64
2026-09-30 03:28:06Z.716,32000,438,-64
2026-09-30 03:28:07Z.729,32000,437,-64
2026-09-30 03:28:08Z.829,32025,438,-64
2026-09-30 03:28:09Z.830,32025,438,-64
2026-09-30 03:28:10Z.830,32025,437,-64
2026-09-30 03:28:11Z.834,32025,438,-64
2026-09-30 03:28:12Z.838,32025,438,-64
2026-09-30 03:28:13Z.840,32025,437,-64
2026-09-30 03:28:14Z.840,32025,438,-64
2026-09-30 03:28:15Z.843,32025,438,-64
2026-09-30 03:28:16Z.843,32000,438,-64
2026-09-30 03:28:17Z.847,32000,438,-64
2026-09-30 03:28:18Z.848,32000,437,-64
2026-09-30 03:28:19Z.849,32000,438,-64
2026-09-30 03:28:20Z.867,32000,437,-64
2026-09-30 03:28:21Z.876,32000,438,-64
2026-09-30 03:28:22Z.889,32000,438,-64
2026-09-30 03:28:23Z.906,32000,437,-64
2026-09-30 03:28:24Z.911,32000,437,-64
2026-09-30 03:28:25Z.916,32000,437,-64
2026-09-30 03:28:26Z.922,32000,437,-64
2026-09-30 03:28:27Z.922,32000,437,0
2026-09-30 03:28:28Z.932,32000,437,0
2026-09-30 03:28:29Z.937,32000,438,0
2026-09-30 03:28:30Z.943,32000,437,0
2026-09-30 03:28:31Z.948,32000,438,0
2026-09-30 03:28:32Z.954,32000,437,0
2026-09-30 03:28:33Z.954,32000,437,0
2026-09-30 03:28:34Z.962,32000,438,0
2026-09-30 03:28:35Z.974,32000,438,0
2026-09-30 03:28:36Z.975,32000,437,0
2026-09-30 03:28:37Z.980,32000,438,0
2026-09-30 03:28:38Z.985,32000,437,0
2026-09-30 03:28:39Z.991,32000,438,0
2026-09-30 03:28:40Z.996,32000,437,0
2026-09-30 03:28:41Z.997,32000,438,0
2026-09-30 03:28:43Z.007,32000,438,64
2026-09-30 03:28:44Z.024,32000,438,64
2026-09-30 03:28:45Z.104,32000,437,64
2026-09-30 03:28:46Z.112,32000,437,0
2026-09-30 03:28:47Z.113,32000,437,0
2026-09-30 03:28:48Z.115,32000,437,0
2026-09-30 03:28:49Z.117,32000,437,0
2026-09-30 03:28:50Z.128,32000,438,0
2026-09-30 03:28:51Z.298,32000,438,0
2026-09-30 03:28:52Z.377,32000,437,0
2026-09-30 03:28:53Z.482,32000,438,0
2026-09-30 03:28:54Z.511,32000,437,0
2026-09-30 03:28:55Z.573,32000,438,0
2026-09-30 03:28:56Z.582,32000,437,0
2026-09-30 03:28:57Z.585,32000,437,0
2026-09-30 03:28:58Z.733,32000,437,64
2026-09-30 03:28:59Z.737,32000,438,64
2026-09-30 03:29:00Z.742,32000,438,64
2026-09-30 03:29:01Z.746,32000,437,64
2026-09-30 03:29:02Z.746,32000,437,64
2026-09-30 03:29:03Z.752,32000,438,0
2026-09-30 03:29:04Z.758,32000,437,0
2026-09-30 03:29:05Z.783,32000,438,0
2026-09-30 03:29:06Z.845,32000,437,0
2026-09-30 03:29:07Z.850,32000,438,0
2026-09-30 03:29:08Z.867,32000,438,0
2026-09-30 03:29:09Z.868,32000,438,0
2026-09-30 03:29:10Z.873,32000,438,0
2026-09-30 03:29:11Z.879,32000,438,0
2026-09-30 03:29:12Z.884,32000,438,0
2026-09-30 03:29:13Z.889,32000,438,0
2026-09-30 03:29:14Z.910,32000,438,0
2026-09-30 03:29:15Z.916,32000,437,0
2026-09-30 03:29:16Z.919,32000,438,0
2026-09-30 03:29:17Z.924,32000,438,0
2026-09-30 03:29:18Z.931,32000,438,0
2026-09-30 03:29:19Z.931,32000,438,0
2026-09-30 03:29:20Z.932,32000,438,0
2026-09-30 03:29:21Z.936,32000,437,64
2026-09-30 03:29:22Z.937,32000,438,64
2026-09-30 03:29:23Z.958,32000,438,64
2026-09-30 03:29:24Z.964,32000,438,64
2026-09-30 03:29:25Z.969,32000,438,64
2026-09-30 03:29:26Z.974,32000,438,64
2026-09-30 03:29:27Z.980,32000,437,64
2026-09-30 03:29:28Z.985,32000,437,0
2026-09-30 03:29:29Z.990,32000,438,0
2026-09-30 03:29:30Z.996,32000,438,0
2026-09-30 03:29:32Z.000,32000,437,0
2026-09-30 03:29:33Z.006,32000,437,0
2026-09-30 03:29:34Z.033,32000,438,0
2026-09-30 03:29:35Z.118,32000,437,0
2026-09-30 03:29:36Z.126,32000,437,0
2026-09-30 03:29:37Z.130,32000,438,0
2026-09-30 03:29:38Z.133,32000,438,0
2026-09-30 03:29:39Z.133,32000,438,0
2026-09-30 03:29:40Z.136,32000,438,0
2026-09-30 03:29:41Z.137,32000,438,0
2026-09-30 03:29:42Z.138,32000,438,0
2026-09-30 03:29:43Z.140,32000,438,0
2026-09-30 03:29:44Z.167,32000,438,0
2026-09-30 03:29:45Z.174,32000,438,64
2026-09-30 03:29:46Z.176,32000,438,0
2026-09-30 03:29:47Z.184,32000,438,0
2026-09-30 03:29:48Z.188,32000,437,0
2026-09-30 03:29:49Z.243,32000,438,0
2026-09-30 03:29:50Z.338,32000,438,0
2026-09-30 03:29:51Z.340,32000,437,0
2026-09-30 03:29:52Z.343,32000,437,0
2026-09-30 03:29:53Z.345,32000,437,0
2026-09-30 03:29:54Z.371,32000,438,0
2026-09-30 03:29:55Z.380,32000,438,0
2026-09-30 03:29:56Z.523,32000,437,0
2026-09-30 03:29:57Z.589,32000,437,0
2026-09-30 03:29:58Z.616,32000,437,0
2026-09-30 03:29:59Z.630,32000,438,0
2026-09-30 03:30:00Z.633,32000,437,0
2026-09-30 03:30:01Z.637,32000,438,0
2026-09-30 03:30:02Z.639,32000,437,0
2026-09-30 03:30:03Z.639,32000,437,0
2026-09-30 03:30:04Z.791,32000,438,0
2026-09-30 03:30:05Z.799,32000,437,0
2026-09-30 03:30:06Z.803,32000,438,0
2026-09-30 03:30:07Z.803,32000,437,0
2026-09-30 03:30:08Z.815,32000,438,0
2026-09-30 03:30:09Z.820,32000,437,0
2026-09-30 03:30:10Z.844,32000,437,0
2026-09-30 03:30:11Z.864,32000,438,0
2026-09-30 03:30:12Z.874,32000,438,0
2026-09-30 03:30:13Z.883,32000,438,0
2026-09-30 03:30:14Z.889,32000,437,0
2026-09-30 03:30:15Z.890,32000,437,64
2026-09-30 03:30:16Z.899,32000,437,0
2026-09-30 03:30:17Z.904,32000,438,0
2026-09-30 03:30:18Z.906,32000,437,0
2026-09-30 03:30:19Z.912,32000,437,0
2026-09-30 03:30:20Z.915,32000,437,0
2026-09-30 03:30:21Z.916,32000,438,0
2026-09-30 03:30:22Z.924,32000,437,0
2026-09-30 03:30:23Z.937,32000,437,0
2026-09-30 03:30:24Z.938,32000,438,0
2026-09-30 03:30:25Z.943,32000,438,0
2026-09-30 03:30:26Z.949,32000,438,0
2026-09-30 03:30:27Z.954,32000,437,0
2026-09-30 03:30:28Z.959,32000,438,0
2026-09-30 03:30:29Z.965,32000,437,0
2026-09-30 03:30:30Z.970,32000,437,0
2026-09-30 03:30:31Z.976,32000,437,0
2026-09-30 03:30:32Z.981,32000,437,0
2026-09-30 03:30:33Z.986,32000,438,0
2026-09-30 03:30:34Z.995,32000,438,0
2026-09-30 03:30:35Z.997,32000,437,0
2026-09-30 03:30:37Z.002,32000,437,0
2026-09-30 03:30:38Z.004,32000,438,0
2026-09-30 03:30:39Z.033,32000,437,0
2026-09-30 03:30:40Z.064,32000,438,0
2026-09-30 03:30:41Z.070,32000,437,0
2026-09-30 03:30:42Z.097,32000,438,0
2026-09-30 03:30:43Z.137,32000,437,0
2026-09-30 03:30:44Z.148,32000,438,0
2026-09-30 03:30:45Z.150,32000,438,0
2026-09-30 03:30:46Z.153,32000,438,0
2026-09-30 03:30:47Z.154,32000,437,0
2026-09-30 03:30:48Z.160,32000,438,0
2026-09-30 03:30:49Z.163,32000,438,0
2026-09-30 03:30:50Z.165,32000,438,0
2026-09-30 03:30:51Z.182,32000,438,0
2026-09-30 03:30:52Z.189,32000,437,0
2026-09-30 03:30:53Z.346,32000,437,0
2026-09-30 03:30:54Z.352,32000,438,0
2026-09-30 03:30:55Z.354,32000,437,0
2026-09-30 03:30:56Z.362,32000,437,0
2026-09-30 03:30:57Z.366,32000,437,0
2026-09-30 03:30:58Z.373,32000,438,0
2026-09-30 03:30:59Z.375,32000,437,0
2026-09-30 03:31:00Z.379,32000,438,0
2026-09-30 03:31:01Z.379,32000,438,0
2026-09-30 03:31:02Z.383,32000,438,0
2026-09-30 03:31:03Z.388,32000,438,0
2026-09-30 03:31:04Z.466,32000,438,0
2026-09-30 03:31:05Z.466,32000,438,0
2026-09-30 03:31:06Z.472,32000,438,0
2026-09-30 03:31:07Z.472,32000,438,0
2026-09-30 03:31:08Z.472,32000,438,0
2026-09-30 03:31:09Z.478,32000,438,0
2026-09-30 03:31:10Z.487,32000,438,0
2026-09-30 03:31:11Z.719,32000,438,0
2026-09-30 03:31:12Z.774,32000,438,0
2026-09-30 03:31:13Z.859,32000,438,0
2026-09-30 03:31:14Z.870,32000,438,0
2026-09-30 03:31:15Z.879,32000,438,0
2026-09-30 03:31:16Z.885,32000,438,0
2026-09-30 03:31:17Z.895,32000,438,0
2026-09-30 03:31:18Z.896,32000,438,0
2026-09-30 03:31:19Z.897,32000,438,0
2026-09-30 03:31:20Z.907,32000,438,0
2026-09-30 03:31:21Z.910,32000,438,0
2026-09-30 03:31:22Z.915,32000,438,0
2026-09-30 03:31:23Z.919,32000,438,0
2026-09-30 03:31:24Z.928,32000,438,0
2026-09-30 03:31:25Z.933,32000,438,0
2026-09-30 03:31:26Z.939,32000,438,0
2026-09-30 03:31:27Z.944,32000,438,0
2026-09-30 03:31:28Z.949,32000,438,0
2026-09-30 03:31:29Z.955,32000,438,0
2026-09-30 03:31:30Z.960,32000,438,0
2026-09-30 03:31:31Z.965,32000,438,0
2026-09-30 03:31:32Z.971,32000,438,0
2026-09-30 03:31:33Z.976,32000,438,0
2026-09-30 03:31:34Z.981,32000,438,0
2026-09-30 03:31:35Z.987,32000,438,0
2026-09-30 03:31:36Z.996,32000,438,0
2026-09-30 03:31:37Z.997,32000,438,0
2026-09-30 03:31:39Z.010,32000,438,0
2026-09-30 03:31:40Z.095,32000,438,0
2026-09-30 03:31:41Z.165,32000,439,0
2026-09-30 03:31:42Z.166,32000,438,0
2026-09-30 03:31:43Z.169,32000,440,0
2026-09-30 03:31:44Z.182,32000,440,0
2026-09-30 03:31:45Z.185,32000,438,0
2026-09-30 03:31:46Z.189,32000,439,0
2026-09-30 03:31:47Z.195,32000,439,0
2026-09-30 03:31:48Z.207,32000,440,0
2026-09-30 03:31:49Z.217,32000,439,0
2026-09-30 03:31:50Z.350,32000,438,0
2026-09-30 03:31:51Z.361,32000,439,0
2026-09-30 03:31:52Z.362,32000,440,0
2026-09-30 03:31:53Z.362,32000,440,0
2026-09-30 03:31:54Z.366,32000,440,0
2026-09-30 03:31:55Z.368,32000,439,0
2026-09-30 03:31:56Z.369,32000,439,0
2026-09-30 03:31:57Z.375,32000,439,0
2026-09-30 03:31:58Z.375,32000,440,0
2026-09-30 03:31:59Z.376,32000,439,0
2026-09-30 03:32:00Z.376,32000,440,0
2026-09-30 03:32:01Z.378,32000,439,0
2026-09-30 03:32:02Z.384,32000,440,0
2026-09-30 03:32:03Z.393,32000,439,0
2026-09-30 03:32:04Z.416,32000,439,0
2026-09-30 03:32:05Z.535,32000,439,0
2026-09-30 03:32:06Z.589,32000,439,0
2026-09-30 03:32:07Z.589,32000,440,0
2026-09-30 03:32:08Z.594,32000,439,0
2026-09-30 03:32:09Z.602,32000,440,0
2026-09-30 03:32:10Z.602,32000,439,0
2026-09-30 03:32:11Z.610,32000,439,0
2026-09-30 03:32:12Z.614,32000,439,0
2026-09-30 03:32:13Z.615,32000,440,0
2026-09-30 03:32:14Z.615,32000,440,0
2026-09-30 03:32:15Z.619,32000,439,0
2026-09-30 03:32:16Z.639,32000,439,0
2026-09-30 03:32:17Z.643,32000,439,0
2026-09-30 03:32:18Z.690,32000,440,0
2026-09-30 03:32:19Z.710,32000,439,0
2026-09-30 03:32:20Z.716,32000,440,0
2026-09-30 03:32:21Z.779,32000,439,0
2026-09-30 03:32:22Z.800,32000,439,0
2026-09-30 03:32:23Z.866,32000,439,0
2026-09-30 03:32:24Z.871,32000,439,0
2026-09-30 03:32:25Z.876,32000,440,0
2026-09-30 03:32:26Z.882,32000,439,0
2026-09-30 03:32:27Z.891,32000,439,0
2026-09-30 03:32:28Z.892,32000,439,0
2026-09-30 03:32:29Z.898,32000,439,0
2026-09-30 03:32:30Z.903,32000,439,0
2026-09-30 03:32:31Z.906,32000,440,0
2026-09-30 03:32:32Z.907,32000,439,0
2026-09-30 03:32:33Z.909,32000,440,0
2026-09-30 03:32:34Z.912,32000,439,0
2026-09-30 03:32:35Z.914,32000,439,0
2026-09-30 03:32:36Z.919,32000,439,0
2026-09-30 03:32:37Z.928,32000,440,0
2026-09-30 03:32:38Z.930,32000,440,0
2026-09-30 03:32:39Z.938,32000,440,0
2026-09-30 03:32:40Z.940,32000,440,0
2026-09-30 03:32:41Z.946,32000,440,0
2026-09-30 03:32:42Z.951,32000,440,0
2026-09-30 03:32:43Z.960,32000,440,0
2026-09-30 03:32:44Z.962,32000,440,0
2026-09-30 03:32:45Z.967,32000,440,0
2026-09-30 03:32:46Z.972,32000,440,0
2026-09-30 03:32:47Z.982,32000,440,0
2026-09-30 03:32:48Z.987,32000,440,0
2026-09-30 03:32:50Z.010,32000,440,0
2026-09-30 03:32:51Z.054,32000,440,0
2026-09-30 03:32:52Z.071,32000,440,0
2026-09-30 03:32:53Z.179,32000,440,0
2026-09-30 03:32:54Z.184,32000,440,0
2026-09-30 03:32:55Z.187,32000,440,0
2026-09-30 03:32:56Z.197,32000,440,0
2026-09-30 03:32:57Z.207,32000,440,0
2026-09-30 03:32:58Z.218,32000,440,0
2026-09-30 03:32:59Z.229,32000,440,0
2026-09-30 03:33:00Z.243,32000,440,0
2026-09-30 03:33:01Z.246,32000,440,0
2026-09-30 03:33:02Z.251,32000,440,0
2026-09-30 03:33:03Z.256,32000,440,0
2026-09-30 03:33:04Z.264,32000,440,0
2026-09-30 03:33:05Z.280,32000,440,0
2026-09-30 03:33:06Z.376,32000,440,0
2026-09-30 03:33:07Z.379,32000,440,0
2026-09-30 03:33:08Z.381,32000,440,0
2026-09-30 03:33:09Z.381,32000,440,0
2026-09-30 03:33:10Z.381,32000,440,-64
2026-09-30 03:33:11Z.382,32000,440,-64
2026-09-30 03:33:12Z.382,32000,440,-64
2026-09-30 03:33:13Z.382,32000,440,-64
2026-09-30 03:33:14Z.382,32000,440,-64
2026-09-30 03:33:15Z.391,32000,440,0
2026-09-30 03:33:16Z.413,32000,440,0
2026-09-30 03:33:17Z.417,32000,440,0
2026-09-30 03:33:18Z.479,32000,440,0
2026-09-30 03:33:19Z.489,32000,440,0
2026-09-30 03:33:20Z.508,32000,440,0
2026-09-30 03:33:21Z.606,32000,440,0
2026-09-30 03:33:22Z.607,32000,440,0
2026-09-30 03:33:23Z.638,32000,440,0
2026-09-30 03:33:24Z.638,32000,440,0
2026-09-30 03:33:25Z.736,32000,440,0
2026-09-30 03:33:26Z.852,32000,440,0
2026-09-30 03:33:27Z.861,32000,440,0
2026-09-30 03:33:28Z.871,32000,440,0
2026-09-30 03:33:29Z.876,32000,440,0
2026-09-30 03:33:30Z.881,32000,440,0
2026-09-30 03:33:31Z.883,32000,440,0
2026-09-30 03:33:32Z.888,32000,440,0
2026-09-30 03:33:33Z.893,32000,440,0
2026-09-30 03:33:34Z.896,32000,440,0
2026-09-30 03:33:35Z.902,32000,440,0
2026-09-30 03:33:36Z.903,32000,440,0
2026-09-30 03:33:37Z.904,32000,440,0
2026-09-30 03:33:38Z.906,32000,440,0
2026-09-30 03:33:39Z.907,32000,440,0
2026-09-30 03:33:40Z.915,32000,440,0
2026-09-30 03:33:41Z.924,32000,440,0
2026-09-30 03:33:42Z.925,32000,440,0
2026-09-30 03:33:43Z.931,32000,440,0
2026-09-30 03:33:44Z.936,32000,440,0
2026-09-30 03:33:45Z.941,32000,440,0
2026-09-30 03:33:46Z.947,32000,440,0
2026-09-30 03:33:47Z.952,32000,440,0
2026-09-30 03:33:48Z.958,32000,440,0
2026-09-30 03:33:49Z.963,32000,440,0
2026-09-30 03:33:50Z.972,32000,440,0
2026-09-30 03:33:51Z.973,32000,440,0
2026-09-30 03:33:52Z.983,32000,440,0
2026-09-30 03:33:53Z.984,32000,440,0
2026-09-30 03:33:54Z.989,32000,440,0
2026-09-30 03:33:56Z.121,32000,440,0
2026-09-30 03:33:57Z.124,32000,440,0
2026-09-30 03:33:58Z.134,32000,440,0
2026-09-30 03:33:59Z.135,32000,440,0
2026-09-30 03:34:00Z.136,32000,440,0
2026-09-30 03:34:01Z.136,32000,440,0
2026-09-30 03:34:02Z.136,32000,440,0
2026-09-30 03:34:03Z.136,32000,440,0
2026-09-30 03:34:04Z.139,32000,440,0
2026-09-30 03:34:05Z.139,32000,440,0
2026-09-30 03:34:06Z.144,32000,440,0
2026-09-30 03:34:07Z.206,32000,440,0
2026-09-30 03:34:08Z.214,32000,440,0
2026-09-30 03:34:09Z.229,32000,440,0
2026-09-30 03:34:10Z.236,32000,440,0
2026-09-30 03:34:11Z.306,32000,440,0
2026-09-30 03:34:12Z.435,32000,440,0
2026-09-30 03:34:13Z.444,32000,440,0
2026-09-30 03:34:14Z.502,32000,440,0
2026-09-30 03:34:15Z.567,32000,439,0
2026-09-30 03:34:16Z.582,32000,440,0
2026-09-30 03:34:17Z.649,32000,440,0
2026-09-30 03:34:18Z.850,32000,440,0
2026-09-30 03:34:19Z.856,32000,440,0
2026-09-30 03:34:20Z.861,32000,440,0
2026-09-30 03:34:21Z.870,32000,440,0
2026-09-30 03:34:22Z.872,32000,440,0
2026-09-30 03:34:23Z.905,32000,440,0
2026-09-30 03:34:24Z.914,32000,440,0
2026-09-30 03:34:25Z.919,32000,440,0
2026-09-30 03:34:26Z.924,32000,440,0
2026-09-30 03:34:27Z.930,32000,440,0
2026-09-30 03:34:28Z.964,32000,440,0
2026-09-30 03:34:29Z.972,32000,440,0
2026-09-30 03:34:31Z.053,32000,440,0
2026-09-30 03:34:32Z.057,32000,440,0
2026-09-30 03:34:33Z.057,32000,440,0
2026-09-30 03:34:34Z.057,32000,440,0
2026-09-30 03:34:35Z.059,32000,440,0
2026-09-30 03:34:36Z.059,32000,440,0
2026-09-30 03:34:37Z.060,32000,440,0
2026-09-30 03:34:38Z.062,32000,440,0
2026-09-30 03:34:39Z.067,32000,440,0
2026-09-30 03:34:40Z.075,32000,440,0
2026-09-30 03:34:41Z.075,32000,440,0
2026-09-30 03:34:42Z.075,32000,440,0
2026-09-30 03:34:43Z.181,32000,440,0
2026-09-30 03:34:44Z.189,32000,440,0
2026-09-30 03:34:45Z.190,32000,440,0
2026-09-30 03:34:46Z.205,32000,440,0
2026-09-30 03:34:47Z.217,32000,440,0
2026-09-30 03:34:48Z.217,32000,440,0
2026-09-30 03:34:49Z.220,32000,440,0
2026-09-30 03:34:50Z.223,32000,440,0
2026-09-30 03:34:51Z.234,32000,440,0
2026-09-30 03:34:52Z.240,32000,440,-64
2026-09-30 03:34:53Z.254,32000,440,-64
2026-09-30 03:34:54Z.262,32000,440,0
2026-09-30 03:34:55Z.263,32000,440,0
2026-09-30 03:34:56Z.268,32000,440,0
2026-09-30 03:34:57Z.295,32000,440,0
2026-09-30 03:34:58Z.327,32000,440,0
2026-09-30 03:34:59Z.363,32000,440,0
2026-09-30 03:35:00Z.398,32000,440,0
2026-09-30 03:35:01Z.403,32000,440,0
2026-09-30 03:35:01Z.547,32000,440,0
2026-09-30 03:35:02Z.411,32000,440,0
2026-09-30 03:35:03Z.413,32000,440,0
2026-09-30 03:35:04Z.413,32000,440,0
2026-09-30 03:35:05Z.413,32000,440,0
2026-09-30 03:35:06Z.417,32000,440,0
2026-09-30 03:35:07Z.418,32000,440,0
2026-09-30 03:35:08Z.418,32000,440,0
2026-09-30 03:35:09Z.423,32000,440,0
2026-09-30 03:35:10Z.427,32000,440,0
2026-09-30 03:35:11Z.445,32000,440,0
2026-09-30 03:35:12Z.449,32000,440,0
2026-09-30 03:35:13Z.453,32000,440,0
2026-09-30 03:35:14Z.470,32000,440,0
2026-09-30 03:35:15Z.498,32000,440,0
2026-09-30 03:35:16Z.498,32000,440,0
2026-09-30 03:35:17Z.581,32000,440,0
2026-09-30 03:35:18Z.583,32000,440,0
2026-09-30 03:35:19Z.638,32000,440,0
2026-09-30 03:35:20Z.699,32000,440,0
2026-09-30 03:35:21Z.783,32000,440,0
2026-09-30 03:35:22Z.850,32000,440,0
2026-09-30 03:35:23Z.851,32000,440,0
2026-09-30 03:35:24Z.857,32000,440,64
2026-09-30 03:35:25Z.862,32000,440,64
2026-09-30 03:35:26Z.883,32000,440,64
2026-09-30 03:35:27Z.887,32000,440,64
2026-09-30 03:35:28Z.888,32000,440,64
2026-09-30 03:35:29Z.889,32000,440,64
2026-09-30 03:35:30Z.893,32000,440,0
2026-09-30 03:35:31Z.894,32000,440,0
2026-09-30 03:35:32Z.899,32000,440,0
2026-09-30 03:35:33Z.909,32000,440,0
2026-09-30 03:35:34Z.913,32000,440,0
2026-09-30 03:35:35Z.914,32000,440,0
2026-09-30 03:35:36Z.918,32000,440,-64
2026-09-30 03:35:37Z.918,32000,440,-64
2026-09-30 03:35:38Z.919,32000,440,-64
2026-09-30 03:35:39Z.920,32000,440,-64
2026-09-30 03:35:40Z.926,32000,440,0
2026-09-30 03:35:41Z.927,32000,440,0
2026-09-30 03:35:42Z.927,32000,440,0
2026-09-30 03:35:43Z.930,32000,440,0
2026-09-30 03:35:44Z.938,32000,440,0
2026-09-30 03:35:45Z.941,32000,440,0
2026-09-30 03:35:46Z.943,32000,440,0
2026-09-30 03:35:47Z.948,32000,440,0
2026-09-30 03:35:48Z.953,32000,440,64
2026-09-30 03:35:49Z.958,32000,440,64
2026-09-30 03:35:50Z.964,32000,440,64
2026-09-30 03:35:52Z.197,32000,440,0
2026-09-30 03:35:53Z.201,32000,440,0
2026-09-30 03:35:54Z.231,32000,440,0
2026-09-30 03:35:55Z.233,32000,440,0
2026-09-30 03:35:56Z.253,32000,440,0
2026-09-30 03:35:57Z.264,32000,440,0
2026-09-30 03:35:58Z.271,32000,440,0
2026-09-30 03:35:59Z.315,32000,440,0
2026-09-30 03:36:00Z.360,32000,440,0
2026-09-30 03:36:01Z.373,32000,440,0
2026-09-30 03:36:02Z.423,32000,440,0
2026-09-30 03:36:03Z.433,32000,440,0
2026-09-30 03:36:04Z.433,32000,440,0
2026-09-30 03:36:05Z.434,32000,440,0
2026-09-30 03:36:06Z.434,32000,440,0
2026-09-30 03:36:07Z.434,32000,440,0
2026-09-30 03:36:08Z.435,32000,440,0
2026-09-30 03:36:09Z.437,32000,440,0
2026-09-30 03:36:10Z.439,32000,440,0
2026-09-30 03:36:11Z.439,32000,440,0
2026-09-30 03:36:12Z.447,32000,440,0
2026-09-30 03:36:13Z.448,32000,440,0
2026-09-30 03:36:14Z.474,32000,440,0
2026-09-30 03:36:15Z.508,32000,440,0
2026-09-30 03:36:16Z.552,32000,440,0
2026-09-30 03:36:17Z.557,32000,440,0
2026-09-30 03:36:18Z.572,32000,440,0
2026-09-30 03:36:19Z.608,32000,440,-64
2026-09-30 03:36:20Z.711,32000,440,0
2026-09-30 03:36:21Z.774,32000,440,0
2026-09-30 03:36:22Z.781,32000,440,0
2026-09-30 03:36:23Z.782,32000,440,0
2026-09-30 03:36:24Z.795,32000,440,0
2026-09-30 03:36:25Z.795,32000,440,0
2026-09-30 03:36:26Z.796,32000,440,0
2026-09-30 03:36:27Z.799,32000,440,0
2026-09-30 03:36:28Z.803,32000,440,0
2026-09-30 03:36:29Z.804,32000,440,0
2026-09-30 03:36:30Z.831,32000,440,0
2026-09-30 03:36:31Z.837,32000,440,0
2026-09-30 03:36:32Z.846,32000,440,0
2026-09-30 03:36:33Z.847,32000,440,0
2026-09-30 03:36:34Z.858,32000,440,0
2026-09-30 03:36:35Z.862,32000,440,0
2026-09-30 03:36:36Z.863,32000,440,0
2026-09-30 03:36:37Z.869,32000,440,0
2026-09-30 03:36:38Z.874,32000,440,0
2026-09-30 03:36:39Z.877,32000,440,0
2026-09-30 03:36:40Z.879,32000,440,0
2026-09-30 03:36:41Z.880,32000,440,0
2026-09-30 03:36:42Z.881,32000,440,0
2026-09-30 03:36:43Z.883,32000,440,0
2026-09-30 03:36:44Z.884,32000,440,0
2026-09-30 03:36:45Z.890,32000,440,0
2026-09-30 03:36:46Z.901,32000,440,0
2026-09-30 03:36:47Z.906,32000,440,0
2026-09-30 03:36:48Z.912,32000,439,0
2026-09-30 03:36:49Z.917,32000,440,0
2026-09-30 03:36:50Z.922,32000,439,0
2026-09-30 03:36:51Z.928,32000,439,0
2026-09-30 03:36:52Z.928,32000,440,0
2026-09-30 03:36:53Z.938,32000,439,0
2026-09-30 03:36:54Z.944,32000,440,0
2026-09-30 03:36:55Z.949,32000,439,0
2026-09-30 03:36:56Z.952,32000,439,0
2026-09-30 03:36:57Z.960,32000,439,0
2026-09-30 03:36:58Z.965,32000,439,0
2026-09-30 03:37:00Z.015,32000,440,0
2026-09-30 03:37:01Z.054,32000,439,0
2026-09-30 03:37:02Z.208,32000,440,0
2026-09-30 03:37:03Z.219,32000,439,0
2026-09-30 03:37:04Z.277,32000,440,0
2026-09-30 03:37:05Z.283,32000,440,0
2026-09-30 03:37:06Z.293,32000,439,0
2026-09-30 03:37:07Z.308,32000,440,0
2026-09-30 03:37:08Z.422,32000,439,0
2026-09-30 03:37:09Z.426,32000,439,0
2026-09-30 03:37:10Z.430,32000,439,0
2026-09-30 03:37:11Z.438,32000,439,0
2026-09-30 03:37:12Z.446,32000,439,0
2026-09-30 03:37:13Z.446,32000,439,0
2026-09-30 03:37:14Z.447,32000,440,0
2026-09-30 03:37:15Z.455,32000,439,0
2026-09-30 03:37:16Z.457,32000,439,0
2026-09-30 03:37:17Z.457,32000,439,0
2026-09-30 03:37:18Z.458,32000,440,0
2026-09-30 03:37:19Z.458,32000,439,0
2026-09-30 03:37:20Z.458,32000,439,0
2026-09-30 03:37:21Z.459,32000,439,0
2026-09-30 03:37:22Z.459,32000,439,0
2026-09-30 03:37:23Z.463,32000,439,0
2026-09-30 03:37:24Z.463,32000,439,0
2026-09-30 03:37:25Z.464,32000,439,0
2026-09-30 03:37:26Z.464,32000,440,0
2026-09-30 03:37:27Z.464,32000,439,0
2026-09-30 03:37:28Z.464,32000,439,0
2026-09-30 03:37:29Z.465,32000,439,0
2026-09-30 03:37:30Z.465,32000,439,0
2026-09-30 03:37:31Z.466,32000,439,0
2026-09-30 03:37:32Z.466,32000,439,0
2026-09-30 03:37:33Z.466,32000,439,0
2026-09-30 03:37:34Z.466,32000,440,0
2026-09-30 03:37:35Z.467,32000,439,0
2026-09-30 03:37:36Z.467,32000,439,0
2026-09-30 03:37:37Z.467,32000,440,0
2026-09-30 03:37:38Z.468,32000,439,0
2026-09-30 03:37:39Z.468,32000,439,0
2026-09-30 03:37:40Z.468,32000,439,0
2026-09-30 03:37:41Z.468,32000,439,0
2026-09-30 03:37:42Z.469,32000,440,0
2026-09-30 03:37:43Z.469,32000,438,0
2026-09-30 03:37:44Z.469,32000,440,0
2026-09-30 03:37:45Z.470,32000,440,0
2026-09-30 03:37:46Z.470,32000,439,0
2026-09-30 03:37:47Z.470,32000,439,0
2026-09-30 03:37:48Z.470,32000,440,0
2026-09-30 03:37:49Z.471,32000,440,0
2026-09-30 03:37:50Z.475,32000,440,0
2026-09-30 03:37:51Z.475,32000,440,0
2026-09-30 03:37:52Z.475,32000,440,0
2026-09-30 03:37:53Z.476,32000,440,0
2026-09-30 03:37:54Z.476,32000,440,0
2026-09-30 03:37:55Z.476,32000,440,0
2026-09-30 03:37:56Z.478,32000,440,0
2026-09-30 03:37:57Z.486,32000,440,0
2026-09-30 03:37:58Z.487,32000,439,0
2026-09-30 03:37:59Z.491,32000,440,0
2026-09-30 03:38:00Z.515,32000,440,0
2026-09-30 03:38:01Z.515,32000,440,0
2026-09-30 03:38:02Z.516,32000,440,0
2026-09-30 03:38:03Z.521,32000,440,0
2026-09-30 03:38:04Z.535,32000,440,0
2026-09-30 03:38:05Z.535,32000,440,0
2026-09-30 03:38:06Z.572,32000,440,0
2026-09-30 03:38:07Z.626,32000,440,0
2026-09-30 03:38:08Z.704,32000,440,0
2026-09-30 03:38:09Z.766,32000,440,0
2026-09-30 03:38:10Z.815,32000,440,0
2026-09-30 03:38:11Z.820,32000,440,0
2026-09-30 03:38:12Z.825,32000,440,0
2026-09-30 03:38:13Z.830,32000,440,0
2026-09-30 03:38:14Z.836,32000,440,0
2026-09-30 03:38:15Z.845,32000,440,0
2026-09-30 03:38:16Z.847,32000,440,0
2026-09-30 03:38:17Z.852,32000,440,0
2026-09-30 03:38:18Z.855,32000,440,0
2026-09-30 03:38:19Z.857,32000,440,0
2026-09-30 03:38:20Z.858,32000,440,0
2026-09-30 03:38:21Z.859,32000,440,0
2026-09-30 03:38:22Z.861,32000,440,0
2026-09-30 03:38:23Z.868,32000,440,64
2026-09-30 03:38:24Z.874,32000,440,64
2026-09-30 03:38:25Z.879,32000,440,0
2026-09-30 03:38:26Z.888,32000,440,0
2026-09-30 03:38:27Z.894,32000,440,0
2026-09-30 03:38:28Z.899,32000,440,0
2026-09-30 03:38:29Z.900,32000,440,0
2026-09-30 03:38:30Z.906,32000,440,0
2026-09-30 03:38:31Z.911,32000,440,0
2026-09-30 03:38:32Z.916,32000,440,0
2026-09-30 03:38:33Z.922,32000,440,0
2026-09-30 03:38:34Z.927,32000,440,0
2026-09-30 03:38:35Z.932,32000,440,0
2026-09-30 03:38:36Z.938,32000,440,0
2026-09-30 03:38:37Z.943,32000,440,0
2026-09-30 03:38:39Z.034,32000,440,0
2026-09-30 03:38:40Z.055,32000,440,0
2026-09-30 03:38:41Z.153,32000,440,0
2026-09-30 03:38:42Z.193,32000,440,0
2026-09-30 03:38:43Z.209,32000,440,0
2026-09-30 03:38:44Z.213,32000,440,0
2026-09-30 03:38:45Z.221,32000,440,0
2026-09-30 03:38:46Z.221,32000,440,0
2026-09-30 03:38:47Z.226,32000,440,0
2026-09-30 03:38:48Z.234,32000,440,0
2026-09-30 03:38:49Z.249,32000,440,0
2026-09-30 03:38:50Z.254,32000,440,0
2026-09-30 03:38:51Z.266,32000,440,0
2026-09-30 03:38:52Z.281,32000,440,0
2026-09-30 03:38:53Z.289,32000,440,0
2026-09-30 03:38:54Z.294,32000,440,0
2026-09-30 03:38:55Z.295,32000,440,0
2026-09-30 03:38:56Z.296,32000,440,0
2026-09-30 03:38:57Z.301,32000,440,0
2026-09-30 03:38:58Z.306,32000,440,0
2026-09-30 03:38:59Z.321,32000,439,0
2026-09-30 03:39:00Z.322,32000,439,0
2026-09-30 03:39:01Z.329,32000,439,0
2026-09-30 03:39:02Z.355,32000,440,0
2026-09-30 03:39:03Z.359,32000,440,0
2026-09-30 03:39:04Z.360,32000,440,0
2026-09-30 03:39:05Z.361,32000,440,0
2026-09-30 03:39:06Z.361,32000,440,0
2026-09-30 03:39:07Z.362,32000,440,0
2026-09-30 03:39:08Z.369,32000,439,0
2026-09-30 03:39:09Z.490,32000,439,0
2026-09-30 03:39:10Z.495,32000,439,0
2026-09-30 03:39:11Z.497,32000,439,0
2026-09-30 03:39:12Z.501,32000,440,0
2026-09-30 03:39:13Z.501,32000,439,0
2026-09-30 03:39:14Z.506,32000,439,0
2026-09-30 03:39:15Z.516,32000,439,0
2026-09-30 03:39:16Z.516,32000,439,0
2026-09-30 03:39:17Z.520,32000,440,0
2026-09-30 03:39:18Z.528,32000,439,0
2026-09-30 03:39:19Z.529,32000,440,0
2026-09-30 03:39:20Z.691,32000,439,0
2026-09-30 03:39:21Z.711,32000,440,0
2026-09-30 03:39:22Z.712,32000,439,0
2026-09-30 03:39:23Z.796,32000,439,0
2026-09-30 03:39:24Z.796,32000,439,0
2026-09-30 03:39:25Z.801,32000,440,0
2026-09-30 03:39:26Z.812,32000,440,0
2026-09-30 03:39:27Z.817,32000,439,-64
2026-09-30 03:39:28Z.822,32000,439,-64
2026-09-30 03:39:29Z.827,32000,440,-64
2026-09-30 03:39:30Z.833,32000,440,-64
2026-09-30 03:39:31Z.836,32000,440,0
2026-09-30 03:39:32Z.841,32000,440,0
2026-09-30 03:39:33Z.843,32000,439,0
2026-09-30 03:39:34Z.854,32000,439,0
2026-09-30 03:39:35Z.859,32000,440,0
2026-09-30 03:39:36Z.865,32000,439,0
2026-09-30 03:39:37Z.870,32000,439,0
2026-09-30 03:39:38Z.876,32000,439,0
2026-09-30 03:39:39Z.881,32000,439,0
2026-09-30 03:39:40Z.886,32000,438,0
2026-09-30 03:39:41Z.891,32000,439,0
2026-09-30 03:39:42Z.897,32000,439,0
2026-09-30 03:39:43Z.902,32000,438,0
2026-09-30 03:39:44Z.923,32000,438,0
2026-09-30 03:39:45Z.925,32000,438,0
2026-09-30 03:39:47Z.026,32000,438,0
2026-09-30 03:39:48Z.047,32000,439,0
2026-09-30 03:39:49Z.122,32000,439,0
2026-09-30 03:39:50Z.137,32000,438,0
2026-09-30 03:39:51Z.137,32000,438,64
2026-09-30 03:39:52Z.145,32000,438,0
2026-09-30 03:39:53Z.150,32000,438,0
2026-09-30 03:39:54Z.153,32000,438,0
2026-09-30 03:39:55Z.155,32000,438,0
2026-09-30 03:39:56Z.241,32000,438,0
2026-09-30 03:39:57Z.250,32000,438,0
2026-09-30 03:39:58Z.250,32000,438,0
2026-09-30 03:39:59Z.251,32000,438,0
2026-09-30 03:40:00Z.251,32000,438,0
2026-09-30 03:40:01Z.254,32000,438,0
2026-09-30 03:40:02Z.266,32000,438,0
2026-09-30 03:40:03Z.301,32000,438,0
2026-09-30 03:40:04Z.331,32000,438,0
2026-09-30 03:40:05Z.338,32000,438,0
2026-09-30 03:40:06Z.350,32000,438,0
2026-09-30 03:40:07Z.446,32000,438,0
2026-09-30 03:40:08Z.519,32000,438,0
2026-09-30 03:40:09Z.519,32000,438,0
2026-09-30 03:40:10Z.521,32000,438,0
2026-09-30 03:40:11Z.522,32000,438,0
2026-09-30 03:40:12Z.522,32000,438,0
2026-09-30 03:40:13Z.522,32000,438,0
2026-09-30 03:40:14Z.522,32000,438,0
2026-09-30 03:40:15Z.523,32000,438,0
2026-09-30 03:40:16Z.527,32000,438,0
2026-09-30 03:40:17Z.527,32000,438,0
2026-09-30 03:40:18Z.527,32000,438,0
2026-09-30 03:40:19Z.528,32000,438,0
2026-09-30 03:40:20Z.528,32000,438,0
2026-09-30 03:40:21Z.528,32000,438,0
2026-09-30 03:40:22Z.529,32000,438,0
2026-09-30 03:40:23Z.529,32000,438,0
2026-09-30 03:40:24Z.531,32000,437,0
2026-09-30 03:40:25Z.533,32000,438,0
2026-09-30 03:40:26Z.533,32000,437,0
2026-09-30 03:40:27Z.533,32000,437,0
2026-09-30 03:40:28Z.536,32000,437,0
2026-09-30 03:40:29Z.536,32000,438,0
2026-09-30 03:40:30Z.538,32000,437,0
2026-09-30 03:40:31Z.538,32000,438,0
2026-09-30 03:40:32Z.553,32000,437,0
2026-09-30 03:40:33Z.566,32000,438,0
2026-09-30 03:40:34Z.675,32000,437,0
2026-09-30 03:40:35Z.771,32000,437,0
2026-09-30 03:40:36Z.776,32000,438,0
2026-09-30 03:40:37Z.782,32000,438,0
2026-09-30 03:40:38Z.787,32000,437,0
2026-09-30 03:40:39Z.792,32000,437,0
2026-09-30 03:40:40Z.798,32000,437,0
2026-09-30 03:40:41Z.803,32000,436,0
2026-09-30 03:40:42Z.803,32000,436,0
2026-09-30 03:40:43Z.811,32000,437,0
2026-09-30 03:40:44Z.813,32000,437,0
2026-09-30 03:40:45Z.814,32000,436,0
2026-09-30 03:40:46Z.816,32000,436,0
2026-09-30 03:40:47Z.817,32000,436,0
2026-09-30 03:40:48Z.818,32000,436,0
2026-09-30 03:40:49Z.830,32000,436,0
2026-09-30 03:40:50Z.835,32000,436,0
2026-09-30 03:40:51Z.841,32000,436,0
2026-09-30 03:40:52Z.846,32000,436,0
2026-09-30 03:40:53Z.851,32000,436,0
2026-09-30 03:40:54Z.857,32000,436,0
2026-09-30 03:40:55Z.862,32000,435,0
2026-09-30 03:40:56Z.867,32000,435,0
2026-09-30 03:40:57Z.872,32000,436,0
2026-09-30 03:40:58Z.878,32000,435,0
2026-09-30 03:40:59Z.883,32000,435,0
2026-09-30 03:41:00Z.888,32000,435,0
2026-09-30 03:41:01Z.894,32000,436,0
2026-09-30 03:41:02Z.927,32000,435,0
2026-09-30 03:41:03Z.973,32000,435,0
2026-09-30 03:41:05Z.042,32000,436,0
2026-09-30 03:41:06Z.057,32000,436,0
2026-09-30 03:41:07Z.062,32000,436,0
2026-09-30 03:41:08Z.072,32000,435,0
2026-09-30 03:41:09Z.082,32000,435,0
2026-09-30 03:41:10Z.092,32000,436,0
2026-09-30 03:41:11Z.097,32000,435,0
2026-09-30 03:41:12Z.097,32000,435,0
2026-09-30 03:41:13Z.099,32000,436,0
2026-09-30 03:41:14Z.104,32000,436,0
2026-09-30 03:41:15Z.117,32000,435,0
2026-09-30 03:41:16Z.123,32000,435,0
2026-09-30 03:41:17Z.203,32000,435,0
2026-09-30 03:41:18Z.348,32000,435,0
2026-09-30 03:41:19Z.370,32000,435,0
2026-09-30 03:41:20Z.392,32000,435,0
2026-09-30 03:41:21Z.405,32000,435,0
2026-09-30 03:41:22Z.407,32000,435,0
2026-09-30 03:41:23Z.532,32000,435,0
2026-09-30 03:41:24Z.553,32000,435,0
2026-09-30 03:41:25Z.553,32000,436,0
2026-09-30 03:41:26Z.558,32000,436,0
2026-09-30 03:41:27Z.558,32000,435,0
2026-09-30 03:41:28Z.558,32000,435,0
2026-09-30 03:41:29Z.558,32000,435,0
2026-09-30 03:41:30Z.559,32000,435,0
2026-09-30 03:41:31Z.559,32000,436,0
2026-09-30 03:41:32Z.563,32000,435,0
2026-09-30 03:41:33Z.574,32000,436,0
2026-09-30 03:41:34Z.576,32000,435,0
2026-09-30 03:41:35Z.582,32000,435,0
2026-09-30 03:41:36Z.598,32000,436,0
2026-09-30 03:41:37Z.756,32000,436,0
2026-09-30 03:41:38Z.761,32000,435,0
2026-09-30 03:41:39Z.767,32000,436,0
2026-09-30 03:41:40Z.772,32000,435,0
2026-09-30 03:41:41Z.777,32000,436,0
2026-09-30 03:41:42Z.783,32000,435,0
2026-09-30 03:41:43Z.788,32000,436,0
2026-09-30 03:41:44Z.791,32000,436,0
2026-09-30 03:41:45Z.792,32000,436,0
2026-09-30 03:41:46Z.794,32000,436,0
2026-09-30 03:41:47Z.797,32000,434,0
2026-09-30 03:41:48Z.799,32000,434,0
2026-09-30 03:41:49Z.804,32000,434,0
2026-09-30 03:41:50Z.809,32000,436,0
2026-09-30 03:41:51Z.815,32000,435,0
2026-09-30 03:41:52Z.820,32000,434,0
2026-09-30 03:41:53Z.825,32000,434,0
2026-09-30 03:41:54Z.831,32000,436,0
2026-09-30 03:41:55Z.836,32000,436,0
2026-09-30 03:41:56Z.839,32000,436,0
2026-09-30 03:41:57Z.843,32000,434,0
2026-09-30 03:41:58Z.852,32000,436,0
2026-09-30 03:41:59Z.858,32000,434,0
2026-09-30 03:42:00Z.863,32000,436,0
2026-09-30 03:42:01Z.868,32000,436,0
2026-09-30 03:42:02Z.873,32000,434,0
2026-09-30 03:42:03Z.880,32000,434,0
2026-09-30 03:42:04Z.884,32000,434,0
2026-09-30 03:42:05Z.971,32000,434,0
2026-09-30 03:42:06Z.983,32000,436,0
2026-09-30 03:42:07Z.984,32000,434,0
2026-09-30 03:42:08Z.985,32000,434,0
2026-09-30 03:42:09Z.987,32000,434,0
2026-09-30 03:42:10Z.992,32000,434,0
2026-09-30 03:42:11Z.992,32000,434,0
2026-09-30 03:42:12Z.992,32000,434,0
2026-09-30 03:42:13Z.996,32000,434,0
2026-09-30 03:42:15Z.068,32000,434,0
2026-09-30 03:42:16Z.223,32000,434,0
2026-09-30 03:42:17Z.293,32000,434,0
2026-09-30 03:42:18Z.378,32000,434,0
2026-09-30 03:42:19Z.382,32000,434,0
2026-09-30 03:42:20Z.382,32000,434,0
2026-09-30 03:42:21Z.399,32000,434,0
2026-09-30 03:42:22Z.403,32000,434,0
2026-09-30 03:42:23Z.406,32000,434,0
2026-09-30 03:42:24Z.417,32000,434,0
2026-09-30 03:42:25Z.433,32000,434,0
2026-09-30 03:42:26Z.493,32000,434,0
2026-09-30 03:42:27Z.513,32000,434,0
2026-09-30 03:42:28Z.569,32000,434,0
2026-09-30 03:42:29Z.573,32000,434,0
2026-09-30 03:42:30Z.579,32000,434,0
2026-09-30 03:42:31Z.582,32000,434,0
2026-09-30 03:42:32Z.584,32000,434,0
2026-09-30 03:42:33Z.584,32000,434,0
2026-09-30 03:42:34Z.584,32000,434,0
2026-09-30 03:42:35Z.585,32000,434,0
2026-09-30 03:42:36Z.585,32000,434,0
2026-09-30 03:42:37Z.589,32000,434,0
2026-09-30 03:42:38Z.589,32000,434,0
2026-09-30 03:42:39Z.590,32000,435,0
2026-09-30 03:42:40Z.590,32000,434,0
2026-09-30 03:42:41Z.590,32000,434,0
2026-09-30 03:42:42Z.590,32000,435,0
2026-09-30 03:42:43Z.591,32000,435,0
2026-09-30 03:42:44Z.591,32000,435,0
2026-09-30 03:42:45Z.595,32000,436,0
2026-09-30 03:42:46Z.595,32000,435,0
2026-09-30 03:42:47Z.596,32000,435,0
2026-09-30 03:42:48Z.596,32000,435,0
2026-09-30 03:42:49Z.596,32000,435,0
2026-09-30 03:42:50Z.597,32000,435,0
2026-09-30 03:42:51Z.597,32000,435,0
2026-09-30 03:42:52Z.597,32000,435,0
2026-09-30 03:42:53Z.597,32000,435,0
2026-09-30 03:42:54Z.598,32000,435,0
2026-09-30 03:42:55Z.598,32000,436,0
2026-09-30 03:42:56Z.598,32000,435,0
2026-09-30 03:42:57Z.599,32000,435,0
2026-09-30 03:42:58Z.599,32000,435,0
2026-09-30 03:42:59Z.599,32000,436,0
2026-09-30 03:43:00Z.600,32000,436,0
2026-09-30 03:43:01Z.600,32000,435,0
2026-09-30 03:43:02Z.600,32000,435,0
2026-09-30 03:43:03Z.600,32000,435,0
2026-09-30 03:43:04Z.600,32000,435,0
2026-09-30 03:43:05Z.601,32000,435,0
2026-09-30 03:43:06Z.605,32000,436,0
2026-09-30 03:43:07Z.605,32000,435,0
2026-09-30 03:43:08Z.605,32000,435,0
2026-09-30 03:43:09Z.606,32000,435,0
2026-09-30 03:43:10Z.608,32000,435,0
2026-09-30 03:43:11Z.608,32000,435,0
2026-09-30 03:43:12Z.611,32000,436,0
2026-09-30 03:43:13Z.611,32000,436,0
2026-09-30 03:43:14Z.611,32000,435,0
2026-09-30 03:43:15Z.611,32000,435,0
2026-09-30 03:43:16Z.612,32000,435,0
2026-09-30 03:43:17Z.612,32000,436,0
2026-09-30 03:43:18Z.615,32000,436,0
2026-09-30 03:43:19Z.616,32000,436,0
2026-09-30 03:43:20Z.619,32000,436,0
2026-09-30 03:43:21Z.619,32000,436,0
2026-09-30 03:43:22Z.627,32000,436,0
2026-09-30 03:43:23Z.628,32000,436,0
2026-09-30 03:43:24Z.630,32000,436,0
2026-09-30 03:43:25Z.703,32000,436,0
2026-09-30 03:43:26Z.709,32000,436,0
2026-09-30 03:43:27Z.730,32000,436,0
2026-09-30 03:43:28Z.735,32000,436,0
2026-09-30 03:43:29Z.740,32000,436,0
2026-09-30 03:43:30Z.746,32000,436,0
2026-09-30 03:43:31Z.749,32000,436,0
2026-09-30 03:43:32Z.750,32000,436,0
2026-09-30 03:43:33Z.752,32000,436,0
2026-09-30 03:43:34Z.755,32000,436,0
2026-09-30 03:43:35Z.757,32000,436,0
2026-09-30 03:43:36Z.762,32000,436,0
2026-09-30 03:43:37Z.764,32000,436,0
2026-09-30 03:43:38Z.773,32000,436,0
2026-09-30 03:43:39Z.774,32000,436,0
2026-09-30 03:43:40Z.780,32000,436,0
2026-09-30 03:43:41Z.786,32000,436,0
2026-09-30 03:43:42Z.790,32000,436,0
2026-09-30 03:43:43Z.791,32000,436,0
2026-09-30 03:43:44Z.793,32000,436,0
2026-09-30 03:43:45Z.794,32000,436,0
2026-09-30 03:43:46Z.795,32000,436,0
2026-09-30 03:43:47Z.803,32000,436,0
2026-09-30 03:43:48Z.803,32000,436,0
2026-09-30 03:43:49Z.804,32000,437,0
2026-09-30 03:43:50Z.805,32000,436,0
2026-09-30 03:43:51Z.811,32000,437,0
2026-09-30 03:43:52Z.816,32000,438,0
2026-09-30 03:43:53Z.821,32000,437,0
2026-09-30 03:43:54Z.827,32000,437,0
2026-09-30 03:43:55Z.885,32000,437,0
2026-09-30 03:43:56Z.965,32000,437,0
2026-09-30 03:43:57Z.985,32000,437,0
2026-09-30 03:43:59Z.059,32000,438,0
2026-09-30 03:44:00Z.162,32000,437,0
2026-09-30 03:44:01Z.177,32000,437,0
2026-09-30 03:44:02Z.210,32000,436,0
2026-09-30 03:44:03Z.400,32000,437,0
2026-09-30 03:44:04Z.405,32000,438,0
2026-09-30 03:44:05Z.406,32000,437,0
2026-09-30 03:44:06Z.424,32000,438,0
2026-09-30 03:44:07Z.425,32000,438,0
2026-09-30 03:44:08Z.439,32000,438,0
2026-09-30 03:44:09Z.454,32000,438,0
2026-09-30 03:44:10Z.573,32000,437,0
2026-09-30 03:44:11Z.625,32000,438,0
2026-09-30 03:44:12Z.647,32000,438,0
2026-09-30 03:44:13Z.677,32000,438,0
2026-09-30 03:44:14Z.682,32000,437,0
2026-09-30 03:44:15Z.687,32000,437,0
2026-09-30 03:44:16Z.693,32000,438,0
2026-09-30 03:44:17Z.698,32000,438,0
2026-09-30 03:44:18Z.702,32000,438,0
2026-09-30 03:44:19Z.709,32000,437,0
2026-09-30 03:44:20Z.714,32000,437,0
2026-09-30 03:44:21Z.723,32000,437,0
2026-09-30 03:44:22Z.724,32000,438,0
2026-09-30 03:44:23Z.724,32000,437,0
2026-09-30 03:44:24Z.726,32000,437,0
2026-09-30 03:44:25Z.727,32000,437,0
2026-09-30 03:44:26Z.727,32000,437,0
2026-09-30 03:44:27Z.728,32000,438,0
2026-09-30 03:44:28Z.729,32000,438,0
2026-09-30 03:44:29Z.730,32000,437,0
2026-09-30 03:44:30Z.732,32000,437,0
2026-09-30 03:44:31Z.733,32000,438,0
2026-09-30 03:44:32Z.735,32000,437,0
2026-09-30 03:44:33Z.736,32000,437,0
2026-09-30 03:44:34Z.741,32000,437,0
2026-09-30 03:44:35Z.747,32000,437,0
2026-09-30 03:44:36Z.752,32000,438,0
2026-09-30 03:44:37Z.757,32000,438,0
2026-09-30 03:44:38Z.763,32000,438,0
2026-09-30 03:44:39Z.772,32000,438,0
2026-09-30 03:44:40Z.773,32000,437,0
2026-09-30 03:44:41Z.779,32000,437,0
2026-09-30 03:44:42Z.784,32000,437,0
2026-09-30 03:44:43Z.789,32000,438,0
2026-09-30 03:44:44Z.795,32000,437,0
2026-09-30 03:44:45Z.800,32000,437,0
2026-09-30 03:44:46Z.805,32000,438,0
2026-09-30 03:44:47Z.823,32000,438,0
2026-09-30 03:44:48Z.858,32000,438,0
2026-09-30 03:44:49Z.935,32000,438,0
2026-09-30 03:44:51Z.015,32000,438,0
2026-09-30 03:44:52Z.266,32000,438,0
2026-09-30 03:44:53Z.365,32000,438,0
2026-09-30 03:44:54Z.368,32000,438,0
2026-09-30 03:44:55Z.375,32000,438,0
2026-09-30 03:44:56Z.388,32000,438,0
2026-09-30 03:44:57Z.440,32000,438,0
2026-09-30 03:44:58Z.468,32000,438,0
2026-09-30 03:44:59Z.530,32000,438,0
2026-09-30 03:45:00Z.530,32000,438,64
2026-09-30 03:45:01Z.655,32000,438,64
2026-09-30 03:45:02Z.657,32000,438,64
2026-09-30 03:45:03Z.657,32000,438,64
2026-09-30 03:45:04Z.657,32000,438,0
2026-09-30 03:45:05Z.657,32000,438,0
2026-09-30 03:45:06Z.660,32000,438,0
2026-09-30 03:45:07Z.664,32000,438,0
2026-09-30 03:45:08Z.669,32000,438,0
2026-09-30 03:45:09Z.669,32000,438,0
2026-09-30 03:45:10Z.670,32000,438,0
2026-09-30 03:45:11Z.672,32000,438,0
2026-09-30 03:45:12Z.677,32000,438,0
2026-09-30 03:45:13Z.686,32000,438,0
2026-09-30 03:45:14Z.688,32000,438,0
2026-09-30 03:45:15Z.693,32000,438,0
2026-09-30 03:45:16Z.698,32000,438,0
2026-09-30 03:45:17Z.702,32000,438,0
2026-09-30 03:45:18Z.706,32000,438,0
2026-09-30 03:45:19Z.708,32000,438,0
2026-09-30 03:45:20Z.717,32000,438,0
2026-09-30 03:45:21Z.725,32000,438,0
2026-09-30 03:45:22Z.730,32000,438,0
2026-09-30 03:45:23Z.736,32000,438,0
2026-09-30 03:45:24Z.741,32000,438,0
2026-09-30 03:45:25Z.746,32000,438,0
2026-09-30 03:45:26Z.752,32000,438,0
2026-09-30 03:45:27Z.757,32000,438,0
2026-09-30 03:45:28Z.762,32000,438,0
2026-09-30 03:45:29Z.768,32000,438,0
2026-09-30 03:45:30Z.770,32000,438,0
2026-09-30 03:45:31Z.778,32000,438,0
2026-09-30 03:45:32Z.784,32000,438,0
2026-09-30 03:45:33Z.785,32000,438,0
2026-09-30 03:45:34Z.901,32000,438,0
2026-09-30 03:45:36Z.139,32000,438,0
2026-09-30 03:45:37Z.185,32000,438,0
2026-09-30 03:45:38Z.283,32000,438,0
2026-09-30 03:45:39Z.400,32000,438,0
2026-09-30 03:45:40Z.417,32000,438,0
2026-09-30 03:45:41Z.485,32000,438,0
2026-09-30 03:45:42Z.546,32000,438,-64
2026-09-30 03:45:43Z.556,32000,438,-64
2026-09-30 03:45:44Z.573,32000,439,-64
2026-09-30 03:45:45Z.573,32000,439,-64
2026-09-30 03:45:46Z.573,32000,439,-64
2026-09-30 03:45:47Z.581,32000,439,-64
2026-09-30 03:45:48Z.582,32000,440,-64
2026-09-30 03:45:49Z.583,32000,439,0
2026-09-30 03:45:50Z.584,32000,440,0
2026-09-30 03:45:51Z.584,32000,439,0
2026-09-30 03:45:52Z.591,32000,439,0
2026-09-30 03:45:53Z.595,32000,439,0
2026-09-30 03:45:54Z.595,32000,439,0
2026-09-30 03:45:55Z.599,32000,439,0
2026-09-30 03:45:56Z.639,32000,440,0
2026-09-30 03:45:57Z.650,32000,439,0
2026-09-30 03:45:58Z.655,32000,439,0
2026-09-30 03:45:59Z.661,32000,439,0
2026-09-30 03:46:00Z.666,32000,439,0
2026-09-30 03:46:01Z.675,32000,440,0
2026-09-30 03:46:02Z.681,32000,440,0
2026-09-30 03:46:03Z.682,32000,440,0
2026-09-30 03:46:04Z.687,32000,439,0
2026-09-30 03:46:05Z.690,32000,440,0
2026-09-30 03:46:06Z.692,32000,439,0
2026-09-30 03:46:07Z.693,32000,439,0
2026-09-30 03:46:08Z.697,32000,439,0
2026-09-30 03:46:09Z.698,32000,439,0
2026-09-30 03:46:10Z.702,32000,439,64
2026-09-30 03:46:11Z.709,32000,439,64
2026-09-30 03:46:12Z.714,32000,439,64
2026-09-30 03:46:13Z.718,32000,439,64
2026-09-30 03:46:14Z.718,32000,439,0
2026-09-30 03:46:15Z.718,32000,439,0
2026-09-30 03:46:16Z.720,32000,439,0
2026-09-30 03:46:17Z.721,32000,439,0
2026-09-30 03:46:18Z.724,32000,440,0
2026-09-30 03:46:19Z.736,32000,439,0
2026-09-30 03:46:20Z.736,32000,439,0
2026-09-30 03:46:21Z.747,32000,439,0
2026-09-30 03:46:22Z.752,32000,439,0
2026-09-30 03:46:23Z.757,32000,440,0
2026-09-30 03:46:24Z.763,32000,439,0
2026-09-30 03:46:25Z.768,32000,439,0
2026-09-30 03:46:26Z.773,32000,439,0
2026-09-30 03:46:27Z.866,32000,439,0
2026-09-30 03:46:28Z.941,32000,440,0
2026-09-30 03:46:29Z.966,32000,440,0
2026-09-30 03:46:30Z.971,32000,439,0
2026-09-30 03:46:31Z.986,32000,439,0
2026-09-30 03:46:33Z.293,32000,439,0
2026-09-30 03:46:34Z.383,32000,439,0
2026-09-30 03:46:35Z.497,32000,440,0
2026-09-30 03:46:36Z.502,32000,439,0
2026-09-30 03:46:37Z.502,32000,440,0
2026-09-30 03:46:38Z.513,32000,440,0
2026-09-30 03:46:39Z.521,32000,439,0
2026-09-30 03:46:40Z.575,32000,440,0
2026-09-30 03:46:41Z.607,32000,440,0
2026-09-30 03:46:42Z.627,32000,440,0
2026-09-30 03:46:43Z.628,32000,440,0
2026-09-30 03:46:44Z.634,32000,440,0
2026-09-30 03:46:45Z.639,32000,440,0
2026-09-30 03:46:46Z.644,32000,440,0
2026-09-30 03:46:47Z.653,32000,440,0
2026-09-30 03:46:48Z.655,32000,440,0
2026-09-30 03:46:49Z.660,32000,440,0
2026-09-30 03:46:50Z.663,32000,440,0
2026-09-30 03:46:51Z.671,32000,440,0
2026-09-30 03:46:52Z.678,32000,440,0
2026-09-30 03:46:53Z.683,32000,440,0
2026-09-30 03:46:54Z.687,32000,440,0
2026-09-30 03:46:55Z.692,32000,440,-64
2026-09-30 03:46:56Z.698,32000,440,-64
2026-09-30 03:46:57Z.703,32000,440,-64
2026-09-30 03:46:58Z.708,32000,440,-64
2026-09-30 03:46:59Z.713,32000,440,-64
2026-09-30 03:47:00Z.723,32000,440,-64
2026-09-30 03:47:01Z.728,32000,440,-64
2026-09-30 03:47:02Z.729,32000,440,0
2026-09-30 03:47:03Z.735,32000,440,0
2026-09-30 03:47:04Z.740,32000,440,0
2026-09-30 03:47:05Z.746,32000,440,0
2026-09-30 03:47:06Z.748,32000,440,0
2026-09-30 03:47:07Z.756,32000,440,0
2026-09-30 03:47:08Z.757,32000,440,64
2026-09-30 03:47:09Z.777,32000,440,64
2026-09-30 03:47:10Z.781,32000,440,64
2026-09-30 03:47:11Z.835,32000,440,64
2026-09-30 03:47:12Z.947,32000,440,64
2026-09-30 03:47:14Z.015,32000,440,0
2026-09-30 03:47:15Z.076,32000,440,0
2026-09-30 03:47:16Z.138,32000,440,0
2026-09-30 03:47:17Z.229,32000,440,0
2026-09-30 03:47:18Z.243,32000,440,0
2026-09-30 03:47:19Z.248,32000,440,0
2026-09-30 03:47:20Z.319,32000,440,0
2026-09-30 03:47:21Z.396,32000,440,0
2026-09-30 03:47:22Z.400,32000,440,0
2026-09-30 03:47:23Z.402,32000,440,0
2026-09-30 03:47:24Z.402,32000,440,0
2026-09-30 03:47:25Z.402,32000,440,0
2026-09-30 03:47:26Z.402,32000,440,0
2026-09-30 03:47:27Z.403,32000,440,0
2026-09-30 03:47:28Z.409,32000,440,0
2026-09-30 03:47:29Z.410,32000,440,0
2026-09-30 03:47:30Z.414,32000,442,0
2026-09-30 03:47:31Z.423,32000,442,0
2026-09-30 03:47:32Z.453,32000,441,0
2026-09-30 03:47:33Z.482,32000,441,0
2026-09-30 03:47:34Z.531,32000,440,0
2026-09-30 03:47:35Z.566,32000,440,0
2026-09-30 03:47:36Z.567,32000,440,0
2026-09-30 03:47:37Z.606,32000,440,0
2026-09-30 03:47:38Z.611,32000,440,0
2026-09-30 03:47:39Z.613,32000,440,0
2026-09-30 03:47:40Z.618,32000,440,0
2026-09-30 03:47:41Z.623,32000,441,0
2026-09-30 03:47:42Z.629,32000,441,0
2026-09-30 03:47:43Z.634,32000,440,0
2026-09-30 03:47:44Z.639,32000,440,0
2026-09-30 03:47:45Z.645,32000,440,0
2026-09-30 03:47:46Z.650,32000,441,0
2026-09-30 03:47:47Z.655,32000,440,0
2026-09-30 03:47:48Z.658,32000,440,64
2026-09-30 03:47:49Z.660,32000,440,0
2026-09-30 03:47:50Z.661,32000,440,0
2026-09-30 03:47:51Z.665,32000,440,0
2026-09-30 03:47:52Z.666,32000,440,0
2026-09-30 03:47:53Z.672,32000,440,0
2026-09-30 03:47:54Z.677,32000,440,0
2026-09-30 03:47:55Z.682,32000,440,0
2026-09-30 03:47:56Z.687,32000,440,0
2026-09-30 03:47:57Z.693,32000,440,0
2026-09-30 03:47:58Z.698,32000,440,0
2026-09-30 03:47:59Z.702,32000,440,0
2026-09-30 03:48:00Z.709,32000,440,0
2026-09-30 03:48:01Z.718,32000,440,0
2026-09-30 03:48:02Z.720,32000,440,0
2026-09-30 03:48:03Z.729,32000,440,0
2026-09-30 03:48:04Z.732,32000,440,0
2026-09-30 03:48:05Z.736,32000,440,0
2026-09-30 03:48:06Z.741,32000,440,0
2026-09-30 03:48:07Z.773,32000,440,0
2026-09-30 03:48:08Z.773,32000,440,0
2026-09-30 03:48:09Z.793,32000,440,0
2026-09-30 03:48:10Z.813,32000,440,0
2026-09-30 03:48:11Z.821,32000,440,0
2026-09-30 03:48:12Z.825,32000,440,0
2026-09-30 03:48:13Z.858,32000,440,0
2026-09-30 03:48:14Z.953,32000,440,0
2026-09-30 03:48:16Z.013,32000,440,0
2026-09-30 03:48:17Z.022,32000,440,0
2026-09-30 03:48:18Z.072,32000,440,0
2026-09-30 03:48:19Z.140,32000,442,0
2026-09-30 03:48:20Z.163,32000,440,0
2026-09-30 03:48:21Z.183,32000,440,0
2026-09-30 03:48:22Z.228,32000,440,0
2026-09-30 03:48:23Z.258,32000,440,0
2026-09-30 03:48:24Z.264,32000,440,0
2026-09-30 03:48:25Z.276,32000,441,0
2026-09-30 03:48:26Z.276,32000,441,0
2026-09-30 03:48:27Z.281,32000,441,0
2026-09-30 03:48:28Z.281,32000,441,0
2026-09-30 03:48:29Z.289,32000,441,0
2026-09-30 03:48:30Z.297,32000,441,0
2026-09-30 03:48:31Z.302,32000,442,0
2026-09-30 03:48:32Z.331,32000,441,0
2026-09-30 03:48:33Z.369,32000,441,0
2026-09-30 03:48:34Z.427,32000,441,0
2026-09-30 03:48:35Z.453,32000,440,0
2026-09-30 03:48:36Z.466,32000,441,0
2026-09-30 03:48:37Z.543,32000,442,0
2026-09-30 03:48:38Z.597,32000,440,0
2026-09-30 03:48:39Z.603,32000,440,0
2026-09-30 03:48:40Z.608,32000,442,0
2026-09-30 03:48:41Z.613,32000,441,0
2026-09-30 03:48:42Z.619,32000,440,0
2026-09-30 03:48:43Z.624,32000,440,0
2026-09-30 03:48:44Z.629,32000,441,0
2026-09-30 03:48:45Z.635,32000,440,0
2026-09-30 03:48:46Z.640,32000,440,0
2026-09-30 03:48:47Z.644,32000,440,0
2026-09-30 03:48:48Z.645,32000,440,0
2026-09-30 03:48:49Z.646,32000,440,0
2026-09-30 03:48:50Z.655,32000,440,0
2026-09-30 03:48:51Z.667,32000,440,0
2026-09-30 03:48:52Z.672,32000,440,0
2026-09-30 03:48:53Z.677,32000,440,0
2026-09-30 03:48:54Z.683,32000,440,0
2026-09-30 03:48:55Z.688,32000,440,0
2026-09-30 03:48:56Z.693,32000,440,0
2026-09-30 03:48:57Z.699,32000,440,0
2026-09-30 03:48:58Z.704,32000,440,0
2026-09-30 03:48:59Z.725,32000,440,0
2026-09-30 03:49:00Z.730,32000,440,0
2026-09-30 03:49:01Z.736,32000,440,0
2026-09-30 03:49:02Z.737,32000,440,0
2026-09-30 03:49:03Z.752,32000,440,0
2026-09-30 03:49:04Z.777,32000,440,0
2026-09-30 03:49:05Z.809,32000,440,0
2026-09-30 03:49:06Z.828,32000,440,0
2026-09-30 03:49:07Z.833,32000,440,0
2026-09-30 03:49:08Z.837,32000,440,0
2026-09-30 03:49:09Z.845,32000,440,0
2026-09-30 03:49:10Z.849,32000,441,0
2026-09-30 03:49:11Z.853,32000,440,0
2026-09-30 03:49:12Z.953,32000,440,0
2026-09-30 03:49:14Z.034,32000,440,0
2026-09-30 03:49:15Z.106,32000,440,0
2026-09-30 03:49:16Z.173,32000,440,0
2026-09-30 03:49:17Z.177,32000,440,0
2026-09-30 03:49:18Z.183,32000,440,0
2026-09-30 03:49:19Z.185,32000,440,0
2026-09-30 03:49:20Z.186,32000,440,0
2026-09-30 03:49:21Z.190,32000,440,0
2026-09-30 03:49:22Z.194,32000,440,0
2026-09-30 03:49:23Z.203,32000,440,0
2026-09-30 03:49:24Z.223,32000,440,0
2026-09-30 03:49:25Z.258,32000,440,0
2026-09-30 03:49:26Z.314,32000,440,0
2026-09-30 03:49:27Z.324,32000,440,0
2026-09-30 03:49:28Z.448,32000,440,0
2026-09-30 03:49:29Z.450,32000,440,0
2026-09-30 03:49:30Z.450,32000,440,0
2026-09-30 03:49:31Z.452,32000,440,0
2026-09-30 03:49:32Z.488,32000,440,0
2026-09-30 03:49:33Z.503,32000,440,0
2026-09-30 03:49:34Z.505,32000,440,0
2026-09-30 03:49:35Z.514,32000,440,0
2026-09-30 03:49:36Z.554,32000,440,0
2026-09-30 03:49:37Z.579,32000,440,0
2026-09-30 03:49:38Z.588,32000,440,0
2026-09-30 03:49:39Z.593,32000,440,0
2026-09-30 03:49:40Z.595,32000,440,0
2026-09-30 03:49:41Z.602,32000,440,0
2026-09-30 03:49:42Z.609,32000,440,0
2026-09-30 03:49:43Z.614,32000,440,0
2026-09-30 03:49:44Z.619,32000,440,0
2026-09-30 03:49:45Z.625,32000,440,0
2026-09-30 03:49:46Z.625,32000,440,0
2026-09-30 03:49:47Z.633,32000,440,0
2026-09-30 03:49:48Z.635,32000,440,0
2026-09-30 03:49:49Z.636,32000,440,0
2026-09-30 03:49:50Z.638,32000,440,0
2026-09-30 03:49:51Z.639,32000,440,0
2026-09-30 03:49:52Z.646,32000,440,0
2026-09-30 03:49:53Z.652,32000,440,0
2026-09-30 03:49:54Z.657,32000,440,0
2026-09-30 03:49:55Z.666,32000,440,0
2026-09-30 03:49:56Z.668,32000,440,0
2026-09-30 03:49:57Z.673,32000,440,0
2026-09-30 03:49:58Z.678,32000,440,0
2026-09-30 03:49:59Z.684,32000,440,0
2026-09-30 03:50:00Z.689,32000,440,0
2026-09-30 03:50:01Z.694,32000,440,0
2026-09-30 03:50:02Z.719,32000,440,0
2026-09-30 03:50:03Z.721,32000,440,0
2026-09-30 03:50:04Z.203,32000,440,0
2026-09-30 03:50:04Z.784,32000,440,0
2026-09-30 03:50:05Z.827,32000,440,0
2026-09-30 03:50:06Z.865,32000,440,0
2026-09-30 03:50:07Z.952,32000,440,0
2026-09-30 03:50:09Z.085,32000,439,0
2026-09-30 03:50:10Z.089,32000,440,0
2026-09-30 03:50:11Z.094,32000,440,0
2026-09-30 03:50:12Z.139,32000,440,0
2026-09-30 03:50:13Z.162,32000,439,0
2026-09-30 03:50:14Z.265,32000,439,0
2026-09-30 03:50:15Z.265,32000,439,0
2026-09-30 03:50:16Z.325,32000,440,0
2026-09-30 03:50:17Z.439,32000,439,0
2026-09-30 03:50:18Z.442,32000,440,0
2026-09-30 03:50:19Z.451,32000,440,0
2026-09-30 03:50:20Z.456,32000,440,0
2026-09-30 03:50:21Z.485,32000,440,0
2026-09-30 03:50:22Z.498,32000,440,0
2026-09-30 03:50:23Z.530,32000,440,0
2026-09-30 03:50:24Z.549,32000,440,0
2026-09-30 03:50:25Z.628,32000,440,0
2026-09-30 03:50:26Z.629,32000,440,0
2026-09-30 03:50:27Z.631,32000,440,0
2026-09-30 03:50:28Z.636,32000,440,0
2026-09-30 03:50:29Z.709,32000,440,0
2026-09-30 03:50:30Z.739,32000,440,0
2026-09-30 03:50:31Z.765,32000,440,0
2026-09-30 03:50:32Z.784,32000,440,0
2026-09-30 03:50:33Z.789,32000,440,0
2026-09-30 03:50:34Z.819,32000,440,0
2026-09-30 03:50:35Z.850,32000,440,0
2026-09-30 03:50:36Z.904,32000,440,0
2026-09-30 03:50:37Z.953,32000,440,0
2026-09-30 03:50:39Z.056,32000,440,0
2026-09-30 03:50:40Z.114,32000,440,0
2026-09-30 03:50:41Z.265,32000,440,0
2026-09-30 03:50:42Z.277,32000,440,0
2026-09-30 03:50:43Z.447,32000,440,0
2026-09-30 03:50:44Z.526,32000,440,0
2026-09-30 03:50:45Z.620,32000,440,0
2026-09-30 03:50:46Z.626,32000,440,0
2026-09-30 03:50:47Z.627,32000,439,0
2026-09-30 03:50:48Z.629,32000,440,0
2026-09-30 03:50:49Z.630,32000,440,0
2026-09-30 03:50:50Z.765,32000,440,0
2026-09-30 03:50:51Z.868,32000,440,0
2026-09-30 03:50:53Z.105,32000,440,0
2026-09-30 03:50:54Z.139,32000,440,0
2026-09-30 03:50:55Z.300,32000,440,0
2026-09-30 03:50:56Z.330,32000,440,0
2026-09-30 03:50:57Z.495,32000,439,0
2026-09-30 03:50:58Z.535,32000,439,0
2026-09-30 03:50:59Z.538,32000,440,0
2026-09-30 03:51:00Z.639,32000,440,0
2026-09-30 03:51:01Z.665,32000,439,0
2026-09-30 03:51:02Z.681,32000,440,0
2026-09-30 03:51:03Z.694,32000,439,0
2026-09-30 03:51:04Z.710,32000,439,0
2026-09-30 03:51:05Z.710,32000,439,0
2026-09-30 03:51:06Z.762,32000,439,0
2026-09-30 03:51:07Z.769,32000,439,0
2026-09-30 03:51:08Z.940,32000,440,0
2026-09-30 03:51:10Z.090,32000,439,0
2026-09-30 03:51:11Z.160,32000,439,0
2026-09-30 03:51:12Z.248,32000,439,0
2026-09-30 03:51:13Z.310,32000,439,0
2026-09-30 03:51:14Z.415,32000,439,0
2026-09-30 03:51:15Z.470,32000,439,0
2026-09-30 03:51:16Z.535,32000,439,0
2026-09-30 03:51:17Z.731,32000,440,0
2026-09-30 03:51:18Z.741,32000,440,0
2026-09-30 03:51:19Z.760,32000,440,0
2026-09-30 03:51:20Z.960,32000,440,0
2026-09-30 03:51:21Z.970,32000,439,0
2026-09-30 03:51:22Z.970,32000,440,0
2026-09-30 03:51:23Z.982,32000,440,0
2026-09-30 03:51:25Z.020,32000,440,0
2026-09-30 03:51:26Z.038,32000,440,0
2026-09-30 03:51:27Z.072,32000,440,0
2026-09-30 03:51:28Z.385,32000,440,0
2026-09-30 03:51:29Z.470,32000,440,0
2026-09-30 03:51:30Z.487,32000,440,0
2026-09-30 03:51:31Z.530,32000,440,0
2026-09-30 03:51:32Z.648,32000,440,0
2026-09-30 03:51:33Z.666,32000,440,0
2026-09-30 03:51:34Z.749,32000,440,0
2026-09-30 03:51:35Z.765,32000,440,0
2026-09-30 03:51:37Z.093,32000,440,0
2026-09-30 03:51:38Z.131,32000,440,0
2026-09-30 03:51:39Z.131,32000,440,0
2026-09-30 03:51:40Z.160,32000,440,0
2026-09-30 03:51:41Z.220,32000,440,0
2026-09-30 03:51:42Z.225,32000,440,0
2026-09-30 03:51:43Z.243,32000,440,0
2026-09-30 03:51:44Z.322,32000,440,0
2026-09-30 03:51:45Z.446,32000,440,0
2026-09-30 03:51:46Z.480,32000,440,0
2026-09-30 03:51:47Z.617,32000,440,0
2026-09-30 03:51:48Z.630,32000,440,0
2026-09-30 03:51:49Z.637,32000,440,0
2026-09-30 03:51:50Z.722,32000,440,0
2026-09-30 03:51:51Z.781,32000,440,0
2026-09-30 03:51:52Z.924,32000,440,0
2026-09-30 03:51:53Z.962,32000,440,0
2026-09-30 03:51:55Z.095,32000,440,0
2026-09-30 03:51:56Z.155,32000,440,0
2026-09-30 03:51:57Z.187,32000,440,0
2026-09-30 03:51:58Z.231,32000,440,0
2026-09-30 03:51:59Z.281,32000,439,0
2026-09-30 03:52:00Z.296,32000,439,0
2026-09-30 03:52:01Z.354,32000,439,0
2026-09-30 03:52:02Z.432,32000,440,0
2026-09-30 03:52:03Z.485,32000,440,0
2026-09-30 03:52:04Z.515,32000,439,0
2026-09-30 03:52:05Z.519,32000,440,0
2026-09-30 03:52:06Z.635,32000,439,0
2026-09-30 03:52:07Z.705,32000,440,0
2026-09-30 03:52:08Z.725,32000,439,0
2026-09-30 03:52:09Z.799,32000,439,0
2026-09-30 03:52:10Z.849,32000,440,0
2026-09-30 03:52:11Z.951,32000,440,0
2026-09-30 03:52:13Z.195,32000,440,0
2026-09-30 03:52:14Z.311,32000,440,0
2026-09-30 03:52:15Z.414,32000,440,0
2026-09-30 03:52:16Z.576,32000,440,0
2026-09-30 03:52:17Z.606,32000,440,0
2026-09-30 03:52:18Z.606,32000,440,0
2026-09-30 03:52:19Z.699,32000,440,0
2026-09-30 03:52:20Z.825,32000,439,0
2026-09-30 03:52:21Z.984,32000,439,0
2026-09-30 03:52:23Z.096,32000,440,0
2026-09-30 03:52:24Z.151,32000,439,0
2026-09-30 03:52:25Z.156,32000,439,0
2026-09-30 03:52:26Z.168,32000,439,0
2026-09-30 03:52:27Z.169,32000,439,0
2026-09-30 03:52:28Z.316,32000,439,0
2026-09-30 03:52:29Z.327,32000,439,0
2026-09-30 03:52:30Z.396,32000,439,0
2026-09-30 03:52:31Z.765,32000,439,0
2026-09-30 03:52:32Z.846,32000,440,0
2026-09-30 03:52:33Z.911,32000,439,0
2026-09-30 03:52:35Z.161,32000,439,0
2026-09-30 03:52:36Z.196,32000,440,0
2026-09-30 03:52:37Z.311,32000,440,0
2026-09-30 03:52:38Z.323,32000,439,0
2026-09-30 03:52:39Z.471,32000,439,0
2026-09-30 03:52:40Z.537,32000,439,0
2026-09-30 03:52:41Z.716,32000,439,0
2026-09-30 03:52:42Z.763,32000,440,0
2026-09-30 03:52:43Z.796,32000,439,0
2026-09-30 03:52:44Z.826,32000,439,0
2026-09-30 03:52:45Z.926,32000,439,0
2026-09-30 03:52:47Z.015,32000,439,0
2026-09-30 03:52:48Z.019,32000,439,0
2026-09-30 03:52:49Z.126,32000,439,0
2026-09-30 03:52:50Z.263,32000,439,0
2026-09-30 03:52:51Z.451,32000,439,0
2026-09-30 03:52:52Z.561,32000,440,0
2026-09-30 03:52:53Z.582,32000,439,0
2026-09-30 03:52:54Z.585,32000,439,0
2026-09-30 03:52:55Z.597,32000,440,0
2026-09-30 03:52:56Z.761,32000,439,0
2026-09-30 03:52:57Z.782,32000,440,0
2026-09-30 03:52:58Z.796,32000,439,0
2026-09-30 03:52:59Z.821,32000,440,0
2026-09-30 03:53:00Z.882,32000,440,0
2026-09-30 03:53:01Z.961,32000,439,0
2026-09-30 03:53:02Z.991,32000,439,0
2026-09-30 03:53:04Z.060,32000,439,0
2026-09-30 03:53:05Z.141,32000,439,0
2026-09-30 03:53:06Z.207,32000,439,0
2026-09-30 03:53:07Z.208,32000,440,0
2026-09-30 03:53:08Z.361,32000,439,0
2026-09-30 03:53:09Z.562,32000,439,0
2026-09-30 03:53:10Z.562,32000,439,0
2026-09-30 03:53:11Z.597,32000,439,0
2026-09-30 03:53:12Z.747,32000,439,0
2026-09-30 03:53:13Z.748,32000,439,0
2026-09-30 03:53:14Z.768,32000,440,0
2026-09-30 03:53:15Z.911,32000,440,0
2026-09-30 03:53:16Z.911,32000,439,0
2026-09-30 03:53:17Z.990,32000,439,0
2026-09-30 03:53:19Z.036,32000,439,0
2026-09-30 03:53:20Z.041,32000,440,0
2026-09-30 03:53:21Z.252,32000,439,0
2026-09-30 03:53:22Z.289,32000,440,0
2026-09-30 03:53:23Z.290,32000,439,0
2026-09-30 03:53:24Z.424,32000,439,0
2026-09-30 03:53:25Z.482,32000,439,0
2026-09-30 03:53:26Z.689,32000,439,0
2026-09-30 03:53:27Z.744,32000,440,0
2026-09-30 03:53:28Z.784,32000,439,0
2026-09-30 03:53:29Z.796,32000,440,0
2026-09-30 03:53:30Z.798,32000,440,0
2026-09-30 03:53:31Z.824,32000,440,0
2026-09-30 03:53:32Z.876,32000,440,0
2026-09-30 03:53:33Z.902,32000,440,0
2026-09-30 03:53:34Z.917,32000,440,0
2026-09-30 03:53:35Z.926,32000,440,0
2026-09-30 03:53:36Z.954,32000,440,0
2026-09-30 03:53:38Z.009,32000,440,0
2026-09-30 03:53:39Z.232,32000,440,0
2026-09-30 03:53:40Z.587,32000,440,0
2026-09-30 03:53:41Z.614,32000,440,0
2026-09-30 03:53:42Z.622,32000,440,0
2026-09-30 03:53:43Z.639,32000,440,0
2026-09-30 03:53:44Z.639,32000,440,0
2026-09-30 03:53:45Z.852,32000,440,0
2026-09-30 03:53:46Z.870,32000,440,0
2026-09-30 03:53:47Z.912,32000,440,0
2026-09-30 03:53:48Z.937,32000,440,0
2026-09-30 03:53:50Z.032,32000,440,0
2026-09-30 03:53:51Z.247,32000,440,0
2026-09-30 03:53:52Z.287,32000,440,0
2026-09-30 03:53:53Z.372,32000,440,0
2026-09-30 03:53:54Z.412,32000,440,0
2026-09-30 03:53:55Z.445,32000,440,0
2026-09-30 03:53:56Z.515,32000,440,0
2026-09-30 03:53:57Z.622,32000,440,0
2026-09-30 03:53:58Z.677,32000,440,0
2026-09-30 03:53:59Z.902,32000,440,0
2026-09-30 03:54:00Z.911,32000,440,0
2026-09-30 03:54:02Z.066,32000,440,0
2026-09-30 03:54:03Z.322,32000,440,0
2026-09-30 03:54:04Z.522,32000,440,0
2026-09-30 03:54:05Z.587,32000,440,0
2026-09-30 03:54:06Z.602,32000,440,0
2026-09-30 03:54:07Z.607,32000,440,0
2026-09-30 03:54:08Z.697,32000,440,0
2026-09-30 03:54:09Z.737,32000,440,0
2026-09-30 03:54:10Z.761,32000,440,0
2026-09-30 03:54:11Z.923,32000,440,0
2026-09-30 03:54:12Z.973,32000,440,0
2026-09-30 03:54:14Z.123,32000,440,0
2026-09-30 03:54:15Z.130,32000,440,0
2026-09-30 03:54:16Z.222,32000,440,0
2026-09-30 03:54:17Z.240,32000,440,0
2026-09-30 03:54:18Z.362,32000,440,0
2026-09-30 03:54:19Z.367,32000,440,0
2026-09-30 03:54:20Z.380,32000,440,0
2026-09-30 03:54:21Z.472,32000,440,0
2026-09-30 03:54:22Z.534,32000,440,0
2026-09-30 03:54:23Z.617,32000,440,0
2026-09-30 03:54:24Z.621,32000,440,0
2026-09-30 03:54:25Z.627,32000,440,0
2026-09-30 03:54:26Z.968,32000,441,0
2026-09-30 03:54:28Z.122,32000,441,0
2026-09-30 03:54:29Z.234,32000,441,0
2026-09-30 03:54:30Z.390,32000,441,0
2026-09-30 03:54:31Z.516,32000,441,0
2026-09-30 03:54:32Z.867,32000,441,0
2026-09-30 03:54:33Z.872,32000,441,0
2026-09-30 03:54:35Z.016,32000,441,0
2026-09-30 03:54:36Z.033,32000,441,0
2026-09-30 03:54:37Z.057,32000,442,0
2026-09-30 03:54:38Z.236,32000,440,0
2026-09-30 03:54:39Z.343,32000,441,0
2026-09-30 03:54:40Z.473,32000,441,0
2026-09-30 03:54:41Z.778,32000,442,0
2026-09-30 03:54:42Z.793,32000,440,0
2026-09-30 03:54:43Z.868,32000,440,0
2026-09-30 03:54:45Z.038,32000,442,0
2026-09-30 03:54:46Z.117,32000,442,0
2026-09-30 03:54:47Z.130,32000,442,0
2026-09-30 03:54:48Z.212,32000,440,0
2026-09-30 03:54:49Z.268,32000,442,0
2026-09-30 03:54:50Z.288,32000,441,0
2026-09-30 03:54:51Z.608,32000,441,0
2026-09-30 03:54:52Z.858,32000,441,0
2026-09-30 03:54:53Z.895,32000,442,0
2026-09-30 03:54:54Z.915,32000,442,0
2026-09-30 03:54:55Z.923,32000,442,0
2026-09-30 03:54:56Z.978,32000,441,0
2026-09-30 03:54:58Z.098,32000,441,0
2026-09-30 03:54:59Z.131,32000,441,0
2026-09-30 03:55:00Z.199,32000,441,0
2026-09-30 03:55:01Z.208,32000,441,0
2026-09-30 03:55:02Z.482,32000,442,0
2026-09-30 03:55:03Z.568,32000,441,0
2026-09-30 03:55:04Z.593,32000,441,0
2026-09-30 03:55:05Z.647,32000,441,0
2026-09-30 03:55:06Z.673,32000,441,0
2026-09-30 03:55:07Z.863,32000,441,0
2026-09-30 03:55:08Z.978,32000,441,0
2026-09-30 03:55:09Z.998,32000,442,0
2026-09-30 03:55:11Z.043,32000,441,0
2026-09-30 03:55:12Z.047,32000,442,0
2026-09-30 03:55:13Z.068,32000,442,0
2026-09-30 03:55:14Z.088,32000,441,0
2026-09-30 03:55:15Z.108,32000,441,0
2026-09-30 03:55:16Z.228,32000,441,0
2026-09-30 03:55:17Z.372,32000,442,0
2026-09-30 03:55:18Z.398,32000,441,0
2026-09-30 03:55:19Z.443,32000,441,0
2026-09-30 03:55:20Z.551,32000,442,0
2026-09-30 03:55:21Z.858,32000,441,0
2026-09-30 03:55:22Z.878,32000,441,0
2026-09-30 03:55:23Z.883,32000,441,0
2026-09-30 03:55:24Z.883,32000,441,0
2026-09-30 03:55:26Z.273,32000,441,0
2026-09-30 03:55:27Z.368,32000,442,0
2026-09-30 03:55:28Z.398,32000,442,0
2026-09-30 03:55:29Z.423,32000,442,0
2026-09-30 03:55:30Z.434,32000,442,0
2026-09-30 03:55:31Z.441,32000,442,0
2026-09-30 03:55:32Z.443,32000,442,0
2026-09-30 03:55:33Z.758,32000,442,0
2026-09-30 03:55:34Z.776,32000,442,0
2026-09-30 03:55:35Z.788,32000,442,0
2026-09-30 03:55:36Z.868,32000,442,0
2026-09-30 03:55:38Z.174,32000,442,0
2026-09-30 03:55:39Z.203,32000,442,0
2026-09-30 03:55:40Z.308,32000,442,0
2026-09-30 03:55:41Z.424,32000,442,0
2026-09-30 03:55:42Z.443,32000,442,0
2026-09-30 03:55:43Z.448,32000,442,0
2026-09-30 03:55:44Z.457,32000,442,0
2026-09-30 03:55:45Z.588,32000,442,0
2026-09-30 03:55:46Z.643,32000,442,0
2026-09-30 03:55:47Z.643,32000,442,0
2026-09-30 03:55:48Z.678,32000,442,0
2026-09-30 03:55:49Z.682,32000,442,0
2026-09-30 03:55:50Z.684,32000,442,0
2026-09-30 03:55:51Z.688,32000,442,0
2026-09-30 03:55:52Z.692,32000,442,0
2026-09-30 03:55:53Z.853,32000,442,0
2026-09-30 03:55:54Z.919,32000,442,0
2026-09-30 03:55:55Z.935,32000,442,0
2026-09-30 03:55:56Z.998,32000,442,0
2026-09-30 03:55:58Z.227,32000,442,0
2026-09-30 03:55:59Z.414,32000,442,0
2026-09-30 03:56:00Z.594,32000,442,0
2026-09-30 03:56:01Z.599,32000,442,0
2026-09-30 03:56:02Z.684,32000,442,0
2026-09-30 03:56:03Z.768,32000,442,0
2026-09-30 03:56:04Z.803,32000,442,0
2026-09-30 03:56:05Z.828,32000,442,0
2026-09-30 03:56:06Z.905,32000,442,0
2026-09-30 03:56:08Z.030,32000,442,0
2026-09-30 03:56:09Z.039,32000,442,0
2026-09-30 03:56:10Z.094,32000,442,0
2026-09-30 03:56:11Z.316,32000,441,0
2026-09-30 03:56:12Z.449,32000,442,0
2026-09-30 03:56:13Z.489,32000,441,0
2026-09-30 03:56:14Z.495,32000,442,0
2026-09-30 03:56:15Z.500,32000,441,0
2026-09-30 03:56:16Z.549,32000,441,0
2026-09-30 03:56:17Z.629,32000,442,0
2026-09-30 03:56:18Z.869,32000,441,0
2026-09-30 03:56:20Z.115,32000,442,0
2026-09-30 03:56:21Z.204,32000,442,0
2026-09-30 03:56:22Z.269,32000,442,0
2026-09-30 03:56:23Z.279,32000,441,0
2026-09-30 03:56:24Z.289,32000,441,0
2026-09-30 03:56:25Z.429,32000,441,0
2026-09-30 03:56:26Z.668,32000,442,0
2026-09-30 03:56:27Z.879,32000,442,0
2026-09-30 03:56:29Z.204,32000,442,0
2026-09-30 03:56:30Z.419,32000,442,0
2026-09-30 03:56:31Z.609,32000,442,0
2026-09-30 03:56:32Z.666,32000,442,0
2026-09-30 03:56:33Z.715,32000,442,0
2026-09-30 03:56:34Z.909,32000,442,0
2026-09-30 03:56:35Z.935,32000,442,0
2026-09-30 03:56:36Z.964,32000,442,0
2026-09-30 03:56:37Z.989,32000,442,0
2026-09-30 03:56:39Z.000,32000,442,0
2026-09-30 03:56:40Z.269,32000,442,0
2026-09-30 03:56:41Z.269,32000,442,0
2026-09-30 03:56:42Z.339,32000,442,0
2026-09-30 03:56:43Z.419,32000,442,0
2026-09-30 03:56:44Z.478,32000,442,0
2026-09-30 03:56:45Z.507,32000,442,0
2026-09-30 03:56:46Z.762,32000,442,0
2026-09-30 03:56:47Z.813,32000,442,0
2026-09-30 03:56:48Z.844,32000,442,0
2026-09-30 03:56:50Z.155,32000,442,0
2026-09-30 03:56:51Z.199,32000,442,0
2026-09-30 03:56:52Z.209,32000,442,0
2026-09-30 03:56:53Z.209,32000,442,0
2026-09-30 03:56:54Z.239,32000,442,0
2026-09-30 03:56:55Z.507,32000,442,0
2026-09-30 03:56:56Z.685,32000,442,0
2026-09-30 03:56:57Z.815,32000,442,0
2026-09-30 03:56:58Z.890,32000,442,0
2026-09-30 03:57:00Z.209,32000,442,0
2026-09-30 03:57:01Z.249,32000,442,0
2026-09-30 03:57:02Z.417,32000,442,0
2026-09-30 03:57:03Z.649,32000,442,0
2026-09-30 03:57:04Z.722,32000,442,0
2026-09-30 03:57:05Z.726,32000,442,0
2026-09-30 03:57:06Z.735,32000,442,0
2026-09-30 03:57:07Z.757,32000,442,0
2026-09-30 03:57:08Z.946,32000,442,0
2026-09-30 03:57:10Z.105,32000,442,0
2026-09-30 03:57:11Z.240,32000,442,0
2026-09-30 03:57:12Z.389,32000,442,0
2026-09-30 03:57:13Z.411,32000,442,0
2026-09-30 03:57:14Z.454,32000,442,0
2026-09-30 03:57:15Z.477,32000,442,0
2026-09-30 03:57:16Z.604,32000,442,0
2026-09-30 03:57:17Z.840,32000,442,0
2026-09-30 03:57:18Z.900,32000,443,0
2026-09-30 03:57:20Z.075,32000,443,0
2026-09-30 03:57:21Z.149,32000,442,0
2026-09-30 03:57:22Z.165,32000,443,0
2026-09-30 03:57:23Z.169,32000,443,0
2026-09-30 03:57:24Z.360,32000,443,0
2026-09-30 03:57:25Z.467,32000,443,0
2026-09-30 03:57:26Z.587,32000,443,0
2026-09-30 03:57:27Z.710,32000,443,0
2026-09-30 03:57:28Z.982,32000,442,0
2026-09-30 03:57:30Z.325,32000,443,0
2026-09-30 03:57:31Z.650,32000,443,0
2026-09-30 03:57:32Z.693,32000,443,0
2026-09-30 03:57:33Z.916,32000,444,0
2026-09-30 03:57:34Z.970,32000,444,0
2026-09-30 03:57:36Z.005,32000,444,0
2026-09-30 03:57:37Z.008,32000,444,0
2026-09-30 03:57:38Z.045,32000,443,0
2026-09-30 03:57:39Z.051,32000,444,0
2026-09-30 03:57:40Z.290,32000,444,0
2026-09-30 03:57:41Z.400,32000,443,0
2026-09-30 03:57:42Z.440,32000,443,0
2026-09-30 03:57:43Z.765,32000,443,0
2026-09-30 03:57:44Z.910,32000,444,0
2026-09-30 03:57:46Z.005,32000,444,0
2026-09-30 03:57:47Z.023,32000,444,0
2026-09-30 03:57:48Z.045,32000,443,0
2026-09-30 03:57:49Z.190,32000,443,0
2026-09-30 03:57:50Z.220,32000,443,0
2026-09-30 03:57:51Z.270,32000,443,0
2026-09-30 03:57:52Z.350,32000,444,0
2026-09-30 03:57:53Z.380,32000,444,0
2026-09-30 03:57:54Z.425,32000,444,0
2026-09-30 03:57:55Z.440,32000,443,0
2026-09-30 03:57:56Z.450,32000,443,0
2026-09-30 03:57:57Z.480,32000,444,0
2026-09-30 03:57:58Z.490,32000,443,0
2026-09-30 03:57:59Z.510,32000,443,0
2026-09-30 03:58:00Z.733,32000,443,0
2026-09-30 03:58:01Z.759,32000,443,0
2026-09-30 03:58:02Z.759,32000,444,0
2026-09-30 03:58:03Z.760,32000,444,0
2026-09-30 03:58:04Z.818,32000,444,0
2026-09-30 03:58:05Z.845,32000,444,0
2026-09-30 03:58:06Z.890,32000,444,0
2026-09-30 03:58:07Z.951,32000,443,0
2026-09-30 03:58:09Z.076,32000,443,0
2026-09-30 03:58:10Z.110,32000,443,0
2026-09-30 03:58:11Z.130,32000,443,0
2026-09-30 03:58:12Z.130,32000,443,0
2026-09-30 03:58:13Z.256,32000,443,0
2026-09-30 03:58:14Z.310,32000,443,0
2026-09-30 03:58:15Z.405,32000,443,0
2026-09-30 03:58:16Z.430,32000,443,0
2026-09-30 03:58:17Z.615,32000,443,0
2026-09-30 03:58:18Z.637,32000,443,0
2026-09-30 03:58:19Z.706,32000,444,0
2026-09-30 03:58:20Z.774,32000,444,0
2026-09-30 03:58:21Z.780,32000,444,0
2026-09-30 03:58:22Z.784,32000,444,0
2026-09-30 03:58:23Z.790,32000,444,0
2026-09-30 03:58:24Z.796,32000,444,0
2026-09-30 03:58:25Z.797,32000,443,0
2026-09-30 03:58:26Z.810,32000,443,0
2026-09-30 03:58:28Z.150,32000,443,0
2026-09-30 03:58:29Z.165,32000,443,0
2026-09-30 03:58:30Z.176,32000,443,0
2026-09-30 03:58:31Z.202,32000,443,0
2026-09-30 03:58:32Z.274,32000,444,0
2026-09-30 03:58:33Z.279,32000,443,0
2026-09-30 03:58:34Z.290,32000,443,0
2026-09-30 03:58:35Z.330,32000,443,0
2026-09-30 03:58:36Z.449,32000,444,0
2026-09-30 03:58:37Z.541,32000,443,0
2026-09-30 03:58:38Z.571,32000,444,0
2026-09-30 03:58:39Z.757,32000,444,0
2026-09-30 03:58:40Z.813,32000,444,0
2026-09-30 03:58:41Z.815,32000,444,0
2026-09-30 03:58:43Z.075,32000,444,0
2026-09-30 03:58:44Z.231,32000,444,0
2026-09-30 03:58:45Z.241,32000,444,0
2026-09-30 03:58:46Z.416,32000,444,0
2026-09-30 03:58:47Z.471,32000,444,0
2026-09-30 03:58:48Z.501,32000,444,0
2026-09-30 03:58:49Z.761,32000,444,0
2026-09-30 03:58:50Z.821,32000,444,0
2026-09-30 03:58:51Z.832,32000,444,0
2026-09-30 03:58:52Z.941,32000,444,0
2026-09-30 03:58:54Z.015,32000,444,0
2026-09-30 03:58:55Z.037,32000,444,0
2026-09-30 03:58:56Z.040,32000,444,0
2026-09-30 03:58:57Z.166,32000,444,0
2026-09-30 03:58:58Z.171,32000,444,0
2026-09-30 03:58:59Z.246,32000,444,0
2026-09-30 03:59:00Z.286,32000,444,0
2026-09-30 03:59:01Z.421,32000,444,0
2026-09-30 03:59:02Z.434,32000,444,0
2026-09-30 03:59:03Z.471,32000,444,0
2026-09-30 03:59:04Z.926,32000,444,0
2026-09-30 03:59:06Z.051,32000,444,0
2026-09-30 03:59:07Z.346,32000,444,0
2026-09-30 03:59:08Z.367,32000,444,0
2026-09-30 03:59:09Z.379,32000,444,0
2026-09-30 03:59:10Z.518,32000,444,0
2026-09-30 03:59:11Z.591,32000,444,0
2026-09-30 03:59:12Z.677,32000,444,0
2026-09-30 03:59:13Z.886,32000,444,0
2026-09-30 03:59:15Z.040,32000,444,0
2026-09-30 03:59:16Z.371,32000,444,0
2026-09-30 03:59:17Z.499,32000,444,0
2026-09-30 03:59:18Z.628,32000,444,0
2026-09-30 03:59:19Z.737,32000,444,0
2026-09-30 03:59:20Z.859,32000,444,0
2026-09-30 03:59:21Z.981,32000,444,0
2026-09-30 03:59:23Z.086,32000,444,0
2026-09-30 03:59:24Z.134,32000,444,0
2026-09-30 03:59:25Z.381,32000,444,0
2026-09-30 03:59:26Z.467,32000,444,0
2026-09-30 03:59:27Z.467,32000,444,0
2026-09-30 03:59:28Z.566,32000,444,0
2026-09-30 03:59:29Z.785,32000,444,0
2026-09-30 03:59:30Z.860,32000,444,0
2026-09-30 03:59:31Z.956,32000,444,0
2026-09-30 03:59:33Z.046,32000,444,0
2026-09-30 03:59:34Z.051,32000,444,0
2026-09-30 03:59:35Z.076,32000,444,0
2026-09-30 03:59:36Z.083,32000,444,0
2026-09-30 03:59:37Z.241,32000,444,0
2026-09-30 03:59:38Z.291,32000,444,0
2026-09-30 03:59:39Z.355,32000,444,0
2026-09-30 03:59:40Z.488,32000,444,0
2026-09-30 03:59:41Z.588,32000,444,0
2026-09-30 03:59:42Z.662,32000,444,0
2026-09-30 03:59:43Z.676,32000,444,0
2026-09-30 03:59:44Z.677,32000,444,0
2026-09-30 03:59:45Z.717,32000,444,0
2026-09-30 03:59:46Z.741,32000,444,0
2026-09-30 03:59:47Z.756,32000,444,0
2026-09-30 03:59:49Z.106,32000,444,0
2026-09-30 03:59:50Z.111,32000,444,0
2026-09-30 03:59:51Z.114,32000,444,0
2026-09-30 03:59:52Z.376,32000,444,0
2026-09-30 03:59:53Z.451,32000,444,0
2026-09-30 03:59:54Z.566,32000,444,0
2026-09-30 03:59:55Z.586,32000,444,0
2026-09-30 03:59:56Z.614,32000,444,0
2026-09-30 03:59:57Z.684,32000,444,0
2026-09-30 03:59:58Z.711,32000,444,0
2026-09-30 03:59:59Z.732,32000,444,0
2026-09-30 04:00:00Z.761,32000,444,0
2026-09-30 04:00:01Z.959,32000,444,0
2026-09-30 04:00:03Z.151,32000,444,0
2026-09-30 04:00:04Z.162,32000,444,0
2026-09-30 04:00:05Z.292,32000,444,0
2026-09-30 04:00:06Z.447,32000,444,0
2026-09-30 04:00:07Z.460,32000,444,0
2026-09-30 04:00:08Z.527,32000,444,0
2026-09-30 04:00:09Z.769,32000,444,0
2026-09-30 04:00:10Z.812,32000,444,0
2026-09-30 04:00:11Z.819,32000,444,0
2026-09-30 04:00:12Z.821,32000,444,0
2026-09-30 04:00:13Z.837,32000,444,0
2026-09-30 04:00:14Z.892,32000,444,0
2026-09-30 04:00:15Z.894,32000,444,0
2026-09-30 04:00:16Z.962,32000,444,0
2026-09-30 04:00:18Z.107,32000,444,0
2026-09-30 04:00:19Z.152,32000,444,0
2026-09-30 04:00:20Z.238,32000,444,0
2026-09-30 04:00:21Z.292,32000,444,0
2026-09-30 04:00:22Z.552,32000,444,0
2026-09-30 04:00:23Z.582,32000,444,0
2026-09-30 04:00:24Z.639,32000,444,0
2026-09-30 04:00:25Z.909,32000,444,0
2026-09-30 04:00:26Z.937,32000,444,0
2026-09-30 04:00:27Z.940,32000,444,0
2026-09-30 04:00:28Z.977,32000,444,0
2026-09-30 04:00:30Z.469,32000,444,0
2026-09-30 04:00:31Z.489,32000,444,0
2026-09-30 04:00:32Z.511,32000,444,0
2026-09-30 04:00:33Z.522,32000,444,0
2026-09-30 04:00:34Z.652,32000,446,0
2026-09-30 04:00:35Z.682,32000,444,0
2026-09-30 04:00:36Z.702,32000,444,0
2026-09-30 04:00:37Z.717,32000,444,0
2026-09-30 04:00:38Z.723,32000,446,0
2026-09-30 04:00:39Z.772,32000,444,0
2026-09-30 04:00:40Z.847,32000,445,0
2026-09-30 04:00:41Z.897,32000,445,0
2026-09-30 04:00:42Z.932,32000,445,0
2026-09-30 04:00:43Z.938,32000,446,0
2026-09-30 04:00:44Z.948,32000,446,0
2026-09-30 04:00:45Z.951,32000,445,0
2026-09-30 04:00:47Z.223,32000,446,0
2026-09-30 04:00:48Z.367,32000,445,0
2026-09-30 04:00:49Z.772,32000,445,0
2026-09-30 04:00:50Z.777,32000,445,0
2026-09-30 04:00:51Z.939,32000,446,0
2026-09-30 04:00:53Z.070,32000,445,0
2026-09-30 04:00:54Z.167,32000,445,0
2026-09-30 04:00:55Z.243,32000,445,0
2026-09-30 04:00:56Z.391,32000,445,0
2026-09-30 04:00:57Z.453,32000,445,0
2026-09-30 04:00:58Z.488,32000,446,0
2026-09-30 04:00:59Z.613,32000,446,0
2026-09-30 04:01:00Z.941,32000,445,0
2026-09-30 04:01:02Z.214,32000,446,0
2026-09-30 04:01:03Z.267,32000,446,0
2026-09-30 04:01:04Z.288,32000,446,0
2026-09-30 04:01:05Z.383,32000,446,0
2026-09-30 04:01:06Z.420,32000,446,0
2026-09-30 04:01:07Z.608,32000,446,0
2026-09-30 04:01:08Z.652,32000,446,0
2026-09-30 04:01:09Z.658,32000,446,0
2026-09-30 04:01:10Z.672,32000,446,0
2026-09-30 04:01:11Z.688,32000,446,0
2026-09-30 04:01:12Z.818,32000,446,0
2026-09-30 04:01:13Z.863,32000,446,0
2026-09-30 04:01:14Z.870,32000,446,0
2026-09-30 04:01:15Z.957,32000,446,0
2026-09-30 04:01:17Z.097,32000,446,0
2026-09-30 04:01:18Z.105,32000,446,0
2026-09-30 04:01:19Z.292,32000,446,0
2026-09-30 04:01:20Z.297,32000,446,0
2026-09-30 04:01:21Z.303,32000,446,0
2026-09-30 04:01:22Z.353,32000,446,0
2026-09-30 04:01:23Z.380,32000,446,0
2026-09-30 04:01:24Z.583,32000,446,0
2026-09-30 04:01:25Z.768,32000,446,0
2026-09-30 04:01:26Z.803,32000,446,0
2026-09-30 04:01:27Z.978,32000,446,0
2026-09-30 04:01:29Z.058,32000,446,0
2026-09-30 04:01:30Z.753,32000,446,0
2026-09-30 04:01:31Z.848,32000,446,0
2026-09-30 04:01:32Z.882,32000,446,0
2026-09-30 04:01:33Z.956,32000,446,0
2026-09-30 04:01:35Z.154,32000,446,0
2026-09-30 04:01:36Z.228,32000,447,0
2026-09-30 04:01:37Z.493,32000,447,0
2026-09-30 04:01:38Z.516,32000,447,0
2026-09-30 04:01:39Z.643,32000,446,0
2026-09-30 04:01:40Z.663,32000,446,0
2026-09-30 04:01:41Z.673,32000,446,0
2026-09-30 04:01:42Z.803,32000,446,0
2026-09-30 04:01:43Z.823,32000,446,0
2026-09-30 04:01:44Z.881,32000,446,0
2026-09-30 04:01:45Z.988,32000,446,0
2026-09-30 04:01:47Z.068,32000,446,0
2026-09-30 04:01:48Z.248,32000,446,0
2026-09-30 04:01:49Z.268,32000,446,0
2026-09-30 04:01:50Z.273,32000,446,0
2026-09-30 04:01:51Z.278,32000,446,0
2026-09-30 04:01:52Z.293,32000,446,0
2026-09-30 04:01:53Z.319,32000,446,0
2026-09-30 04:01:54Z.613,32000,446,0
2026-09-30 04:01:55Z.848,32000,446,0
2026-09-30 04:01:56Z.908,32000,446,0
2026-09-30 04:01:57Z.963,32000,446,0
2026-09-30 04:01:59Z.003,32000,446,0
2026-09-30 04:02:00Z.493,32000,446,0
2026-09-30 04:02:01Z.498,32000,446,0
2026-09-30 04:02:02Z.573,32000,446,0
2026-09-30 04:02:03Z.579,32000,446,0
2026-09-30 04:02:04Z.611,32000,447,0
2026-09-30 04:02:05Z.618,32000,447,0
2026-09-30 04:02:06Z.693,32000,446,0
2026-09-30 04:02:07Z.696,32000,447,0
2026-09-30 04:02:08Z.813,32000,447,0
2026-09-30 04:02:09Z.858,32000,447,0
2026-09-30 04:02:10Z.881,32000,447,0
2026-09-30 04:02:11Z.915,32000,448,0
2026-09-30 04:02:13Z.139,32000,447,0
2026-09-30 04:02:14Z.257,32000,447,0
2026-09-30 04:02:15Z.548,32000,447,0
2026-09-30 04:02:16Z.569,32000,448,0
2026-09-30 04:02:17Z.583,32000,447,0
2026-09-30 04:02:18Z.624,32000,447,0
2026-09-30 04:02:19Z.727,32000,447,0
2026-09-30 04:02:21Z.008,32000,447,0
2026-09-30 04:02:22Z.119,32000,447,0
2026-09-30 04:02:23Z.153,32000,447,0
2026-09-30 04:02:24Z.174,32000,447,0
2026-09-30 04:02:25Z.179,32000,448,0
2026-09-30 04:02:26Z.258,32000,448,0
2026-09-30 04:02:27Z.293,32000,448,0
2026-09-30 04:02:28Z.348,32000,447,0
2026-09-30 04:02:29Z.496,32000,447,0
2026-09-30 04:02:30Z.799,32000,447,0
2026-09-30 04:02:31Z.811,32000,447,0
2026-09-30 04:02:32Z.859,32000,447,0
2026-09-30 04:02:33Z.894,32000,447,0
2026-09-30 04:02:34Z.907,32000,448,0
2026-09-30 04:02:36Z.035,32000,447,0
2026-09-30 04:02:37Z.184,32000,448,0
2026-09-30 04:02:38Z.439,32000,447,0
2026-09-30 04:02:39Z.469,32000,447,0
2026-09-30 04:02:40Z.489,32000,447,0
2026-09-30 04:02:41Z.844,32000,448,0
2026-09-30 04:02:43Z.249,32000,447,0
2026-09-30 04:02:44Z.309,32000,447,0
2026-09-30 04:02:45Z.324,32000,447,0
2026-09-30 04:02:46Z.324,32000,447,0
2026-09-30 04:02:47Z.453,32000,448,0
2026-09-30 04:02:48Z.454,32000,447,0
2026-09-30 04:02:49Z.464,32000,447,0
2026-09-30 04:02:50Z.879,32000,447,0
2026-09-30 04:02:51Z.884,32000,448,0
2026-09-30 04:02:52Z.979,32000,447,0
2026-09-30 04:02:54Z.059,32000,448,0
2026-09-30 04:02:55Z.381,32000,448,0
2026-09-30 04:02:56Z.392,32000,448,0
2026-09-30 04:02:57Z.499,32000,448,0
2026-09-30 04:02:58Z.504,32000,447,0
2026-09-30 04:02:59Z.534,32000,447,0
2026-09-30 04:03:00Z.635,32000,447,0
2026-09-30 04:03:01Z.774,32000,448,0
2026-09-30 04:03:02Z.804,32000,447,0
2026-09-30 04:03:03Z.819,32000,447,0
2026-09-30 04:03:04Z.939,32000,447,0
2026-09-30 04:03:05Z.979,32000,447,0
2026-09-30 04:03:07Z.040,32000,448,0
2026-09-30 04:03:08Z.174,32000,447,0
2026-09-30 04:03:09Z.184,32000,447,0
2026-09-30 04:03:10Z.423,32000,447,0
2026-09-30 04:03:11Z.554,32000,447,0
2026-09-30 04:03:12Z.904,32000,447,0
2026-09-30 04:03:14Z.027,32000,447,0
2026-09-30 04:03:15Z.270,32000,448,0
2026-09-30 04:03:16Z.365,32000,448,0
2026-09-30 04:03:17Z.820,32000,447,0
2026-09-30 04:03:19Z.048,32000,447,0
2026-09-30 04:03:20Z.301,32000,448,0
2026-09-30 04:03:21Z.370,32000,447,0
2026-09-30 04:03:22Z.390,32000,447,0
2026-09-30 04:03:23Z.410,32000,447,0
2026-09-30 04:03:24Z.425,32000,447,0
2026-09-30 04:03:25Z.794,32000,447,0
2026-09-30 04:03:26Z.873,32000,447,0
2026-09-30 04:03:28Z.029,32000,446,0
2026-09-30 04:03:29Z.212,32000,446,0
2026-09-30 04:03:30Z.574,32000,446,0
2026-09-30 04:03:31Z.679,32000,446,0
2026-09-30 04:03:32Z.699,32000,446,0
2026-09-30 04:03:34Z.199,32000,448,0
2026-09-30 04:03:35Z.294,32000,446,0
2026-09-30 04:03:36Z.337,32000,448,0
2026-09-30 04:03:37Z.500,32000,446,0
2026-09-30 04:03:38Z.598,32000,446,0
2026-09-30 04:03:39Z.610,32000,446,0
2026-09-30 04:03:39Z.734,32000,446,0
2026-09-30 04:03:40Z.705,32000,446,0
2026-09-30 04:03:41Z.800,32000,448,0
2026-09-30 04:03:42Z.800,32000,446,0
2026-09-30 04:03:44Z.001,32000,446,0
2026-09-30 04:03:45Z.061,32000,448,0
2026-09-30 04:03:46Z.104,32000,448,0
2026-09-30 04:03:47Z.199,32000,448,0
2026-09-30 04:03:48Z.400,32000,446,0
2026-09-30 04:03:49Z.460,32000,446,0
2026-09-30 04:03:50Z.500,32000,446,0
2026-09-30 04:03:51Z.709,32000,448,0
2026-09-30 04:03:52Z.734,32000,446,0
2026-09-30 04:03:53Z.744,32000,446,0
2026-09-30 04:03:54Z.744,32000,446,0
2026-09-30 04:03:55Z.834,32000,446,0
2026-09-30 04:03:56Z.858,32000,446,0
2026-09-30 04:03:58Z.112,32000,446,0
2026-09-30 04:03:59Z.195,32000,446,0
2026-09-30 04:04:00Z.227,32000,448,0
2026-09-30 04:04:01Z.303,32000,447,0
2026-09-30 04:04:02Z.340,32000,446,0
2026-09-30 04:04:03Z.380,32000,447,0
2026-09-30 04:04:04Z.703,32000,448,0
2026-09-30 04:04:05Z.720,32000,447,0
2026-09-30 04:04:06Z.750,32000,448,0
2026-09-30 04:04:07Z.875,32000,447,0
2026-09-30 04:04:09Z.182,32000,447,0
2026-09-30 04:04:10Z.270,32000,447,0
2026-09-30 04:04:11Z.289,32000,448,0
2026-09-30 04:04:12Z.418,32000,447,0
2026-09-30 04:04:13Z.760,32000,447,0
2026-09-30 04:04:14Z.765,32000,447,0
2026-09-30 04:04:15Z.795,32000,447,0
2026-09-30 04:04:16Z.855,32000,448,0
2026-09-30 04:04:18Z.060,32000,446,0
2026-09-30 04:04:19Z.120,32000,447,0
2026-09-30 04:04:20Z.470,32000,446,0
2026-09-30 04:04:21Z.600,32000,446,0
2026-09-30 04:04:22Z.680,32000,446,0
2026-09-30 04:04:23Z.825,32000,447,0
2026-09-30 04:04:24Z.870,32000,447,0
2026-09-30 04:04:25Z.935,32000,447,0
2026-09-30 04:04:27Z.040,32000,447,0
2026-09-30 04:04:28Z.055,32000,447,0
2026-09-30 04:04:29Z.065,32000,447,0
2026-09-30 04:04:30Z.255,32000,447,0
2026-09-30 04:04:31Z.286,32000,446,0
2026-09-30 04:04:32Z.370,32000,447,0
2026-09-30 04:04:33Z.475,32000,447,0
2026-09-30 04:04:34Z.685,32000,447,0
2026-09-30 04:04:35Z.748,32000,447,0
2026-09-30 04:04:36Z.820,32000,446,0
2026-09-30 04:04:37Z.855,32000,447,0
2026-09-30 04:04:39Z.000,32000,446,0
2026-09-30 04:04:40Z.020,32000,447,0
2026-09-30 04:04:41Z.100,32000,447,0
2026-09-30 04:04:42Z.135,32000,446,0
2026-09-30 04:04:43Z.165,32000,446,0
2026-09-30 04:04:44Z.166,32000,446,0
2026-09-30 04:04:45Z.185,32000,446,0
2026-09-30 04:04:46Z.186,32000,447,0
2026-09-30 04:04:47Z.200,32000,447,0
2026-09-30 04:04:48Z.255,32000,447,0
2026-09-30 04:04:49Z.536,32000,446,0
2026-09-30 04:04:50Z.811,32000,446,0
2026-09-30 04:04:51Z.856,32000,446,0
2026-09-30 04:04:52Z.940,32000,446,0
2026-09-30 04:04:53Z.955,32000,446,0
2026-09-30 04:04:54Z.981,32000,446,0
2026-09-30 04:04:55Z.982,32000,446,0
2026-09-30 04:04:57Z.025,32000,446,0
2026-09-30 04:04:58Z.060,32000,446,0
2026-09-30 04:04:59Z.080,32000,446,0
2026-09-30 04:05:00Z.095,32000,446,0
2026-09-30 04:05:01Z.215,32000,446,0
2026-09-30 04:05:02Z.400,32000,446,0
2026-09-30 04:05:03Z.470,32000,446,0
2026-09-30 04:05:04Z.495,32000,446,0
2026-09-30 04:05:05Z.545,32000,446,0
2026-09-30 04:05:06Z.610,32000,446,0
2026-09-30 04:05:07Z.615,32000,446,0
2026-09-30 04:05:08Z.653,32000,446,0
2026-09-30 04:05:09Z.774,32000,446,0
2026-09-30 04:05:10Z.952,32000,446,0
2026-09-30 04:05:12Z.023,32000,446,0
2026-09-30 04:05:13Z.065,32000,446,0
2026-09-30 04:05:14Z.069,32000,446,0
2026-09-30 04:05:15Z.310,32000,446,0
2026-09-30 04:05:16Z.391,32000,446,0
2026-09-30 04:05:17Z.400,32000,446,0
2026-09-30 04:05:18Z.465,32000,446,0
2026-09-30 04:05:19Z.495,32000,446,0
2026-09-30 04:05:20Z.536,32000,446,0
2026-09-30 04:05:21Z.537,32000,446,0
2026-09-30 04:05:22Z.565,32000,446,0
2026-09-30 04:05:23Z.641,32000,446,0
2026-09-30 04:05:24Z.690,32000,446,0
2026-09-30 04:05:25Z.915,32000,446,0
2026-09-30 04:05:26Z.991,32000,446,0
2026-09-30 04:05:28Z.011,32000,446,0
2026-09-30 04:05:29Z.026,32000,446,0
2026-09-30 04:05:30Z.054,32000,446,0
2026-09-30 04:05:31Z.096,32000,446,0
2026-09-30 04:05:32Z.110,32000,446,0
2026-09-30 04:05:33Z.121,32000,446,0
2026-09-30 04:05:34Z.131,32000,446,0
2026-09-30 04:05:35Z.150,32000,446,0
2026-09-30 04:05:36Z.176,32000,446,0
2026-09-30 04:05:37Z.341,32000,446,0
2026-09-30 04:05:38Z.421,32000,446,0
2026-09-30 04:05:39Z.441,32000,446,0
2026-09-30 04:05:40Z.476,32000,446,0
2026-09-30 04:05:41Z.551,32000,445,0
2026-09-30 04:05:42Z.681,32000,446,0
2026-09-30 04:05:43Z.684,32000,445,0
2026-09-30 04:05:44Z.701,32000,445,0
2026-09-30 04:05:45Z.724,32000,444,0
2026-09-30 04:05:46Z.761,32000,446,0
2026-09-30 04:05:47Z.771,32000,445,0
2026-09-30 04:05:48Z.986,32000,445,0
2026-09-30 04:05:50Z.073,32000,446,0
2026-09-30 04:05:51Z.164,32000,444,0
2026-09-30 04:05:52Z.331,32000,444,0
2026-09-30 04:05:53Z.381,32000,444,0
2026-09-30 04:05:54Z.461,32000,444,0
2026-09-30 04:05:55Z.496,32000,444,0
2026-09-30 04:05:56Z.511,32000,444,0
2026-09-30 04:05:57Z.607,32000,444,0
2026-09-30 04:05:58Z.689,32000,444,0
2026-09-30 04:05:59Z.815,32000,444,0
2026-09-30 04:06:00Z.862,32000,444,0
2026-09-30 04:06:01Z.976,32000,444,0
2026-09-30 04:06:02Z.981,32000,444,0
2026-09-30 04:06:04Z.096,32000,444,0
2026-09-30 04:06:05Z.181,32000,444,0
2026-09-30 04:06:06Z.186,32000,444,0
2026-09-30 04:06:07Z.281,32000,444,0
2026-09-30 04:06:08Z.296,32000,444,0
2026-09-30 04:06:09Z.301,32000,444,0
2026-09-30 04:06:10Z.310,32000,444,0
2026-09-30 04:06:11Z.311,32000,444,0
2026-09-30 04:06:12Z.351,32000,444,0
2026-09-30 04:06:13Z.456,32000,444,0
2026-09-30 04:06:14Z.486,32000,444,0
2026-09-30 04:06:15Z.606,32000,444,0
2026-09-30 04:06:16Z.813,32000,444,0
2026-09-30 04:06:17Z.896,32000,444,0
2026-09-30 04:06:19Z.001,32000,444,0
2026-09-30 04:06:20Z.004,32000,444,0
2026-09-30 04:06:21Z.111,32000,444,0
2026-09-30 04:06:22Z.306,32000,444,0
2026-09-30 04:06:23Z.431,32000,444,0
2026-09-30 04:06:24Z.557,32000,444,0
2026-09-30 04:06:25Z.646,32000,443,0
2026-09-30 04:06:26Z.811,32000,443,0
2026-09-30 04:06:27Z.831,32000,443,0
2026-09-30 04:06:29Z.083,32000,443,0
2026-09-30 04:06:30Z.088,32000,443,0
2026-09-30 04:06:31Z.122,32000,443,0
2026-09-30 04:06:32Z.211,32000,444,0
2026-09-30 04:06:33Z.227,32000,443,0
2026-09-30 04:06:34Z.376,32000,444,0
2026-09-30 04:06:35Z.451,32000,443,0
2026-09-30 04:06:36Z.592,32000,443,0
2026-09-30 04:06:37Z.696,32000,443,0
2026-09-30 04:06:38Z.717,32000,442,0
2026-09-30 04:06:40Z.092,32000,443,0
2026-09-30 04:06:41Z.108,32000,443,0
2026-09-30 04:06:42Z.402,32000,442,0
2026-09-30 04:06:43Z.409,32000,443,0
2026-09-30 04:06:44Z.551,32000,443,0
2026-09-30 04:06:45Z.642,32000,442,0
2026-09-30 04:06:46Z.646,32000,442,0
2026-09-30 04:06:47Z.796,32000,442,0
2026-09-30 04:06:48Z.854,32000,442,0
2026-09-30 04:06:50Z.128,32000,442,0
2026-09-30 04:06:51Z.171,32000,442,0
2026-09-30 04:06:52Z.196,32000,442,0
2026-09-30 04:06:53Z.207,32000,442,0
2026-09-30 04:06:54Z.402,32000,442,0
2026-09-30 04:06:55Z.452,32000,442,0
2026-09-30 04:06:56Z.481,32000,442,0
2026-09-30 04:06:57Z.656,32000,442,0
2026-09-30 04:06:58Z.686,32000,442,0
2026-09-30 04:06:59Z.701,32000,442,0
2026-09-30 04:07:00Z.706,32000,442,0
2026-09-30 04:07:01Z.742,32000,442,0
2026-09-30 04:07:02Z.932,32000,442,0
2026-09-30 04:07:03Z.946,32000,442,0
2026-09-30 04:07:04Z.952,32000,442,0
2026-09-30 04:07:06Z.075,32000,442,0
2026-09-30 04:07:07Z.212,32000,442,0
2026-09-30 04:07:08Z.477,32000,441,0
2026-09-30 04:07:09Z.497,32000,441,0
2026-09-30 04:07:10Z.723,32000,441,0
2026-09-30 04:07:11Z.788,32000,441,0
2026-09-30 04:07:12Z.807,32000,441,0
2026-09-30 04:07:14Z.027,32000,441,0
2026-09-30 04:07:15Z.052,32000,441,0
2026-09-30 04:07:16Z.061,32000,441,0
2026-09-30 04:07:17Z.296,32000,441,0
2026-09-30 04:07:18Z.322,32000,441,0
2026-09-30 04:07:19Z.342,32000,441,0
2026-09-30 04:07:20Z.622,32000,441,0
2026-09-30 04:07:21Z.622,32000,442,0
2026-09-30 04:07:22Z.692,32000,442,0
2026-09-30 04:07:23Z.749,32000,440,0
2026-09-30 04:07:24Z.756,32000,442,0
2026-09-30 04:07:25Z.762,32000,440,0
2026-09-30 04:07:26Z.792,32000,440,0
2026-09-30 04:07:27Z.822,32000,440,0
2026-09-30 04:07:28Z.937,32000,440,0
2026-09-30 04:07:30Z.176,32000,440,0
2026-09-30 04:07:31Z.337,32000,440,0
2026-09-30 04:07:32Z.347,32000,440,0
2026-09-30 04:07:33Z.560,32000,440,0
2026-09-30 04:07:34Z.712,32000,440,0
2026-09-30 04:07:35Z.733,32000,440,0
2026-09-30 04:07:36Z.747,32000,440,0
2026-09-30 04:07:37Z.872,32000,440,0
2026-09-30 04:07:38Z.908,32000,440,0
2026-09-30 04:07:39Z.982,32000,440,0
2026-09-30 04:07:41Z.017,32000,440,0
2026-09-30 04:07:42Z.043,32000,440,0
2026-09-30 04:07:43Z.062,32000,440,0
2026-09-30 04:07:44Z.102,32000,440,0
2026-09-30 04:07:45Z.177,32000,440,0
2026-09-30 04:07:46Z.431,32000,440,0
2026-09-30 04:07:47Z.593,32000,440,0
2026-09-30 04:07:48Z.607,32000,440,0
2026-09-30 04:07:49Z.612,32000,440,0
2026-09-30 04:07:50Z.653,32000,440,0
2026-09-30 04:07:51Z.657,32000,439,0
2026-09-30 04:07:52Z.733,32000,440,0
2026-09-30 04:07:53Z.776,32000,440,0
2026-09-30 04:07:54Z.785,32000,440,0
2026-09-30 04:07:55Z.832,32025,440,64
2026-09-30 04:07:57Z.023,32025,440,128
2026-09-30 04:07:58Z.037,32025,440,192
2026-09-30 04:07:59Z.048,32025,440,256
2026-09-30 04:08:00Z.209,32025,442,320
2026-09-30 04:08:01Z.257,32025,442,448
2026-09-30 04:08:02Z.326,32050,441,576
2026-09-30 04:08:03Z.593,32050,441,640
2026-09-30 04:08:04Z.602,32075,442,768
2026-09-30 04:08:05Z.623,32075,441,960
2026-09-30 04:08:06Z.708,32100,442,1024
2026-09-30 04:08:07Z.747,32125,441,1152
2026-09-30 04:08:08Z.773,32125,441,1216
2026-09-30 04:08:10Z.173,32175,440,1280
2026-09-30 04:08:11Z.198,32175,440,1408
2026-09-30 04:08:12Z.292,32200,440,1408
2026-09-30 04:08:13Z.400,32225,440,1408
2026-09-30 04:08:14Z.528,32250,439,1408
2026-09-30 04:08:15Z.563,32275,440,1408
2026-09-30 04:08:16Z.583,32300,439,1344
2026-09-30 04:08:17Z.598,32325,439,1344
2026-09-30 04:08:18Z.600,32350,438,1344
2026-09-30 04:08:19Z.622,32375,438,1344
2026-09-30 04:08:20Z.697,32400,438,1344
2026-09-30 04:08:21Z.725,32400,438,1344
2026-09-30 04:08:22Z.858,32425,438,1344
2026-09-30 04:08:23Z.958,32450,438,1344
2026-09-30 04:08:24Z.983,32475,438,1344
2026-09-30 04:08:25Z.991,32500,438,1344
2026-09-30 04:08:27Z.113,32525,438,1344
2026-09-30 04:08:28Z.123,32550,437,1344
2026-09-30 04:08:29Z.448,32575,437,1344
2026-09-30 04:08:30Z.574,32600,438,1344
2026-09-30 04:08:31Z.775,32625,437,1344
2026-09-30 04:08:32Z.873,32650,436,1344
2026-09-30 04:08:33Z.918,32675,436,1344
2026-09-30 04:08:34Z.993,32700,436,1344
2026-09-30 04:08:35Z.994,32725,436,1280
2026-09-30 04:08:37Z.148,32750,437,1280
2026-09-30 04:08:38Z.148,32775,437,1280
2026-09-30 04:08:39Z.423,32800,436,1280
2026-09-30 04:08:40Z.458,32825,436,1280
2026-09-30 04:08:41Z.488,32850,435,1216
2026-09-30 04:08:42Z.640,32850,435,1216
2026-09-30 04:08:43Z.812,32875,435,1216
2026-09-30 04:08:44Z.963,32925,435,1216
2026-09-30 04:08:45Z.964,32925,436,1216
2026-09-30 04:08:47Z.013,32950,436,1216
2026-09-30 04:08:48Z.103,32975,436,1280
2026-09-30 04:08:49Z.444,33000,434,1280
2026-09-30 04:08:50Z.478,33025,434,1280
2026-09-30 04:08:51Z.533,33050,434,1280
2026-09-30 04:08:52Z.658,33075,434,1280
2026-09-30 04:08:53Z.673,33100,434,1216
2026-09-30 04:08:54Z.698,33125,434,1216
2026-09-30 04:08:55Z.708,33150,433,1216
2026-09-30 04:08:56Z.766,33150,433,1152
2026-09-30 04:08:58Z.088,33175,433,1152
2026-09-30 04:08:59Z.183,33200,434,1152
2026-09-30 04:09:00Z.223,33225,433,1152
2026-09-30 04:09:01Z.248,33250,433,1152
2026-09-30 04:09:02Z.298,33275,434,1152
2026-09-30 04:09:03Z.344,33300,433,1152
2026-09-30 04:09:04Z.344,33325,433,1152
2026-09-30 04:09:05Z.505,33325,432,1152
2026-09-30 04:09:06Z.555,33350,432,1088
2026-09-30 04:09:07Z.603,33375,432,1088
2026-09-30 04:09:08Z.669,33375,432,1088
2026-09-30 04:09:09Z.753,33425,432,1088
2026-09-30 04:09:10Z.813,33425,432,1088
2026-09-30 04:09:11Z.834,33450,432,1088
2026-09-30 04:09:12Z.958,33475,432,1088
2026-09-30 04:09:13Z.978,33500,432,1152
2026-09-30 04:09:15Z.023,33525,432,1152
2026-09-30 04:09:16Z.408,33525,432,1152
2026-09-30 04:09:17Z.463,33550,431,1152
2026-09-30 04:09:18Z.618,33575,431,1152
2026-09-30 04:09:19Z.619,33600,432,1152
2026-09-30 04:09:20Z.904,33625,432,1152
2026-09-30 04:09:22Z.119,33650,431,1152
2026-09-30 04:09:23Z.203,33675,431,1152
2026-09-30 04:09:24Z.283,33700,431,1152
2026-09-30 04:09:25Z.312,33700,431,1152
2026-09-30 04:09:26Z.585,33725,430,1152
2026-09-30 04:09:27Z.838,33750,430,1152
2026-09-30 04:09:28Z.959,33775,430,1152
2026-09-30 04:09:30Z.019,33800,430,1088
2026-09-30 04:09:31Z.063,33825,430,1088
2026-09-30 04:09:32Z.064,33850,430,1088
2026-09-30 04:09:33Z.089,33875,430,1088
2026-09-30 04:09:34Z.089,33875,430,1088
2026-09-30 04:09:35Z.284,33900,430,1088
2026-09-30 04:09:36Z.464,33925,430,1088
2026-09-30 04:09:37Z.534,33950,429,1024
2026-09-30 04:09:38Z.589,33950,429,960
2026-09-30 04:09:39Z.644,33975,430,768
2026-09-30 04:09:40Z.804,34000,430,640
2026-09-30 04:09:41Z.812,34000,430,448
2026-09-30 04:09:42Z.824,34000,430,320
2026-09-30 04:09:43Z.849,34000,430,192
2026-09-30 04:09:45Z.119,34000,430,64
2026-09-30 04:09:46Z.614,34000,430,0
2026-09-30 04:09:47Z.789,34000,430,-64
2026-09-30 04:09:48Z.809,34000,430,-64
2026-09-30 04:09:49Z.939,34000,430,-64
2026-09-30 04:09:51Z.305,34000,430,-64
2026-09-30 04:09:52Z.344,34000,431,-64
2026-09-30 04:09:53Z.374,34000,431,-64
2026-09-30 04:09:54Z.678,34000,430,-64
2026-09-30 04:09:55Z.749,34000,431,-64
2026-09-30 04:09:56Z.759,34000,430,-64
2026-09-30 04:09:57Z.899,34000,431,0
2026-09-30 04:09:58Z.944,34000,430,0
2026-09-30 04:10:00Z.019,34000,431,-64
2026-09-30 04:10:01Z.044,34000,432,-64
2026-09-30 04:10:02Z.169,34000,431,-64
2026-09-30 04:10:03Z.193,34000,432,-64
2026-09-30 04:10:04Z.464,34000,431,-64
2026-09-30 04:10:05Z.514,34000,432,-64
2026-09-30 04:10:06Z.643,34000,431,-64
2026-09-30 04:10:07Z.899,34000,431,-64
2026-09-30 04:10:08Z.931,34000,431,-64
2026-09-30 04:10:09Z.939,34000,431,-64
2026-09-30 04:10:11Z.024,34000,432,-64
2026-09-30 04:10:12Z.029,34000,431,-64
2026-09-30 04:10:13Z.044,34000,431,-64
2026-09-30 04:10:14Z.105,34000,432,-64
2026-09-30 04:10:15Z.184,34000,432,-64
2026-09-30 04:10:16Z.189,34000,431,-64
2026-09-30 04:10:17Z.195,34000,431,-64
2026-09-30 04:10:18Z.274,34000,432,-64
2026-09-30 04:10:19Z.445,34000,432,0
2026-09-30 04:10:20Z.445,34000,432,0
2026-09-30 04:10:21Z.672,34000,432,0
2026-09-30 04:10:22Z.709,34000,432,0
2026-09-30 04:10:23Z.709,34000,432,0
2026-09-30 04:10:24Z.784,34000,432,0
2026-09-30 04:10:25Z.827,34000,432,0
2026-09-30 04:10:26Z.840,34000,432,0
2026-09-30 04:10:28Z.004,34000,432,0
2026-09-30 04:10:29Z.074,34000,432,0
2026-09-30 04:10:30Z.104,34000,432,0
2026-09-30 04:10:31Z.154,34000,432,0
2026-09-30 04:10:32Z.154,34000,432,0
2026-09-30 04:10:33Z.359,34000,431,0
2026-09-30 04:10:34Z.424,34000,431,0
2026-09-30 04:10:35Z.499,34000,432,0
2026-09-30 04:10:36Z.694,34000,431,0
2026-09-30 04:10:37Z.770,34000,431,0
2026-09-30 04:10:38Z.795,34000,432,0
2026-09-30 04:10:39Z.844,34000,432,0
2026-09-30 04:10:40Z.854,34000,432,0
2026-09-30 04:10:42Z.122,34000,432,0
2026-09-30 04:10:43Z.184,34000,431,0
2026-09-30 04:10:44Z.404,34000,432,0
2026-09-30 04:10:45Z.410,34000,432,0
2026-09-30 04:10:46Z.708,34000,432,0
2026-09-30 04:10:47Z.774,34000,432,0
2026-09-30 04:10:48Z.891,34000,432,0
2026-09-30 04:10:49Z.984,34000,432,0
2026-09-30 04:10:51Z.095,34000,432,64
2026-09-30 04:10:52Z.125,34000,432,0
2026-09-30 04:10:53Z.139,34000,432,64
2026-09-30 04:10:54Z.304,34000,432,0
2026-09-30 04:10:55Z.379,34000,432,0
2026-09-30 04:10:56Z.404,34000,432,0
2026-09-30 04:10:57Z.419,34000,432,0
2026-09-30 04:10:58Z.455,34000,432,0
2026-09-30 04:10:59Z.780,34000,432,0
2026-09-30 04:11:00Z.791,34000,432,0
2026-09-30 04:11:02Z.012,34000,432,0
2026-09-30 04:11:03Z.035,34000,432,0
2026-09-30 04:11:04Z.405,34000,432,0
2026-09-30 04:11:05Z.417,34000,432,0
2026-09-30 04:11:06Z.435,34000,432,0
2026-09-30 04:11:07Z.750,34000,432,0
2026-09-30 04:11:08Z.891,34000,432,0
2026-09-30 04:11:09Z.975,34000,432,0
2026-09-30 04:11:11Z.420,34000,432,0
2026-09-30 04:11:12Z.485,34000,432,0
2026-09-30 04:11:13Z.500,34000,432,0
2026-09-30 04:11:14Z.655,34000,432,0
2026-09-30 04:11:15Z.770,34000,432,0
2026-09-30 04:11:16Z.773,34000,432,0
2026-09-30 04:11:17Z.793,34000,432,0
2026-09-30 04:11:18Z.796,34000,432,0
2026-09-30 04:11:19Z.800,34000,432,0
2026-09-30 04:11:20Z.821,34000,432,0
2026-09-30 04:11:22Z.000,34000,432,0
2026-09-30 04:11:23Z.100,34000,432,0
2026-09-30 04:11:24Z.216,34000,432,0
2026-09-30 04:11:25Z.220,34000,432,0
2026-09-30 04:11:26Z.376,34000,432,0
2026-09-30 04:11:27Z.745,34000,432,0
2026-09-30 04:11:28Z.755,34000,432,0
2026-09-30 04:11:29Z.760,34000,432,0
2026-09-30 04:11:30Z.761,34000,432,0
2026-09-30 04:11:31Z.765,34000,432,0
2026-09-30 04:11:32Z.800,34000,432,0
2026-09-30 04:11:33Z.835,34000,432,0
2026-09-30 04:11:35Z.140,34000,432,0
2026-09-30 04:11:36Z.375,34000,432,0
2026-09-30 04:11:37Z.395,34000,432,0
2026-09-30 04:11:38Z.400,34000,432,0
2026-09-30 04:11:39Z.485,34000,432,0
2026-09-30 04:11:40Z.495,34000,432,0
2026-09-30 04:11:41Z.515,34000,432,0
2026-09-30 04:11:42Z.810,34000,432,0
2026-09-30 04:11:43Z.865,34000,432,0
2026-09-30 04:11:45Z.011,34000,432,0
2026-09-30 04:11:46Z.173,34000,432,0
2026-09-30 04:11:47Z.185,34000,432,0
2026-09-30 04:11:48Z.235,34000,432,0
2026-09-30 04:11:49Z.296,34000,432,0
2026-09-30 04:11:50Z.473,34000,432,0
2026-09-30 04:11:51Z.525,34000,432,0
2026-09-30 04:11:52Z.770,34000,432,0
2026-09-30 04:11:53Z.781,34000,432,0
2026-09-30 04:11:55Z.021,34000,432,0
2026-09-30 04:11:56Z.035,34000,432,0
2026-09-30 04:11:57Z.055,34000,432,0
2026-09-30 04:11:58Z.062,34000,432,0
2026-09-30 04:11:59Z.405,34000,432,0
2026-09-30 04:12:00Z.440,34000,432,0
2026-09-30 04:12:01Z.455,34000,432,0
2026-09-30 04:12:02Z.515,34000,432,0
2026-09-30 04:12:03Z.635,34000,432,0
2026-09-30 04:12:04Z.815,34000,432,0
2026-09-30 04:12:05Z.825,34000,432,0
2026-09-30 04:12:06Z.825,34000,432,0
2026-09-30 04:12:07Z.875,34000,432,0
2026-09-30 04:12:08Z.896,34000,432,0
2026-09-30 04:12:09Z.905,34000,432,0
2026-09-30 04:12:10Z.905,34000,432,0
2026-09-30 04:12:11Z.915,34000,432,0
2026-09-30 04:12:13Z.015,34000,432,0
2026-09-30 04:12:14Z.065,34000,432,0
2026-09-30 04:12:15Z.065,34000,432,0
2026-09-30 04:12:16Z.115,34000,432,0
2026-09-30 04:12:17Z.175,34000,432,0
2026-09-30 04:12:18Z.226,34000,432,0
2026-09-30 04:12:19Z.290,34000,432,0
2026-09-30 04:12:20Z.415,34000,432,0
2026-09-30 04:12:21Z.631,34000,432,0
2026-09-30 04:12:22Z.631,34000,432,0
2026-09-30 04:12:23Z.706,34000,432,0
2026-09-30 04:12:24Z.861,34000,432,0
2026-09-30 04:12:25Z.985,34000,432,0
2026-09-30 04:12:27Z.060,34000,432,0
2026-09-30 04:12:28Z.078,34000,432,0
2026-09-30 04:12:29Z.080,34000,432,0
2026-09-30 04:12:30Z.086,34000,432,0
2026-09-30 04:12:31Z.100,34000,432,0
2026-09-30 04:12:32Z.106,34000,432,0
2026-09-30 04:12:33Z.146,34000,432,0
2026-09-30 04:12:34Z.146,34000,432,0
2026-09-30 04:12:35Z.181,34000,432,0
2026-09-30 04:12:36Z.226,34000,432,0
2026-09-30 04:12:37Z.536,34000,432,0
2026-09-30 04:12:38Z.666,34000,432,0
2026-09-30 04:12:39Z.746,34000,432,0
2026-09-30 04:12:41Z.078,34000,432,0
2026-09-30 04:12:42Z.080,34000,432,0
2026-09-30 04:12:43Z.099,34000,432,0
2026-09-30 04:12:44Z.146,34000,432,0
2026-09-30 04:12:45Z.288,34000,432,0
2026-09-30 04:12:46Z.571,34000,432,0
2026-09-30 04:12:47Z.626,34000,432,0
2026-09-30 04:12:48Z.737,34000,432,0
2026-09-30 04:12:49Z.756,34000,432,0
2026-09-30 04:12:50Z.782,34000,432,0
2026-09-30 04:12:51Z.856,34000,432,0
2026-09-30 04:12:53Z.021,34000,432,0
2026-09-30 04:12:54Z.066,34000,432,0
2026-09-30 04:12:55Z.067,34000,432,0
2026-09-30 04:12:56Z.086,34000,432,0
2026-09-30 04:12:57Z.239,34000,432,0
2026-09-30 04:12:58Z.453,34000,432,0
2026-09-30 04:12:59Z.566,34000,432,0
2026-09-30 04:13:00Z.568,34000,432,0
2026-09-30 04:13:01Z.706,34000,432,0
2026-09-30 04:13:02Z.766,34000,432,0
2026-09-30 04:13:03Z.786,34000,432,0
2026-09-30 04:13:04Z.836,34000,432,0
2026-09-30 04:13:06Z.106,34000,432,0
2026-09-30 04:13:07Z.161,34000,432,0
2026-09-30 04:13:08Z.163,34000,432,0
2026-09-30 04:13:09Z.281,34000,432,0
2026-09-30 04:13:10Z.496,34000,432,0
2026-09-30 04:13:11Z.626,34000,432,0
2026-09-30 04:13:12Z.696,34000,432,0
2026-09-30 04:13:13Z.763,34000,432,0
2026-09-30 04:13:14Z.870,34000,432,0
2026-09-30 04:13:16Z.046,34000,432,0
2026-09-30 04:13:17Z.267,34000,432,0
2026-09-30 04:13:18Z.306,34000,432,0
2026-09-30 04:13:19Z.372,34000,432,0
2026-09-30 04:13:20Z.397,34000,432,0
2026-09-30 04:13:21Z.547,34000,432,0
2026-09-30 04:13:22Z.579,34000,432,0
2026-09-30 04:13:23Z.686,34000,432,0
2026-09-30 04:13:24Z.741,34000,432,0
2026-09-30 04:13:25Z.786,34000,432,0
2026-09-30 04:13:26Z.861,34000,432,0
2026-09-30 04:13:27Z.871,34000,432,0
2026-09-30 04:13:28Z.941,34000,432,0
2026-09-30 04:13:30Z.014,34000,432,0
2026-09-30 04:13:31Z.126,34000,432,0
2026-09-30 04:13:32Z.236,34000,432,0
2026-09-30 04:13:33Z.256,34000,432,0
2026-09-30 04:13:34Z.372,34000,432,0
2026-09-30 04:13:35Z.492,34000,432,0
2026-09-30 04:13:36Z.501,34000,432,0
2026-09-30 04:13:37Z.526,34000,432,0
2026-09-30 04:13:38Z.925,34000,432,0
2026-09-30 04:13:39Z.956,34000,432,0
2026-09-30 04:13:40Z.976,34000,432,0
2026-09-30 04:13:41Z.978,34000,432,0
2026-09-30 04:13:43Z.066,34000,432,0
2026-09-30 04:13:44Z.097,34000,432,0
2026-09-30 04:13:45Z.406,34000,432,0
2026-09-30 04:13:46Z.441,34000,432,0
2026-09-30 04:13:47Z.797,34000,432,0
2026-09-30 04:13:48Z.957,34000,432,0
2026-09-30 04:13:49Z.974,34000,432,0
2026-09-30 04:13:50Z.986,34000,432,0
2026-09-30 04:13:51Z.986,34000,432,0
2026-09-30 04:13:53Z.047,34000,432,0
2026-09-30 04:13:54Z.061,34000,432,0
2026-09-30 04:13:55Z.071,34000,432,0
2026-09-30 04:13:56Z.121,34000,432,0
2026-09-30 04:13:57Z.248,34000,432,0
2026-09-30 04:13:58Z.282,34000,432,0
2026-09-30 04:13:59Z.297,34000,432,0
2026-09-30 04:14:00Z.297,34000,432,0
2026-09-30 04:14:01Z.511,34000,432,0
2026-09-30 04:14:02Z.566,34000,432,0
2026-09-30 04:14:03Z.582,34000,432,0
2026-09-30 04:14:04Z.747,34000,432,0
2026-09-30 04:14:05Z.814,34000,432,0
2026-09-30 04:14:06Z.937,34000,432,0
2026-09-30 04:14:07Z.997,34000,432,0
2026-09-30 04:14:09Z.007,34000,432,0
2026-09-30 04:14:10Z.027,34000,432,0
2026-09-30 04:14:11Z.157,34000,432,0
2026-09-30 04:14:12Z.347,34000,432,0
2026-09-30 04:14:13Z.402,34000,432,0
2026-09-30 04:14:14Z.487,34000,432,0
2026-09-30 04:14:15Z.545,34000,432,0
2026-09-30 04:14:16Z.547,34000,432,0
2026-09-30 04:14:17Z.622,34000,432,0
2026-09-30 04:14:18Z.667,34000,432,0
2026-09-30 04:14:19Z.682,34000,432,0
2026-09-30 04:14:20Z.731,34000,432,0
2026-09-30 04:14:22Z.030,34000,432,0
2026-09-30 04:14:23Z.137,34000,432,0
2026-09-30 04:14:24Z.197,34000,432,0
2026-09-30 04:14:25Z.252,34000,432,0
2026-09-30 04:14:26Z.327,34000,432,0
2026-09-30 04:14:27Z.442,34000,432,64
2026-09-30 04:14:28Z.558,34000,432,64
2026-09-30 04:14:29Z.567,34000,431,0
2026-09-30 04:14:30Z.592,34000,432,0
2026-09-30 04:14:31Z.697,34000,431,0
2026-09-30 04:14:32Z.717,34000,431,0
2026-09-30 04:14:33Z.727,34000,431,0
2026-09-30 04:14:34Z.752,34000,432,0
2026-09-30 04:14:36Z.097,34000,432,0
2026-09-30 04:14:37Z.132,34000,432,0
2026-09-30 04:14:38Z.172,34000,431,0
2026-09-30 04:14:39Z.350,34000,431,0
2026-09-30 04:14:40Z.441,34000,432,0
2026-09-30 04:14:41Z.442,34000,431,0
2026-09-30 04:14:42Z.487,34000,431,0
2026-09-30 04:14:43Z.897,34000,432,0
2026-09-30 04:14:45Z.057,34000,432,0
2026-09-30 04:14:46Z.087,34000,432,0
2026-09-30 04:14:47Z.238,34000,432,0
2026-09-30 04:14:48Z.327,34000,432,0
2026-09-30 04:14:49Z.370,34000,431,0
2026-09-30 04:14:50Z.498,34000,432,0
2026-09-30 04:14:51Z.627,34000,431,0
2026-09-30 04:14:52Z.667,34000,432,0
2026-09-30 04:14:53Z.727,34000,432,0
2026-09-30 04:14:54Z.727,34000,431,0
2026-09-30 04:14:55Z.732,34000,431,0
2026-09-30 04:14:57Z.075,34000,432,0
2026-09-30 04:14:58Z.157,34000,432,0
2026-09-30 04:14:59Z.162,34000,431,0
2026-09-30 04:15:00Z.238,34000,432,0
2026-09-30 04:15:01Z.562,34000,432,0
2026-09-30 04:15:02Z.577,34000,432,0
2026-09-30 04:15:03Z.614,34000,431,0
2026-09-30 04:15:04Z.782,34000,432,0
2026-09-30 04:15:06Z.148,34000,432,0
2026-09-30 04:15:07Z.298,34000,432,0
2026-09-30 04:15:08Z.427,34000,432,0
2026-09-30 04:15:09Z.648,34000,432,0
2026-09-30 04:15:10Z.662,34000,432,0
2026-09-30 04:15:11Z.691,34000,431,0
2026-09-30 04:15:12Z.777,34000,431,0
2026-09-30 04:15:13Z.998,34000,431,0
2026-09-30 04:15:15Z.023,34000,431,0
2026-09-30 04:15:16Z.027,34000,432,0
2026-09-30 04:15:17Z.105,34000,432,-64
2026-09-30 04:15:18Z.162,34000,431,-64
2026-09-30 04:15:19Z.370,34000,431,-64
2026-09-30 04:15:20Z.468,34000,431,-64
2026-09-30 04:15:21Z.512,34000,431,-64
2026-09-30 04:15:22Z.582,34000,432,-64
2026-09-30 04:15:23Z.702,34000,431,-64
2026-09-30 04:15:24Z.733,34000,431,0
2026-09-30 04:15:25Z.777,34000,432,0
2026-09-30 04:15:26Z.798,34000,432,0
2026-09-30 04:15:27Z.943,34000,431,0
2026-09-30 04:15:29Z.002,34000,431,0
2026-09-30 04:15:30Z.168,34000,431,0
2026-09-30 04:15:31Z.210,34000,432,0
2026-09-30 04:15:32Z.262,34000,432,0
2026-09-30 04:15:33Z.272,34000,431,0
2026-09-30 04:15:34Z.380,34000,431,0
2026-09-30 04:15:35Z.448,34000,431,0
2026-09-30 04:15:36Z.488,34000,431,0
2026-09-30 04:15:37Z.693,34000,431,0
2026-09-30 04:15:38Z.693,34000,431,0
2026-09-30 04:15:39Z.774,34000,431,0
2026-09-30 04:15:40Z.803,34000,432,0
2026-09-30 04:15:41Z.818,34000,432,0
2026-09-30 04:15:43Z.028,34000,431,0
2026-09-30 04:15:44Z.096,34000,432,0
2026-09-30 04:15:45Z.113,34000,431,0
2026-09-30 04:15:46Z.360,34000,432,0
2026-09-30 04:15:47Z.388,34000,432,0
2026-09-30 04:15:48Z.390,34000,431,0
2026-09-30 04:15:49Z.458,34000,431,0
2026-09-30 04:15:50Z.478,34000,432,0
2026-09-30 04:15:51Z.483,34000,431,0
2026-09-30 04:15:52Z.568,34000,432,0
2026-09-30 04:15:53Z.583,34000,431,0
2026-09-30 04:15:54Z.643,34000,431,0
2026-09-30 04:15:55Z.670,34000,432,0
2026-09-30 04:15:56Z.691,34000,431,0
2026-09-30 04:15:58Z.103,34000,431,0
2026-09-30 04:15:59Z.112,34000,432,0
2026-09-30 04:16:00Z.340,34000,431,0
2026-09-30 04:16:01Z.449,34000,431,0
2026-09-30 04:16:02Z.451,34000,431,0
2026-09-30 04:16:03Z.493,34000,431,0
2026-09-30 04:16:04Z.653,34000,431,0
2026-09-30 04:16:05Z.755,34000,431,0
2026-09-30 04:16:06Z.958,34000,432,0
2026-09-30 04:16:08Z.008,34000,432,0
2026-09-30 04:16:09Z.008,34000,431,0
2026-09-30 04:16:10Z.038,34000,431,0
2026-09-30 04:16:11Z.043,34000,431,0
2026-09-30 04:16:12Z.068,34000,430,0
2026-09-30 04:16:13Z.418,34000,431,0
2026-09-30 04:16:14Z.423,34000,431,0
2026-09-30 04:16:15Z.423,34000,430,0
2026-09-30 04:16:16Z.429,34000,431,0
2026-09-30 04:16:17Z.488,34000,430,0
2026-09-30 04:16:18Z.520,34000,430,0
2026-09-30 04:16:19Z.628,34000,430,0
2026-09-30 04:16:20Z.765,34000,430,0
2026-09-30 04:16:21Z.818,34000,430,0
2026-09-30 04:16:23Z.038,34000,430,0
2026-09-30 04:16:24Z.088,34000,430,0
2026-09-30 04:16:25Z.208,34000,430,0
2026-09-30 04:16:26Z.278,34000,430,0
2026-09-30 04:16:27Z.299,34000,430,0
2026-09-30 04:16:28Z.308,34000,430,0
2026-09-30 04:16:29Z.388,34000,430,0
2026-09-30 04:16:30Z.398,34000,430,0
2026-09-30 04:16:31Z.478,34000,430,0
2026-09-30 04:16:32Z.488,34000,430,0
2026-09-30 04:16:33Z.718,34000,430,0
2026-09-30 04:16:34Z.824,34000,430,0
2026-09-30 04:16:35Z.866,34000,430,0
2026-09-30 04:16:36Z.908,34000,430,0
2026-09-30 04:16:38Z.088,34000,430,0
2026-09-30 04:16:39Z.145,34000,430,0
2026-09-30 04:16:40Z.372,34000,430,0
2026-09-30 04:16:41Z.380,34000,430,0
2026-09-30 04:16:42Z.600,34000,430,0
2026-09-30 04:16:43Z.714,34000,430,0
2026-09-30 04:16:44Z.799,34000,430,0
2026-09-30 04:16:45Z.808,34000,430,0
2026-09-30 04:16:46Z.808,34000,430,0
2026-09-30 04:16:47Z.853,34000,430,0
2026-09-30 04:16:48Z.909,34000,430,0
2026-09-30 04:16:50Z.118,34000,430,0
2026-09-30 04:16:51Z.164,34000,430,0
2026-09-30 04:16:52Z.188,34000,430,0
2026-09-30 04:16:53Z.308,34000,430,0
2026-09-30 04:16:54Z.349,34000,430,0
2026-09-30 04:16:55Z.351,34000,430,0
2026-09-30 04:16:56Z.389,34000,430,0
2026-09-30 04:16:57Z.528,34000,430,0
2026-09-30 04:16:58Z.584,34000,430,0
2026-09-30 04:16:59Z.599,34000,430,0
2026-09-30 04:17:00Z.788,34000,430,0
2026-09-30 04:17:01Z.899,34000,430,0
2026-09-30 04:17:02Z.908,34000,430,0
2026-09-30 04:17:03Z.929,34000,430,0
2026-09-30 04:17:05Z.050,34000,430,0
2026-09-30 04:17:06Z.149,34000,430,0
2026-09-30 04:17:07Z.153,34000,430,0
2026-09-30 04:17:08Z.223,34000,430,0
2026-09-30 04:17:09Z.288,34000,430,0
2026-09-30 04:17:10Z.293,34000,430,0
2026-09-30 04:17:11Z.313,34000,430,0
2026-09-30 04:17:12Z.373,34000,430,0
2026-09-30 04:17:13Z.453,34000,430,0
2026-09-30 04:17:14Z.458,34000,430,0
2026-09-30 04:17:15Z.514,34000,430,0
2026-09-30 04:17:16Z.589,34000,430,0
2026-09-30 04:17:17Z.599,34000,430,0
2026-09-30 04:17:18Z.815,34000,430,0
2026-09-30 04:17:20Z.054,34000,430,0
2026-09-30 04:17:21Z.134,34000,430,0
2026-09-30 04:17:22Z.188,34000,430,0
2026-09-30 04:17:23Z.198,34000,430,0
2026-09-30 04:17:24Z.218,34000,430,0
2026-09-30 04:17:25Z.311,34000,430,0
2026-09-30 04:17:26Z.371,34000,430,0
2026-09-30 04:17:27Z.418,34000,430,0
2026-09-30 04:17:28Z.468,34000,430,0
2026-09-30 04:17:29Z.493,34000,430,0
2026-09-30 04:17:30Z.684,34000,430,0
2026-09-30 04:17:31Z.694,34000,430,0
2026-09-30 04:17:33Z.054,34000,430,0
2026-09-30 04:17:34Z.103,34000,430,0
2026-09-30 04:17:35Z.189,34000,430,0
2026-09-30 04:17:36Z.329,34000,430,0
2026-09-30 04:17:37Z.464,34000,430,0
2026-09-30 04:17:38Z.606,34000,430,0
2026-09-30 04:17:39Z.619,34000,430,0
2026-09-30 04:17:40Z.669,34000,430,0
2026-09-30 04:17:41Z.679,34000,430,0
2026-09-30 04:17:42Z.749,34000,430,0
2026-09-30 04:17:43Z.794,34000,430,0
2026-09-30 04:17:44Z.909,34000,430,0
2026-09-30 04:17:45Z.924,34000,430,0
2026-09-30 04:17:46Z.944,34000,430,0
2026-09-30 04:17:47Z.979,34000,430,0
2026-09-30 04:17:48Z.989,34000,430,0
2026-09-30 04:17:50Z.301,34000,430,0
2026-09-30 04:17:51Z.351,34000,430,0
2026-09-30 04:17:52Z.414,34000,430,0
2026-09-30 04:17:53Z.444,34000,430,0
2026-09-30 04:17:54Z.449,34000,430,0
2026-09-30 04:17:55Z.607,34000,430,0
2026-09-30 04:17:56Z.669,34000,430,0
2026-09-30 04:17:57Z.694,34000,430,0
2026-09-30 04:17:58Z.789,34000,430,0
2026-09-30 04:17:59Z.802,34000,430,0
2026-09-30 04:18:00Z.830,34000,430,0
2026-09-30 04:18:01Z.924,34000,430,0
2026-09-30 04:18:02Z.939,34000,430,0
2026-09-30 04:18:03Z.944,34000,430,0
2026-09-30 04:18:04Z.944,34000,430,0
2026-09-30 04:18:05Z.984,34000,430,0
2026-09-30 04:18:07Z.084,34000,430,0
2026-09-30 04:18:08Z.157,34000,430,0
2026-09-30 04:18:09Z.201,34000,430,0
2026-09-30 04:18:10Z.244,34000,430,0
2026-09-30 04:18:11Z.247,34000,430,0
2026-09-30 04:18:12Z.264,34000,430,0
2026-09-30 04:18:13Z.304,34000,430,0
2026-09-30 04:18:14Z.492,34000,430,0
2026-09-30 04:18:15Z.634,34000,430,0
2026-09-30 04:18:16Z.693,34000,430,0
2026-09-30 04:18:17Z.814,34000,430,0
2026-09-30 04:18:18Z.949,34000,430,0
2026-09-30 04:18:20Z.049,34000,430,0
2026-09-30 04:18:21Z.074,34000,430,0
2026-09-30 04:18:22Z.104,34000,430,0
2026-09-30 04:18:23Z.204,34000,430,64
2026-09-30 04:18:24Z.222,34000,430,64
2026-09-30 04:18:25Z.241,34000,430,0
2026-09-30 04:18:26Z.371,34000,430,0
2026-09-30 04:18:27Z.634,34000,430,0
2026-09-30 04:18:28Z.669,34000,430,0
2026-09-30 04:18:30Z.052,34000,430,0
2026-09-30 04:18:31Z.204,34000,430,0
2026-09-30 04:18:32Z.254,34000,430,0
2026-09-30 04:18:33Z.284,34000,430,0
2026-09-30 04:18:34Z.354,34000,430,0
2026-09-30 04:18:35Z.674,34000,430,0
2026-09-30 04:18:36Z.689,34000,430,0
2026-09-30 04:18:37Z.909,34000,430,0
2026-09-30 04:18:39Z.009,34000,430,0
2026-09-30 04:18:40Z.140,34000,430,0
2026-09-30 04:18:40Z.563,34000,430,0
2026-09-30 04:18:41Z.164,34000,430,0
2026-09-30 04:18:42Z.219,34000,430,0
2026-09-30 04:18:43Z.280,34000,430,0
2026-09-30 04:18:44Z.424,34000,430,0
2026-09-30 04:18:45Z.540,34000,430,0
2026-09-30 04:18:46Z.540,34000,430,0
2026-09-30 04:18:47Z.560,34000,430,0
2026-09-30 04:18:48Z.580,34000,430,0
2026-09-30 04:18:49Z.645,34000,430,0
2026-09-30 04:18:50Z.869,34000,430,0
2026-09-30 04:18:51Z.965,34000,430,0
2026-09-30 04:18:53Z.000,34000,430,0
2026-09-30 04:18:54Z.015,34000,430,0
2026-09-30 04:18:55Z.212,34000,430,0
2026-09-30 04:18:56Z.430,34000,430,0
2026-09-30 04:18:57Z.570,34000,430,0
2026-09-30 04:18:58Z.650,34000,430,0
2026-09-30 04:18:59Z.855,34000,430,0
2026-09-30 04:19:00Z.885,34000,430,0
2026-09-30 04:19:01Z.995,34000,430,0
2026-09-30 04:19:03Z.040,34000,430,0
2026-09-30 04:19:04Z.220,34000,430,0
2026-09-30 04:19:05Z.220,34000,430,0
2026-09-30 04:19:06Z.325,34000,430,0
2026-09-30 04:19:07Z.355,34000,430,0
2026-09-30 04:19:08Z.480,34000,430,0
2026-09-30 04:19:09Z.480,34000,430,0
2026-09-30 04:19:10Z.590,34000,430,0
2026-09-30 04:19:11Z.605,34000,431,0
2026-09-30 04:19:12Z.835,34000,431,0
2026-09-30 04:19:13Z.890,34000,431,0
2026-09-30 04:19:14Z.895,34000,431,0
2026-09-30 04:19:15Z.896,34000,430,0
2026-09-30 04:19:16Z.915,34000,430,0
2026-09-30 04:19:17Z.955,34000,431,0
2026-09-30 04:19:19Z.272,34000,431,0
2026-09-30 04:19:20Z.340,34000,430,0
2026-09-30 04:19:21Z.499,34000,430,0
2026-09-30 04:19:22Z.675,34000,431,0
2026-09-30 04:19:23Z.678,34000,431,0
2026-09-30 04:19:24Z.835,34000,430,0
2026-09-30 04:19:25Z.890,34000,431,0
2026-09-30 04:19:26Z.980,34000,431,0
2026-09-30 04:19:28Z.220,34000,431,0
2026-09-30 04:19:29Z.250,34000,431,0
2026-09-30 04:19:30Z.280,34000,431,0
2026-09-30 04:19:31Z.287,34000,430,0
2026-09-30 04:19:32Z.340,34000,431,0
2026-09-30 04:19:33Z.350,34000,431,0
2026-09-30 04:19:34Z.350,34000,430,0
2026-09-30 04:19:35Z.800,34000,430,0
2026-09-30 04:19:36Z.835,34000,430,0
2026-09-30 04:19:37Z.845,34000,431,0
2026-09-30 04:19:38Z.875,34000,430,0
2026-09-30 04:19:39Z.880,34000,431,0
2026-09-30 04:19:40Z.911,34000,430,0
2026-09-30 04:19:42Z.015,34000,431,0
2026-09-30 04:19:43Z.066,34000,431,0
2026-09-30 04:19:44Z.077,34000,431,0
2026-09-30 04:19:45Z.155,34000,431,0
2026-09-30 04:19:46Z.210,34000,432,0
2026-09-30 04:19:47Z.343,34000,432,0
2026-09-30 04:19:48Z.440,34000,431,0
2026-09-30 04:19:49Z.625,34000,431,0
2026-09-30 04:19:50Z.795,34000,431,0
2026-09-30 04:19:51Z.880,34000,432,0
2026-09-30 04:19:52Z.905,34000,431,0
2026-09-30 04:19:54Z.078,34000,431,0
2026-09-30 04:19:55Z.097,34000,431,0
2026-09-30 04:19:56Z.175,34000,431,0
2026-09-30 04:19:57Z.175,34000,432,0
2026-09-30 04:19:58Z.270,34000,431,0
2026-09-30 04:19:59Z.299,34000,431,0
2026-09-30 04:20:00Z.611,34000,431,0
2026-09-30 04:20:01Z.666,34000,430,0
2026-09-30 04:20:03Z.110,34000,430,0
2026-09-30 04:20:04Z.160,34000,430,0
2026-09-30 04:20:05Z.195,34000,430,0
2026-09-30 04:20:06Z.355,34000,430,0
2026-09-30 04:20:07Z.361,34000,432,0
2026-09-30 04:20:08Z.586,34000,430,0
2026-09-30 04:20:09Z.610,34000,430,0
2026-09-30 04:20:10Z.665,34000,430,0
2026-09-30 04:20:11Z.668,34000,432,0
2026-09-30 04:20:12Z.701,34000,430,0
2026-09-30 04:20:13Z.935,34000,430,0
2026-09-30 04:20:15Z.066,34000,430,0
2026-09-30 04:20:16Z.075,34000,432,0
2026-09-30 04:20:17Z.100,34000,431,0
2026-09-30 04:20:18Z.110,34000,431,0
2026-09-30 04:20:19Z.120,34000,431,0
2026-09-30 04:20:20Z.120,34000,431,0
2026-09-30 04:20:21Z.140,34000,432,0
2026-09-30 04:20:22Z.190,34000,431,0
2026-09-30 04:20:23Z.211,34000,431,0
2026-09-30 04:20:24Z.231,34000,431,0
2026-09-30 04:20:25Z.406,34000,432,0
2026-09-30 04:20:26Z.471,34000,431,0
2026-09-30 04:20:27Z.476,34000,431,0
2026-09-30 04:20:28Z.498,34000,431,0
2026-09-30 04:20:29Z.746,34000,431,0
2026-09-30 04:20:30Z.760,34000,431,0
2026-09-30 04:20:31Z.795,34000,432,0
2026-09-30 04:20:33Z.080,34000,431,0
2026-09-30 04:20:34Z.099,34000,431,0
2026-09-30 04:20:35Z.100,34000,431,0
2026-09-30 04:20:36Z.121,34000,432,0
2026-09-30 04:20:37Z.181,34000,431,0
2026-09-30 04:20:38Z.211,34000,431,0
2026-09-30 04:20:39Z.238,34000,431,0
2026-09-30 04:20:40Z.620,34000,432,0
2026-09-30 04:20:41Z.675,34000,431,0
2026-09-30 04:20:42Z.721,34000,432,0
2026-09-30 04:20:43Z.791,34000,431,0
2026-09-30 04:20:45Z.087,34000,431,0
2026-09-30 04:20:46Z.105,34000,432,0
2026-09-30 04:20:47Z.151,34000,431,0
2026-09-30 04:20:48Z.181,34000,432,0
2026-09-30 04:20:49Z.219,34000,431,0
2026-09-30 04:20:50Z.276,34000,432,0
2026-09-30 04:20:51Z.281,34000,432,0
2026-09-30 04:20:52Z.321,34000,432,0
2026-09-30 04:20:53Z.391,34000,432,0
2026-09-30 04:20:54Z.446,34000,432,0
2026-09-30 04:20:55Z.501,34000,432,0
2026-09-30 04:20:56Z.536,34000,432,0
2026-09-30 04:20:57Z.776,34000,432,0
2026-09-30 04:20:58Z.841,34000,432,0
2026-09-30 04:20:59Z.911,34000,432,0
2026-09-30 04:21:00Z.936,34000,432,0
2026-09-30 04:21:02Z.070,34000,432,0
2026-09-30 04:21:03Z.080,34000,432,0
2026-09-30 04:21:04Z.100,34000,432,0
2026-09-30 04:21:05Z.137,34000,432,0
2026-09-30 04:21:06Z.231,34000,432,0
2026-09-30 04:21:07Z.237,34000,432,0
2026-09-30 04:21:08Z.308,34000,432,0
2026-09-30 04:21:09Z.353,34000,432,0
2026-09-30 04:21:10Z.821,34000,432,0
2026-09-30 04:21:11Z.961,34000,432,0
2026-09-30 04:21:13Z.010,34000,432,0
2026-09-30 04:21:14Z.036,34000,432,0
2026-09-30 04:21:15Z.056,34000,432,0
2026-09-30 04:21:16Z.102,34000,432,0
2026-09-30 04:21:17Z.112,34000,432,0
2026-09-30 04:21:18Z.114,34000,432,0
2026-09-30 04:21:19Z.122,34000,432,0
2026-09-30 04:21:20Z.171,34000,432,0
2026-09-30 04:21:21Z.331,34000,432,0
2026-09-30 04:21:22Z.361,34000,432,0
2026-09-30 04:21:23Z.376,34000,432,0
2026-09-30 04:21:24Z.437,34000,432,0
2026-09-30 04:21:25Z.447,34000,432,0
2026-09-30 04:21:26Z.502,34000,432,0
2026-09-30 04:21:27Z.531,34000,432,0
2026-09-30 04:21:28Z.552,34000,431,0
2026-09-30 04:21:29Z.559,34000,432,0
2026-09-30 04:21:30Z.641,34000,431,0
2026-09-30 04:21:31Z.676,34000,431,0
2026-09-30 04:21:32Z.702,34000,432,0
2026-09-30 04:21:33Z.731,34000,431,0
2026-09-30 04:21:34Z.742,34000,431,0
2026-09-30 04:21:35Z.742,34000,432,0
2026-09-30 04:21:36Z.806,34000,431,0
2026-09-30 04:21:37Z.831,34000,432,0
2026-09-30 04:21:38Z.876,34000,431,0
2026-09-30 04:21:39Z.944,34000,432,0
2026-09-30 04:21:40Z.999,34000,432,0
2026-09-30 04:21:42Z.078,34000,432,0
2026-09-30 04:21:43Z.078,34000,432,0
2026-09-30 04:21:44Z.078,34000,432,0
2026-09-30 04:21:45Z.079,34000,432,0
2026-09-30 04:21:46Z.080,34000,432,0
2026-09-30 04:21:47Z.083,34000,432,0
2026-09-30 04:21:48Z.102,34000,432,0
2026-09-30 04:21:49Z.109,34000,432,0
2026-09-30 04:21:50Z.502,34000,432,0
2026-09-30 04:21:51Z.688,34000,432,0
2026-09-30 04:21:52Z.837,34000,432,0
2026-09-30 04:21:53Z.837,34000,432,0
2026-09-30 04:21:54Z.876,34000,432,0
2026-09-30 04:21:55Z.897,34000,432,0
2026-09-30 04:21:56Z.962,34000,432,0
2026-09-30 04:21:58Z.047,34000,432,0
2026-09-30 04:21:59Z.101,34000,431,0
2026-09-30 04:22:00Z.227,34000,432,0
2026-09-30 04:22:01Z.321,34000,432,0
2026-09-30 04:22:02Z.392,34000,431,0
2026-09-30 04:22:03Z.442,34000,431,0
2026-09-30 04:22:04Z.466,34000,432,0
2026-09-30 04:22:05Z.521,34000,432,0
2026-09-30 04:22:06Z.627,34000,432,0
2026-09-30 04:22:07Z.632,34000,432,0
2026-09-30 04:22:08Z.719,34000,432,0
2026-09-30 04:22:09Z.832,34000,432,0
2026-09-30 04:22:10Z.837,34000,432,0
2026-09-30 04:22:11Z.837,34000,432,0
2026-09-30 04:22:12Z.842,34000,432,0
2026-09-30 04:22:13Z.847,34000,432,0
2026-09-30 04:22:14Z.967,34000,432,0
2026-09-30 04:22:16Z.016,34000,432,0
2026-09-30 04:22:17Z.102,34000,432,0
2026-09-30 04:22:18Z.102,34000,432,0
2026-09-30 04:22:19Z.102,34000,432,0
2026-09-30 04:22:20Z.121,34000,432,0
2026-09-30 04:22:21Z.121,34000,432,0
2026-09-30 04:22:22Z.121,34000,432,0
2026-09-30 04:22:23Z.282,34000,432,0
2026-09-30 04:22:24Z.522,34000,432,0
2026-09-30 04:22:25Z.677,34000,432,0
2026-09-30 04:22:26Z.687,34000,432,0
2026-09-30 04:22:27Z.727,34000,432,0
2026-09-30 04:22:28Z.787,34000,432,0
2026-09-30 04:22:29Z.952,34000,432,0
2026-09-30 04:22:31Z.026,34000,432,0
2026-09-30 04:22:32Z.063,34000,432,0
2026-09-30 04:22:33Z.073,34000,432,0
2026-09-30 04:22:34Z.082,34000,432,0
2026-09-30 04:22:35Z.094,34000,432,0
2026-09-30 04:22:36Z.094,34000,432,0
2026-09-30 04:22:37Z.094,34000,432,0
2026-09-30 04:22:38Z.094,34000,432,0
2026-09-30 04:22:39Z.262,34000,432,0
2026-09-30 04:22:40Z.262,34000,432,0
2026-09-30 04:22:41Z.438,34000,432,0
2026-09-30 04:22:42Z.528,34000,432,0
2026-09-30 04:22:43Z.529,34000,432,0
2026-09-30 04:22:44Z.587,34000,432,0
2026-09-30 04:22:45Z.608,34000,432,0
2026-09-30 04:22:46Z.743,34000,432,0
2026-09-30 04:22:47Z.747,34000,432,0
2026-09-30 04:22:48Z.842,34000,432,0
2026-09-30 04:22:49Z.967,34000,432,0
2026-09-30 04:22:51Z.046,34000,432,0
2026-09-30 04:22:52Z.076,34000,432,0
2026-09-30 04:22:53Z.137,34000,432,0
2026-09-30 04:22:54Z.187,34000,432,0
2026-09-30 04:22:55Z.192,34000,432,0
2026-09-30 04:22:56Z.207,34000,432,0
2026-09-30 04:22:57Z.242,34000,432,0
2026-09-30 04:22:58Z.362,34000,432,0
2026-09-30 04:22:59Z.373,34000,432,0
2026-09-30 04:23:00Z.473,34000,432,0
2026-09-30 04:23:01Z.547,34000,432,0
2026-09-30 04:23:02Z.618,34000,432,0
2026-09-30 04:23:03Z.697,34000,432,0
2026-09-30 04:23:04Z.797,34000,432,0
2026-09-30 04:23:05Z.904,34000,432,0
2026-09-30 04:23:06Z.932,34000,432,0
2026-09-30 04:23:08Z.042,34000,432,0
2026-09-30 04:23:09Z.247,34000,432,0
2026-09-30 04:23:10Z.258,34000,432,0
2026-09-30 04:23:11Z.297,34000,432,0
2026-09-30 04:23:12Z.353,34000,432,0
2026-09-30 04:23:13Z.704,34000,432,0
2026-09-30 04:23:14Z.846,34000,432,0
2026-09-30 04:23:15Z.877,34000,432,0
2026-09-30 04:23:17Z.183,34000,432,0
2026-09-30 04:23:18Z.258,34000,432,0
2026-09-30 04:23:19Z.592,34000,432,0
2026-09-30 04:23:20Z.717,34000,432,0
2026-09-30 04:23:21Z.758,34000,432,0
2026-09-30 04:23:22Z.761,34000,432,0
2026-09-30 04:23:23Z.962,34000,432,0
2026-09-30 04:23:24Z.967,34000,432,0
2026-09-30 04:23:26Z.033,34000,432,0
2026-09-30 04:23:27Z.203,34000,432,0
2026-09-30 04:23:28Z.213,34000,432,0
2026-09-30 04:23:29Z.283,34000,432,0
2026-09-30 04:23:30Z.287,34000,432,0
2026-09-30 04:23:31Z.318,34000,432,0
2026-09-30 04:23:32Z.650,34000,432,0
2026-09-30 04:23:33Z.713,34000,432,0
2026-09-30 04:23:34Z.900,34000,432,0
2026-09-30 04:23:35Z.904,34000,432,0
2026-09-30 04:23:36Z.958,34000,432,0
2026-09-30 04:23:37Z.978,34000,432,0
2026-09-30 04:23:39Z.028,34000,432,0
2026-09-30 04:23:40Z.033,34000,432,0
2026-09-30 04:23:41Z.058,34000,432,0
2026-09-30 04:23:42Z.058,34000,432,0
2026-09-30 04:23:43Z.138,34000,432,0
2026-09-30 04:23:44Z.323,34000,432,0
2026-09-30 04:23:45Z.363,34000,432,0
2026-09-30 04:23:46Z.418,34000,432,0
2026-09-30 04:23:47Z.568,34000,432,0
2026-09-30 04:23:48Z.708,34000,432,0
2026-09-30 04:23:49Z.748,34000,432,0
2026-09-30 04:23:51Z.043,34000,432,0
2026-09-30 04:23:52Z.058,34000,432,0
2026-09-30 04:23:53Z.073,34000,432,0
2026-09-30 04:23:54Z.135,34000,432,0
2026-09-30 04:23:55Z.178,34000,432,0
2026-09-30 04:23:56Z.218,34000,432,0
2026-09-30 04:23:57Z.228,34000,432,0
2026-09-30 04:23:58Z.258,34000,432,0
2026-09-30 04:23:59Z.308,34000,432,0
2026-09-30 04:24:00Z.603,34000,432,0
2026-09-30 04:24:01Z.973,34000,432,0
2026-09-30 04:24:03Z.058,34000,432,0
2026-09-30 04:24:04Z.148,34000,432,0
2026-09-30 04:24:05Z.188,34000,432,0
2026-09-30 04:24:06Z.248,34000,432,0
2026-09-30 04:24:07Z.641,34000,432,0
2026-09-30 04:24:08Z.705,34000,432,0
2026-09-30 04:24:09Z.748,34000,432,0
2026-09-30 04:24:10Z.754,34000,432,0
2026-09-30 04:24:11Z.848,34000,432,0
2026-09-30 04:24:12Z.873,34000,432,0
2026-09-30 04:24:13Z.938,34000,432,0
2026-09-30 04:24:14Z.978,34000,432,0
2026-09-30 04:24:16Z.090,34000,432,0
2026-09-30 04:24:17Z.328,34000,432,0
2026-09-30 04:24:18Z.678,34000,432,0
2026-09-30 04:24:19Z.738,34000,432,0
2026-09-30 04:24:21Z.083,34000,432,0
2026-09-30 04:24:22Z.085,34000,432,0
2026-09-30 04:24:23Z.438,34000,432,0
2026-09-30 04:24:24Z.733,34000,432,0
2026-09-30 04:24:25Z.908,34000,432,0
2026-09-30 04:24:27Z.043,34000,432,0
2026-09-30 04:24:28Z.049,34000,432,0
2026-09-30 04:24:29Z.204,34000,432,0
2026-09-30 04:24:30Z.459,34000,432,0
2026-09-30 04:24:31Z.463,34000,432,0
2026-09-30 04:24:32Z.648,34000,432,0
2026-09-30 04:24:33Z.754,34000,432,0
2026-09-30 04:24:34Z.802,34000,432,0
2026-09-30 04:24:35Z.818,34000,432,0
2026-09-30 04:24:36Z.954,34000,432,0
2026-09-30 04:24:37Z.983,34000,432,0
2026-09-30 04:24:38Z.999,34000,432,0
2026-09-30 04:24:40Z.118,34000,432,0
2026-09-30 04:24:41Z.328,34000,432,0
2026-09-30 04:24:42Z.358,34000,432,0
2026-09-30 04:24:43Z.408,34000,432,0
2026-09-30 04:24:44Z.458,34000,432,0
2026-09-30 04:24:45Z.498,34000,432,0
2026-09-30 04:24:46Z.843,34000,432,0
2026-09-30 04:24:47Z.939,34000,431,0
2026-09-30 04:24:49Z.173,34000,432,0
2026-09-30 04:24:50Z.402,34000,431,0
2026-09-30 04:24:51Z.649,34000,431,0
2026-09-30 04:24:52Z.715,34000,431,0
2026-09-30 04:24:53Z.719,34000,432,0
2026-09-30 04:24:54Z.734,34000,431,0
2026-09-30 04:24:55Z.774,34000,432,0
2026-09-30 04:24:56Z.808,34000,431,0
2026-09-30 04:24:57Z.834,34000,432,0
2026-09-30 04:24:58Z.849,34000,431,0
2026-09-30 04:24:59Z.973,34000,432,0
2026-09-30 04:25:01Z.049,34000,431,0
2026-09-30 04:25:02Z.084,34000,431,0
2026-09-30 04:25:03Z.169,34000,432,0
2026-09-30 04:25:04Z.174,34000,431,0
2026-09-30 04:25:05Z.209,34000,431,0
2026-09-30 04:25:06Z.364,34000,431,0
2026-09-30 04:25:07Z.464,34000,431,0
2026-09-30 04:25:08Z.504,34000,430,0
2026-09-30 04:25:09Z.533,34000,432,0
2026-09-30 04:25:10Z.624,34000,430,0
2026-09-30 04:25:11Z.704,34000,432,0
2026-09-30 04:25:12Z.724,34000,430,0
2026-09-30 04:25:13Z.814,34000,432,0
2026-09-30 04:25:14Z.884,34000,430,0
2026-09-30 04:25:15Z.889,34000,430,0
2026-09-30 04:25:16Z.979,34000,430,0
2026-09-30 04:25:18Z.105,34000,430,0
2026-09-30 04:25:19Z.114,34000,430,0
2026-09-30 04:25:20Z.134,34000,430,0
2026-09-30 04:25:21Z.409,34000,430,0
2026-09-30 04:25:22Z.484,34000,430,0
2026-09-30 04:25:23Z.504,34000,430,0
2026-09-30 04:25:24Z.534,34000,430,0
2026-09-30 04:25:25Z.674,34000,430,0
2026-09-30 04:25:26Z.784,34000,430,0
2026-09-30 04:25:27Z.884,34000,430,0
2026-09-30 04:25:29Z.169,34000,430,0
2026-09-30 04:25:30Z.505,34000,430,0
2026-09-30 04:25:31Z.544,34000,430,0
2026-09-30 04:25:32Z.634,34000,430,0
2026-09-30 04:25:33Z.674,34000,430,0
2026-09-30 04:25:34Z.689,34000,430,0
2026-09-30 04:25:35Z.731,34000,430,0
2026-09-30 04:25:36Z.759,34000,430,0
2026-09-30 04:25:37Z.762,34000,430,0
2026-09-30 04:25:38Z.845,34000,430,0
2026-09-30 04:25:39Z.855,34000,430,0
2026-09-30 04:25:40Z.979,34000,430,0
2026-09-30 04:25:42Z.034,34000,430,0
2026-09-30 04:25:43Z.174,34000,430,0
2026-09-30 04:25:44Z.285,34000,430,0
2026-09-30 04:25:45Z.754,34000,430,0
2026-09-30 04:25:46Z.769,34000,430,0
2026-09-30 04:25:47Z.770,34000,430,0
2026-09-30 04:25:48Z.849,34000,430,0
2026-09-30 04:25:49Z.899,34000,430,0
2026-09-30 04:25:51Z.129,34000,430,0
2026-09-30 04:25:52Z.205,34000,431,0
2026-09-30 04:25:53Z.324,34000,430,0
2026-09-30 04:25:54Z.524,34000,431,0
2026-09-30 04:25:55Z.755,34000,430,0
2026-09-30 04:25:56Z.784,34000,431,0
2026-09-30 04:25:57Z.785,34000,430,0
2026-09-30 04:25:58Z.975,34000,430,0
2026-09-30 04:26:00Z.134,34000,430,0
2026-09-30 04:26:01Z.144,34000,430,0
2026-09-30 04:26:02Z.444,34000,431,0
2026-09-30 04:26:03Z.449,34000,431,0
2026-09-30 04:26:04Z.494,34000,431,0
2026-09-30 04:26:05Z.499,34000,431,0
2026-09-30 04:26:06Z.515,34000,431,0
2026-09-30 04:26:07Z.765,34000,430,0
2026-09-30 04:26:08Z.876,34000,430,0
2026-09-30 04:26:09Z.994,34000,430,0
2026-09-30 04:26:11Z.009,34000,431,0
2026-09-30 04:26:12Z.079,34000,430,0
2026-09-30 04:26:13Z.289,34000,430,0
2026-09-30 04:26:14Z.339,34000,431,0
2026-09-30 04:26:15Z.355,34000,431,0
2026-09-30 04:26:16Z.359,34000,431,0
2026-09-30 04:26:17Z.434,34000,431,0
2026-09-30 04:26:18Z.564,34000,431,0
2026-09-30 04:26:19Z.724,34000,431,0
2026-09-30 04:26:20Z.739,34000,430,0
2026-09-30 04:26:21Z.914,34000,431,0
2026-09-30 04:26:22Z.955,34000,431,0
2026-09-30 04:26:23Z.959,34000,430,0
2026-09-30 04:26:25Z.170,34000,431,0
2026-09-30 04:26:26Z.324,34000,430,0
2026-09-30 04:26:27Z.329,34000,431,0
2026-09-30 04:26:28Z.654,34000,430,0
2026-09-30 04:26:29Z.714,34000,431,0
2026-09-30 04:26:30Z.714,34000,431,0
2026-09-30 04:26:31Z.793,34000,430,0
2026-09-30 04:26:32Z.797,34000,431,0
2026-09-30 04:26:33Z.965,34000,431,0
2026-09-30 04:26:35Z.225,34000,431,0
2026-09-30 04:26:36Z.275,34000,430,0
2026-09-30 04:26:37Z.315,34000,431,0
2026-09-30 04:26:38Z.385,34000,431,0
2026-09-30 04:26:39Z.435,34000,431,0
2026-09-30 04:26:40Z.495,34000,431,0
2026-09-30 04:26:41Z.570,34000,431,0
2026-09-30 04:26:42Z.606,34000,431,0
2026-09-30 04:26:43Z.695,34000,431,0
2026-09-30 04:26:44Z.702,34000,431,0
2026-09-30 04:26:45Z.715,34000,431,0
2026-09-30 04:26:46Z.775,34000,431,0
2026-09-30 04:26:47Z.795,34000,431,0
2026-09-30 04:26:48Z.845,34000,431,0
2026-09-30 04:26:49Z.990,34000,431,0
2026-09-30 04:26:51Z.157,34000,430,0
2026-09-30 04:26:52Z.193,34000,431,0
2026-09-30 04:26:53Z.335,34000,431,0
2026-09-30 04:26:54Z.395,34000,431,0
2026-09-30 04:26:55Z.450,34000,431,0
2026-09-30 04:26:56Z.485,34000,430,0
2026-09-30 04:26:57Z.730,34000,430,0
2026-09-30 04:26:58Z.980,34000,430,0
2026-09-30 04:27:00Z.171,34000,430,0
2026-09-30 04:27:01Z.171,34000,430,0
2026-09-30 04:27:02Z.171,34000,430,0
2026-09-30 04:27:03Z.171,34000,430,0
2026-09-30 04:27:04Z.171,34000,430,0
2026-09-30 04:27:05Z.192,34000,430,0
2026-09-30 04:27:06Z.470,34000,430,0
2026-09-30 04:27:07Z.636,34000,430,0
2026-09-30 04:27:08Z.675,34000,430,0
2026-09-30 04:27:09Z.692,34000,430,0
2026-09-30 04:27:10Z.756,34000,430,0
2026-09-30 04:27:11Z.828,34000,430,0
2026-09-30 04:27:12Z.830,34000,430,0
2026-09-30 04:27:13Z.995,34000,430,0
2026-09-30 04:27:15Z.040,34000,430,0
2026-09-30 04:27:16Z.140,34000,430,0
2026-09-30 04:27:17Z.300,34000,430,0
2026-09-30 04:27:18Z.308,34000,430,0
2026-09-30 04:27:19Z.336,34000,430,0
2026-09-30 04:27:20Z.365,34000,430,0
2026-09-30 04:27:21Z.715,34000,430,0
2026-09-30 04:27:22Z.730,34000,430,0
2026-09-30 04:27:23Z.775,34000,430,0
2026-09-30 04:27:24Z.840,34000,430,0
2026-09-30 04:27:25Z.901,34000,430,0
2026-09-30 04:27:26Z.930,34000,430,0
2026-09-30 04:27:28Z.010,34000,430,0
2026-09-30 04:27:29Z.145,34000,430,0
2026-09-30 04:27:30Z.285,34000,430,0
2026-09-30 04:27:31Z.306,34000,430,0
2026-09-30 04:27:32Z.315,34000,430,0
2026-09-30 04:27:33Z.345,34000,430,0
2026-09-30 04:27:34Z.425,34000,430,0
2026-09-30 04:27:35Z.485,34000,430,0
2026-09-30 04:27:36Z.525,34000,430,0
2026-09-30 04:27:37Z.551,34000,430,0
2026-09-30 04:27:38Z.586,34000,430,0
2026-09-30 04:27:39Z.606,34000,430,0
2026-09-30 04:27:40Z.625,34000,430,0
2026-09-30 04:27:41Z.665,34000,430,0
2026-09-30 04:27:42Z.817,34000,430,0
2026-09-30 04:27:43Z.847,34000,430,0
2026-09-30 04:27:44Z.850,34000,430,0
2026-09-30 04:27:45Z.906,34000,430,0
2026-09-30 04:27:46Z.920,34000,430,0
2026-09-30 04:27:47Z.925,34000,430,0
2026-09-30 04:27:49Z.080,34000,430,0
2026-09-30 04:27:50Z.136,34000,431,0
2026-09-30 04:27:51Z.165,34000,430,0
2026-09-30 04:27:52Z.175,34000,430,0
2026-09-30 04:27:53Z.175,34000,430,0
2026-09-30 04:27:54Z.250,34000,431,0
2026-09-30 04:27:55Z.265,34000,431,0
2026-09-30 04:27:56Z.281,34000,430,0
2026-09-30 04:27:57Z.345,34000,431,0
2026-09-30 04:27:58Z.375,34000,431,0
2026-09-30 04:27:59Z.435,34000,431,0
2026-09-30 04:28:00Z.491,34000,431,0
2026-09-30 04:28:01Z.620,34000,431,0
2026-09-30 04:28:02Z.850,34000,431,0
2026-09-30 04:28:03Z.886,34000,430,0
2026-09-30 04:28:05Z.156,34000,431,0
2026-09-30 04:28:06Z.188,34000,430,0
2026-09-30 04:28:07Z.206,34000,431,0
2026-09-30 04:28:08Z.246,34000,431,0
2026-09-30 04:28:09Z.265,34000,431,0
2026-09-30 04:28:10Z.286,34000,431,0
2026-09-30 04:28:11Z.352,34000,430,0
2026-09-30 04:28:12Z.556,34000,431,0
2026-09-30 04:28:13Z.586,34000,431,0
2026-09-30 04:28:14Z.916,34000,431,0
2026-09-30 04:28:15Z.975,34000,430,0
2026-09-30 04:28:17Z.029,34000,431,64
2026-09-30 04:28:18Z.091,34000,431,64
2026-09-30 04:28:19Z.121,34000,431,0
2026-09-30 04:28:20Z.166,34000,431,0
2026-09-30 04:28:21Z.198,34000,430,0
2026-09-30 04:28:22Z.321,34000,430,0
2026-09-30 04:28:23Z.435,34000,430,0
2026-09-30 04:28:24Z.696,34000,430,0
2026-09-30 04:28:25Z.726,34000,430,0
2026-09-30 04:28:26Z.806,34000,430,0
2026-09-30 04:28:27Z.881,34000,430,0
2026-09-30 04:28:29Z.021,34000,430,0
2026-09-30 04:28:30Z.236,34000,430,0
2026-09-30 04:28:31Z.281,34000,430,0
2026-09-30 04:28:32Z.507,34000,430,0
2026-09-30 04:28:33Z.611,34000,430,0
2026-09-30 04:28:34Z.676,34000,430,0
2026-09-30 04:28:35Z.696,34000,430,0
2026-09-30 04:28:36Z.696,34000,430,0
2026-09-30 04:28:37Z.796,34000,430,0
2026-09-30 04:28:38Z.841,34000,430,0
2026-09-30 04:28:39Z.857,34000,430,0
2026-09-30 04:28:40Z.936,34000,430,0
2026-09-30 04:28:41Z.936,34000,430,0
2026-09-30 04:28:43Z.081,34000,430,0
2026-09-30 04:28:44Z.216,34000,430,0
2026-09-30 04:28:45Z.281,34000,431,0
2026-09-30 04:28:46Z.546,34000,430,0
2026-09-30 04:28:47Z.566,34000,431,0
2026-09-30 04:28:48Z.606,34000,431,0
2026-09-30 04:28:49Z.646,34000,431,0
2026-09-30 04:28:50Z.656,34000,431,0
2026-09-30 04:28:51Z.736,34000,431,0
2026-09-30 04:28:52Z.899,34000,431,0
2026-09-30 04:28:54Z.116,34000,431,0
2026-09-30 04:28:55Z.121,34000,431,0
2026-09-30 04:28:56Z.126,34000,431,0
2026-09-30 04:28:57Z.166,34000,431,0
2026-09-30 04:28:58Z.366,34000,431,0
2026-09-30 04:28:59Z.386,34000,430,0
2026-09-30 04:29:00Z.506,34000,431,0
2026-09-30 04:29:01Z.546,34000,431,0
2026-09-30 04:29:02Z.586,34000,431,0
2026-09-30 04:29:03Z.726,34000,431,0
2026-09-30 04:29:04Z.728,34000,431,0
2026-09-30 04:29:05Z.766,34000,431,0
2026-09-30 04:29:06Z.766,34000,431,0
2026-09-30 04:29:07Z.786,34000,431,0
2026-09-30 04:29:08Z.796,34000,431,0
2026-09-30 04:29:09Z.876,34000,431,0
2026-09-30 04:29:10Z.921,34000,430,0
2026-09-30 04:29:11Z.921,34000,431,0
2026-09-30 04:29:12Z.921,34000,431,0
2026-09-30 04:29:14Z.016,34000,431,0
2026-09-30 04:29:15Z.067,34000,430,0
2026-09-30 04:29:16Z.117,34000,431,0
2026-09-30 04:29:17Z.491,34000,431,0
2026-09-30 04:29:18Z.546,34000,430,0
2026-09-30 04:29:19Z.561,34000,430,0
2026-09-30 04:29:20Z.566,34000,430,0
2026-09-30 04:29:21Z.707,34000,430,0
2026-09-30 04:29:22Z.757,34000,430,0
2026-09-30 04:29:23Z.946,34000,430,0
2026-09-30 04:29:25Z.116,34000,430,0
2026-09-30 04:29:26Z.222,34000,430,0
2026-09-30 04:29:27Z.354,34000,430,0
2026-09-30 04:29:28Z.480,34000,430,0
2026-09-30 04:29:29Z.511,34000,430,0
2026-09-30 04:29:30Z.547,34000,430,0
2026-09-30 04:29:31Z.576,34000,430,0
2026-09-30 04:29:32Z.925,34000,430,0
2026-09-30 04:29:34Z.001,34000,430,0
2026-09-30 04:29:35Z.307,34000,430,0
2026-09-30 04:29:36Z.326,34000,430,0
2026-09-30 04:29:37Z.366,34000,430,0
2026-09-30 04:29:38Z.474,34000,430,0
2026-09-30 04:29:39Z.500,34000,430,0
2026-09-30 04:29:40Z.526,34000,430,0
2026-09-30 04:29:41Z.643,34000,430,0
2026-09-30 04:29:42Z.707,34000,430,0
2026-09-30 04:29:43Z.761,34000,430,0
2026-09-30 04:29:44Z.766,34000,430,0
2026-09-30 04:29:45Z.941,34000,430,0
2026-09-30 04:29:47Z.016,34000,430,0
2026-09-30 04:29:48Z.266,34000,430,0
2026-09-30 04:29:49Z.541,34000,430,0
2026-09-30 04:29:50Z.545,34000,430,0
2026-09-30 04:29:51Z.731,34000,430,0
2026-09-30 04:29:52Z.816,34000,430,0
2026-09-30 04:29:53Z.931,34000,430,0
2026-09-30 04:29:54Z.996,34000,430,0
2026-09-30 04:29:56Z.004,34000,430,0
2026-09-30 04:29:57Z.096,34000,430,0
2026-09-30 04:29:58Z.316,34000,430,0
2026-09-30 04:29:59Z.362,34000,430,0
2026-09-30 04:30:00Z.487,34000,430,0
2026-09-30 04:30:01Z.508,34000,430,0
2026-09-30 04:30:02Z.517,34000,430,0
2026-09-30 04:30:03Z.530,34000,430,0
2026-09-30 04:30:04Z.827,34000,430,0
2026-09-30 04:30:05Z.872,34000,430,0
2026-09-30 04:30:06Z.957,34000,430,0
2026-09-30 04:30:07Z.963,34000,430,0
2026-09-30 04:30:09Z.112,34000,430,0
2026-09-30 04:30:10Z.292,34000,430,0
2026-09-30 04:30:11Z.437,34000,430,0
2026-09-30 04:30:12Z.520,34000,430,0
2026-09-30 04:30:13Z.763,34000,430,0
2026-09-30 04:30:14Z.957,34000,430,0
2026-09-30 04:30:16Z.022,34000,430,0
2026-09-30 04:30:17Z.072,34000,430,0
2026-09-30 04:30:18Z.132,34000,430,0
2026-09-30 04:30:19Z.462,34000,430,0
2026-09-30 04:30:20Z.552,34000,430,0
2026-09-30 04:30:21Z.782,34000,430,0
2026-09-30 04:30:22Z.792,34000,429,0
2026-09-30 04:30:23Z.822,34000,430,0
2026-09-30 04:30:24Z.932,34000,430,0
2026-09-30 04:30:25Z.932,34000,430,0
2026-09-30 04:30:26Z.977,34000,429,0
2026-09-30 04:30:27Z.980,34000,430,0
2026-09-30 04:30:29Z.057,34000,429,0
2026-09-30 04:30:30Z.099,34000,430,0
2026-09-30 04:30:31Z.224,34000,430,0
2026-09-30 04:30:32Z.247,34000,430,0
2026-09-30 04:30:33Z.302,34000,429,0
2026-09-30 04:30:34Z.337,34000,430,0
2026-09-30 04:30:35Z.372,34000,429,0
2026-09-30 04:30:36Z.372,34000,429,0
2026-09-30 04:30:37Z.407,34000,429,0
2026-09-30 04:30:38Z.517,34000,429,0
2026-09-30 04:30:39Z.542,34000,429,0
2026-09-30 04:30:40Z.588,34000,429,0
2026-09-30 04:30:41Z.617,34000,429,0
2026-09-30 04:30:42Z.647,34000,429,0
2026-09-30 04:30:43Z.817,34000,429,0
2026-09-30 04:30:44Z.942,34000,429,0
2026-09-30 04:30:45Z.948,34000,428,0
2026-09-30 04:30:46Z.972,34000,429,0
2026-09-30 04:30:47Z.976,34000,428,0
2026-09-30 04:30:49Z.012,34000,428,0
2026-09-30 04:30:50Z.447,34000,428,0
2026-09-30 04:30:51Z.504,34000,428,0
2026-09-30 04:30:52Z.544,34000,428,0
2026-09-30 04:30:53Z.557,34000,428,0
2026-09-30 04:30:54Z.608,34000,428,0
2026-09-30 04:30:55Z.802,34000,428,0
2026-09-30 04:30:56Z.853,34000,428,0
2026-09-30 04:30:57Z.933,34000,428,0
2026-09-30 04:30:58Z.972,34000,428,0
2026-09-30 04:31:00Z.073,34000,428,0
2026-09-30 04:31:01Z.077,34000,428,0
2026-09-30 04:31:02Z.147,34000,428,0
2026-09-30 04:31:03Z.497,34000,428,0
2026-09-30 04:31:04Z.560,34000,428,0
2026-09-30 04:31:05Z.607,34000,428,0
2026-09-30 04:31:06Z.812,34000,428,0
2026-09-30 04:31:07Z.817,34000,428,0
2026-09-30 04:31:08Z.892,34000,428,0
2026-09-30 04:31:09Z.908,34000,428,0
2026-09-30 04:31:10Z.963,34000,427,0
2026-09-30 04:31:12Z.090,34000,428,0
2026-09-30 04:31:13Z.298,34000,428,0
2026-09-30 04:31:14Z.367,34000,427,0
2026-09-30 04:31:15Z.453,34000,427,0
2026-09-30 04:31:16Z.487,34000,427,0
2026-09-30 04:31:17Z.607,34000,427,0
2026-09-30 04:31:18Z.611,34000,427,0
2026-09-30 04:31:19Z.708,34000,427,0
2026-09-30 04:31:20Z.897,34000,427,0
2026-09-30 04:31:21Z.962,34000,427,0
2026-09-30 04:31:22Z.995,34000,427,0
2026-09-30 04:31:24Z.100,34000,428,0
2026-09-30 04:31:25Z.162,34000,427,0
2026-09-30 04:31:26Z.232,34000,428,0
2026-09-30 04:31:27Z.252,34000,428,0
2026-09-30 04:31:28Z.262,34000,428,0
2026-09-30 04:31:29Z.491,34000,428,0
2026-09-30 04:31:30Z.522,34000,428,0
2026-09-30 04:31:31Z.538,34000,428,0
2026-09-30 04:31:32Z.540,34000,428,0
2026-09-30 04:31:33Z.548,34000,428,0
2026-09-30 04:31:34Z.563,34000,428,0
2026-09-30 04:31:35Z.622,34000,429,0
2026-09-30 04:31:36Z.697,34000,428,0
2026-09-30 04:31:37Z.743,34000,430,0
2026-09-30 04:31:38Z.798,34000,428,0
2026-09-30 04:31:40Z.120,34000,430,0
2026-09-30 04:31:41Z.202,34000,429,0
2026-09-30 04:31:42Z.232,34000,429,0
2026-09-30 04:31:43Z.408,34000,430,0
2026-09-30 04:31:44Z.513,34000,430,0
2026-09-30 04:31:45Z.764,34000,429,0
2026-09-30 04:31:47Z.058,34000,429,0
2026-09-30 04:31:48Z.102,34000,430,0
2026-09-30 04:31:49Z.138,34000,430,0
2026-09-30 04:31:50Z.142,34000,430,0
2026-09-30 04:31:51Z.178,34000,430,0
2026-09-30 04:31:52Z.252,34000,430,0
2026-09-30 04:31:53Z.256,34000,430,0
2026-09-30 04:31:54Z.498,34000,430,0
2026-09-30 04:31:55Z.502,34000,431,0
2026-09-30 04:31:56Z.516,34000,432,0
2026-09-30 04:31:57Z.527,34000,432,0
2026-09-30 04:31:58Z.553,34000,431,0
2026-09-30 04:31:59Z.563,34000,431,0
2026-09-30 04:32:00Z.663,34000,431,0
2026-09-30 04:32:01Z.668,34000,432,0
2026-09-30 04:32:02Z.773,34000,431,0
2026-09-30 04:32:03Z.873,34000,431,0
2026-09-30 04:32:04Z.923,34000,431,0
2026-09-30 04:32:06Z.003,34000,432,0
2026-09-30 04:32:07Z.033,34000,432,0
2026-09-30 04:32:08Z.035,34000,432,0
2026-09-30 04:32:09Z.093,34000,432,0
2026-09-30 04:32:10Z.143,34000,432,0
2026-09-30 04:32:11Z.173,34000,431,0
2026-09-30 04:32:12Z.313,34000,432,0
2026-09-30 04:32:13Z.333,34000,431,0
2026-09-30 04:32:14Z.368,34000,431,0
2026-09-30 04:32:15Z.518,34000,431,0
2026-09-30 04:32:16Z.703,34000,432,0
2026-09-30 04:32:17Z.778,34000,432,0
2026-09-30 04:32:18Z.843,34000,432,0
2026-09-30 04:32:19Z.933,34000,432,0
2026-09-30 04:32:20Z.943,34000,432,0
2026-09-30 04:32:22Z.018,34000,432,0
2026-09-30 04:32:23Z.044,34000,432,0
2026-09-30 04:32:24Z.172,34000,432,0
2026-09-30 04:32:25Z.223,34000,432,0
2026-09-30 04:32:26Z.261,34000,432,0
2026-09-30 04:32:27Z.333,34000,432,0
2026-09-30 04:32:28Z.353,34000,432,0
2026-09-30 04:32:29Z.443,34000,432,0
2026-09-30 04:32:30Z.528,34000,432,0
2026-09-30 04:32:31Z.553,34000,432,0
2026-09-30 04:32:32Z.573,34000,432,0
2026-09-30 04:32:33Z.659,34000,432,0
2026-09-30 04:32:34Z.818,34000,432,0
2026-09-30 04:32:35Z.978,34000,432,0
2026-09-30 04:32:37Z.023,34000,431,0
2026-09-30 04:32:38Z.047,34000,431,0
2026-09-30 04:32:39Z.353,34000,431,0
2026-09-30 04:32:40Z.373,34000,432,0
2026-09-30 04:32:41Z.510,34000,432,0
2026-09-30 04:32:42Z.763,34000,432,0
2026-09-30 04:32:43Z.778,34000,432,0
2026-09-30 04:32:44Z.781,34000,432,0
2026-09-30 04:32:45Z.818,34000,431,0
2026-09-30 04:32:46Z.843,34000,431,0
2026-09-30 04:32:47Z.898,34000,431,0
2026-09-30 04:32:49Z.063,34000,431,0
2026-09-30 04:32:50Z.098,34000,431,0
2026-09-30 04:32:51Z.163,34000,431,0
2026-09-30 04:32:52Z.178,34000,431,0
2026-09-30 04:32:53Z.198,34000,432,0
2026-09-30 04:32:54Z.391,34000,432,0
2026-09-30 04:32:55Z.393,34000,432,0
2026-09-30 04:32:56Z.406,34000,432,0
2026-09-30 04:32:57Z.506,34000,432,0
2026-09-30 04:32:58Z.547,34000,432,0
2026-09-30 04:32:59Z.898,34000,432,0
2026-09-30 04:33:00Z.903,34000,432,0
2026-09-30 04:33:02Z.003,34000,432,0
2026-09-30 04:33:03Z.043,34000,432,0
2026-09-30 04:33:04Z.098,34000,432,0
2026-09-30 04:33:05Z.103,34000,432,0
2026-09-30 04:33:06Z.178,34000,432,0
2026-09-30 04:33:07Z.214,34000,432,0
2026-09-30 04:33:08Z.223,34000,432,0
2026-09-30 04:33:09Z.323,34000,432,0
2026-09-30 04:33:10Z.349,34000,432,0
2026-09-30 04:33:11Z.513,34000,432,0
2026-09-30 04:33:12Z.524,34000,432,0
2026-09-30 04:33:13Z.623,34000,432,0
2026-09-30 04:33:14Z.623,34000,432,0
2026-09-30 04:33:15Z.653,34000,432,0
2026-09-30 04:33:16Z.713,34000,432,0
2026-09-30 04:33:17Z.763,34000,432,0
2026-09-30 04:33:18Z.877,34000,432,0
2026-09-30 04:33:20Z.099,34000,432,0
2026-09-30 04:33:21Z.143,34000,432,0
2026-09-30 04:33:22Z.496,34000,432,0
2026-09-30 04:33:23Z.533,34000,432,0
2026-09-30 04:33:24Z.553,34000,432,0
2026-09-30 04:33:25Z.563,34000,432,0
2026-09-30 04:33:26Z.629,34000,432,0
2026-09-30 04:33:27Z.793,34000,432,0
2026-09-30 04:33:28Z.973,34000,432,0
2026-09-30 04:33:30Z.023,34000,432,0
2026-09-30 04:33:31Z.103,34000,432,0
2026-09-30 04:33:32Z.213,34000,432,0
2026-09-30 04:33:33Z.233,34000,432,0
2026-09-30 04:33:34Z.398,34000,432,0
2026-09-30 04:33:35Z.483,34000,432,0
2026-09-30 04:33:36Z.486,34000,432,0
2026-09-30 04:33:37Z.509,34000,432,0
2026-09-30 04:33:38Z.572,34000,432,0
2026-09-30 04:33:39Z.763,34000,432,0
2026-09-30 04:33:40Z.774,34000,432,0
2026-09-30 04:33:41Z.784,34000,432,0
2026-09-30 04:33:42Z.979,34000,432,0
2026-09-30 04:33:43Z.523,34000,432,0
2026-09-30 04:33:44Z.004,34000,432,0
2026-09-30 04:33:45Z.059,34000,432,0
2026-09-30 04:33:46Z.104,34000,432,0
2026-09-30 04:33:47Z.119,34000,432,0
2026-09-30 04:33:48Z.131,34000,432,0
2026-09-30 04:33:49Z.274,34000,432,0
2026-09-30 04:33:50Z.324,34000,432,0
2026-09-30 04:33:51Z.364,34000,432,0
2026-09-30 04:33:52Z.379,34000,432,0
2026-09-30 04:33:53Z.444,34000,432,0
2026-09-30 04:33:54Z.484,34000,432,0
2026-09-30 04:33:55Z.517,34000,432,0
2026-09-30 04:33:56Z.654,34000,432,0
2026-09-30 04:33:58Z.104,34000,432,0
2026-09-30 04:33:59Z.219,34000,432,0
2026-09-30 04:34:00Z.288,34000,432,0
2026-09-30 04:34:01Z.308,34000,432,0
2026-09-30 04:34:02Z.414,34000,433,0
2026-09-30 04:34:03Z.469,34000,433,0
2026-09-30 04:34:04Z.619,34000,432,0
2026-09-30 04:34:05Z.644,34000,433,0
2026-09-30 04:34:06Z.645,34000,432,0
2026-09-30 04:34:07Z.935,34000,432,0
2026-09-30 04:34:09Z.024,34000,433,0
2026-09-30 04:34:10Z.029,34000,433,0
2026-09-30 04:34:11Z.260,34000,433,0
2026-09-30 04:34:12Z.298,34000,432,0
2026-09-30 04:34:13Z.466,34000,432,0
2026-09-30 04:34:14Z.468,34000,433,0
2026-09-30 04:34:15Z.471,34000,433,0
2026-09-30 04:34:16Z.519,34000,433,0
2026-09-30 04:34:17Z.579,34000,433,0
2026-09-30 04:34:18Z.904,34000,433,0
2026-09-30 04:34:20Z.000,34000,433,0
2026-09-30 04:34:21Z.034,34000,433,0
2026-09-30 04:34:22Z.209,34000,433,0
2026-09-30 04:34:23Z.244,34000,433,0
2026-09-30 04:34:24Z.315,34000,433,0
2026-09-30 04:34:25Z.349,34000,433,0
2026-09-30 04:34:26Z.355,34000,432,0
2026-09-30 04:34:27Z.449,34000,433,0
2026-09-30 04:34:28Z.504,34000,433,0
2026-09-30 04:34:29Z.512,34000,433,0
2026-09-30 04:34:30Z.584,34000,432,0
2026-09-30 04:34:31Z.649,34000,433,0
2026-09-30 04:34:32Z.866,34000,432,0
2026-09-30 04:34:33Z.869,34000,432,0
2026-09-30 04:34:34Z.910,34000,433,0
2026-09-30 04:34:35Z.939,34000,433,0
2026-09-30 04:34:37Z.039,34000,433,0
2026-09-30 04:34:38Z.050,34000,433,0
2026-09-30 04:34:39Z.369,34000,433,0
2026-09-30 04:34:40Z.424,34000,433,0
2026-09-30 04:34:41Z.469,34000,432,0
2026-09-30 04:34:42Z.488,34000,433,0
2026-09-30 04:34:43Z.489,34000,432,0
2026-09-30 04:34:44Z.544,34000,433,0
2026-09-30 04:34:45Z.557,34000,433,0
2026-09-30 04:34:46Z.584,34000,432,0
2026-09-30 04:34:47Z.586,34000,432,0
2026-09-30 04:34:48Z.664,34000,433,0
2026-09-30 04:34:49Z.710,34000,433,0
2026-09-30 04:34:50Z.855,34000,433,0
2026-09-30 04:34:52Z.000,34000,433,0
2026-09-30 04:34:53Z.040,34000,433,0
2026-09-30 04:34:54Z.050,34000,433,0
2026-09-30 04:34:55Z.125,34000,433,0
2026-09-30 04:34:56Z.269,34000,433,0
2026-09-30 04:34:57Z.274,34000,433,0
2026-09-30 04:34:58Z.310,34000,432,0
2026-09-30 04:34:59Z.334,34000,433,0
2026-09-30 04:35:00Z.349,34000,433,0
2026-09-30 04:35:01Z.355,34000,432,0
2026-09-30 04:35:02Z.654,34000,433,0
2026-09-30 04:35:03Z.764,34000,432,0
2026-09-30 04:35:04Z.819,34000,433,0
2026-09-30 04:35:05Z.899,34000,433,0
2026-09-30 04:35:06Z.974,34000,433,0
2026-09-30 04:35:07Z.989,34000,433,0
2026-09-30 04:35:09Z.000,34000,433,0
2026-09-30 04:35:10Z.029,34000,433,0
2026-09-30 04:35:11Z.075,34000,433,0
2026-09-30 04:35:12Z.104,34000,433,0
2026-09-30 04:35:13Z.150,34000,433,0
2026-09-30 04:35:14Z.471,34000,433,0
2026-09-30 04:35:15Z.499,34000,433,0
2026-09-30 04:35:16Z.834,34000,433,0
2026-09-30 04:35:17Z.869,34000,433,0
2026-09-30 04:35:18Z.894,34000,433,0
2026-09-30 04:35:20Z.029,34000,433,0
2026-09-30 04:35:21Z.039,34000,433,0
2026-09-30 04:35:22Z.069,34000,433,0
2026-09-30 04:35:23Z.090,34000,433,0
2026-09-30 04:35:24Z.284,34000,433,0
2026-09-30 04:35:25Z.290,34000,433,0
2026-09-30 04:35:26Z.290,34000,433,0
2026-09-30 04:35:27Z.510,34000,433,0
2026-09-30 04:35:28Z.515,34000,432,0
2026-09-30 04:35:29Z.585,34000,433,0
2026-09-30 04:35:30Z.645,34000,433,0
2026-09-30 04:35:31Z.670,34000,433,0
2026-09-30 04:35:32Z.675,34000,433,0
2026-09-30 04:35:33Z.745,34000,433,0
2026-09-30 04:35:35Z.020,34000,433,0
2026-09-30 04:35:36Z.185,34000,433,0
2026-09-30 04:35:37Z.195,34000,433,0
2026-09-30 04:35:38Z.230,34000,433,0
2026-09-30 04:35:39Z.260,34000,433,0
2026-09-30 04:35:40Z.270,34000,433,0
2026-09-30 04:35:41Z.348,34000,432,0
2026-09-30 04:35:42Z.535,34000,433,0
2026-09-30 04:35:43Z.550,34000,432,0
2026-09-30 04:35:44Z.550,34000,433,0
2026-09-30 04:35:45Z.715,34000,433,0
2026-09-30 04:35:46Z.785,34000,433,0
2026-09-30 04:35:47Z.840,34000,433,0
2026-09-30 04:35:48Z.890,34000,433,0
2026-09-30 04:35:49Z.890,34000,433,0
2026-09-30 04:35:50Z.927,34000,433,0
2026-09-30 04:35:51Z.945,34000,433,0
2026-09-30 04:35:52Z.990,34000,433,0
2026-09-30 04:35:53Z.995,34000,433,0
2026-09-30 04:35:55Z.025,34000,434,0
2026-09-30 04:35:56Z.040,34000,433,0
2026-09-30 04:35:57Z.090,34000,433,0
2026-09-30 04:35:58Z.090,34000,433,0
2026-09-30 04:35:59Z.119,34000,434,0
2026-09-30 04:36:00Z.137,34000,433,0
2026-09-30 04:36:01Z.138,34000,433,0
2026-09-30 04:36:02Z.138,34000,433,0
2026-09-30 04:36:03Z.138,34000,433,0
2026-09-30 04:36:04Z.156,34000,433,0
2026-09-30 04:36:05Z.157,34000,433,0
2026-09-30 04:36:06Z.158,34000,433,0
2026-09-30 04:36:07Z.158,34000,433,0
2026-09-30 04:36:08Z.159,34000,433,0
2026-09-30 04:36:09Z.159,34000,433,0
2026-09-30 04:36:10Z.240,34000,433,0
2026-09-30 04:36:11Z.265,34000,433,0
2026-09-30 04:36:12Z.280,34000,433,0
2026-09-30 04:36:13Z.290,34000,433,0
2026-09-30 04:36:14Z.330,34000,433,0
2026-09-30 04:36:15Z.380,34000,433,0
2026-09-30 04:36:16Z.675,34000,432,0
2026-09-30 04:36:17Z.751,34000,433,0
2026-09-30 04:36:19Z.138,34000,433,0
2026-09-30 04:36:20Z.158,34000,433,0
2026-09-30 04:36:21Z.215,34000,433,0
2026-09-30 04:36:22Z.220,34000,433,0
2026-09-30 04:36:23Z.221,34000,432,0
2026-09-30 04:36:24Z.230,34000,433,0
2026-09-30 04:36:25Z.275,34000,432,0
2026-09-30 04:36:26Z.356,34000,432,0
2026-09-30 04:36:27Z.517,34000,432,0
2026-09-30 04:36:28Z.525,34000,432,0
2026-09-30 04:36:29Z.555,34000,432,0
2026-09-30 04:36:30Z.560,34000,432,0
2026-09-30 04:36:31Z.835,34000,432,0
2026-09-30 04:36:32Z.865,34000,432,0
2026-09-30 04:36:33Z.995,34000,433,0
2026-09-30 04:36:35Z.020,34000,433,0
2026-09-30 04:36:36Z.035,34000,433,0
2026-09-30 04:36:37Z.061,34000,433,0
2026-09-30 04:36:38Z.138,34000,433,0
2026-09-30 04:36:39Z.261,34000,433,0
2026-09-30 04:36:40Z.306,34000,433,0
2026-09-30 04:36:41Z.354,34000,434,0
2026-09-30 04:36:42Z.424,34000,432,0
2026-09-30 04:36:43Z.424,34000,433,0
2026-09-30 04:36:44Z.740,34000,433,0
2026-09-30 04:36:45Z.931,34000,433,0
2026-09-30 04:36:46Z.980,34000,433,0
2026-09-30 04:36:48Z.219,34000,433,0
2026-09-30 04:36:49Z.480,34000,433,0
2026-09-30 04:36:50Z.550,34000,433,0
2026-09-30 04:36:51Z.575,34000,433,0
2026-09-30 04:36:52Z.590,34000,433,0
2026-09-30 04:36:53Z.680,34000,432,0
2026-09-30 04:36:54Z.721,34000,432,0
2026-09-30 04:36:55Z.731,34000,433,0
2026-09-30 04:36:56Z.971,34000,432,0
2026-09-30 04:36:57Z.991,34000,432,0
2026-09-30 04:36:59Z.240,34000,432,0
2026-09-30 04:37:00Z.265,34000,432,0
2026-09-30 04:37:01Z.361,34000,432,0
2026-09-30 04:37:02Z.715,34000,432,0
2026-09-30 04:37:03Z.846,34000,432,0
2026-09-30 04:37:04Z.940,34000,432,0
2026-09-30 04:37:06Z.041,34000,432,0
2026-09-30 04:37:07Z.076,34000,432,0
2026-09-30 04:37:08Z.111,34000,432,0
2026-09-30 04:37:09Z.166,34000,432,0
2026-09-30 04:37:10Z.168,34000,432,0
2026-09-30 04:37:11Z.171,34000,432,0
2026-09-30 04:37:12Z.186,34000,432,0
2026-09-30 04:37:13Z.191,34000,432,0
2026-09-30 04:37:14Z.243,34000,432,0
2026-09-30 04:37:15Z.257,34000,432,0
2026-09-30 04:37:16Z.372,34000,432,0
2026-09-30 04:37:17Z.401,34000,432,0
2026-09-30 04:37:18Z.431,34000,432,0
2026-09-30 04:37:19Z.439,34000,432,0
2026-09-30 04:37:20Z.616,34000,432,0
2026-09-30 04:37:21Z.666,34000,432,0
2026-09-30 04:37:22Z.886,34000,432,0
2026-09-30 04:37:23Z.956,34000,433,0
2026-09-30 04:37:24Z.961,34000,433,0
2026-09-30 04:37:25Z.992,34000,432,0
2026-09-30 04:37:27Z.146,34000,433,0
2026-09-30 04:37:28Z.147,34000,433,0
2026-09-30 04:37:29Z.196,34000,433,0
2026-09-30 04:37:30Z.286,34000,432,0
2026-09-30 04:37:31Z.286,34000,432,0
2026-09-30 04:37:32Z.346,34000,432,0
2026-09-30 04:37:33Z.376,34000,432,0
2026-09-30 04:37:34Z.376,34000,432,0
2026-09-30 04:37:35Z.376,34000,432,0
2026-09-30 04:37:36Z.378,34000,432,0
2026-09-30 04:37:37Z.496,34000,431,0
2026-09-30 04:37:38Z.641,34000,431,0
2026-09-30 04:37:39Z.666,34000,432,0
2026-09-30 04:37:40Z.696,34000,432,0
2026-09-30 04:37:41Z.835,34000,432,0
2026-09-30 04:37:42Z.841,34000,432,0
2026-09-30 04:37:43Z.906,34000,432,0
2026-09-30 04:37:45Z.001,34000,432,0
2026-09-30 04:37:46Z.046,34000,432,0
2026-09-30 04:37:47Z.091,34000,432,0
2026-09-30 04:37:48Z.176,34000,432,0
2026-09-30 04:37:49Z.201,34000,432,0
2026-09-30 04:37:50Z.206,34000,432,0
2026-09-30 04:37:51Z.271,34000,432,0
2026-09-30 04:37:52Z.336,34000,432,0
2026-09-30 04:37:53Z.361,34000,432,0
2026-09-30 04:37:54Z.406,34000,432,0
2026-09-30 04:37:55Z.566,34000,432,0
2026-09-30 04:37:56Z.836,34000,432,0
2026-09-30 04:37:57Z.936,34000,432,0
2026-09-30 04:37:58Z.976,34000,432,0
2026-09-30 04:37:59Z.986,34000,432,0
2026-09-30 04:38:01Z.016,34000,432,0
2026-09-30 04:38:02Z.076,34000,432,0
2026-09-30 04:38:03Z.151,34000,432,0
2026-09-30 04:38:04Z.466,34000,432,0
2026-09-30 04:38:05Z.566,34000,432,0
2026-09-30 04:38:06Z.712,34000,432,0
2026-09-30 04:38:07Z.866,34000,432,0
2026-09-30 04:38:09Z.183,34000,432,0
2026-09-30 04:38:10Z.326,34000,432,0
2026-09-30 04:38:11Z.351,34000,432,0
2026-09-30 04:38:12Z.526,34000,432,0
2026-09-30 04:38:13Z.527,34000,432,0
2026-09-30 04:38:14Z.620,34000,431,0
2026-09-30 04:38:15Z.656,34000,431,0
2026-09-30 04:38:17Z.081,34000,431,0
2026-09-30 04:38:18Z.116,34000,431,0
2026-09-30 04:38:19Z.162,34000,431,0
2026-09-30 04:38:20Z.162,34000,431,0
2026-09-30 04:38:21Z.167,34000,431,0
2026-09-30 04:38:22Z.182,34000,431,0
2026-09-30 04:38:23Z.182,34000,431,0
2026-09-30 04:38:24Z.182,34000,431,0
2026-09-30 04:38:25Z.182,34000,431,0
2026-09-30 04:38:26Z.183,34000,431,0
2026-09-30 04:38:27Z.183,34000,431,0
2026-09-30 04:38:28Z.183,34000,431,0
2026-09-30 04:38:29Z.221,34000,431,0
2026-09-30 04:38:30Z.271,34000,431,0
2026-09-30 04:38:31Z.296,34000,431,0
2026-09-30 04:38:32Z.301,34000,431,0
2026-09-30 04:38:33Z.338,34000,432,0
2026-09-30 04:38:34Z.367,34000,431,0
2026-09-30 04:38:35Z.412,34000,431,0
2026-09-30 04:38:36Z.471,34000,431,0
2026-09-30 04:38:37Z.486,34000,431,0
2026-09-30 04:38:38Z.497,34000,431,0
2026-09-30 04:38:39Z.501,34000,431,0
2026-09-30 04:38:40Z.531,34000,431,0
2026-09-30 04:38:41Z.551,34000,431,0
2026-09-30 04:38:42Z.616,34000,431,0
2026-09-30 04:38:43Z.657,34000,431,0
2026-09-30 04:38:44Z.671,34000,431,0
2026-09-30 04:38:45Z.691,34000,431,0
2026-09-30 04:38:46Z.971,34000,431,0
2026-09-30 04:38:47Z.996,34000,431,0
2026-09-30 04:38:49Z.036,34000,431,0
2026-09-30 04:38:50Z.080,34000,431,0
2026-09-30 04:38:51Z.116,34000,430,0
2026-09-30 04:38:52Z.142,34000,430,0
2026-09-30 04:38:53Z.148,34000,430,0
2026-09-30 04:38:54Z.149,34000,431,0
2026-09-30 04:38:55Z.212,34000,430,0
2026-09-30 04:38:56Z.292,34000,429,0
2026-09-30 04:38:57Z.476,34000,430,0
2026-09-30 04:38:58Z.656,34000,430,0
2026-09-30 04:38:59Z.682,34000,430,0
2026-09-30 04:39:00Z.817,34000,430,0
2026-09-30 04:39:02Z.017,34000,430,0
2026-09-30 04:39:03Z.317,34000,430,0
2026-09-30 04:39:04Z.347,34000,430,0
2026-09-30 04:39:05Z.367,34000,430,0
2026-09-30 04:39:06Z.410,34000,430,0
2026-09-30 04:39:07Z.442,34000,429,0
2026-09-30 04:39:08Z.722,34000,429,0
2026-09-30 04:39:09Z.837,34000,429,0
2026-09-30 04:39:10Z.852,34000,429,0
2026-09-30 04:39:11Z.906,34000,429,0
2026-09-30 04:39:12Z.945,34000,430,0
2026-09-30 04:39:14Z.137,34000,429,0
2026-09-30 04:39:15Z.142,34000,429,0
2026-09-30 04:39:16Z.167,34000,429,0
2026-09-30 04:39:17Z.467,34000,429,0
2026-09-30 04:39:18Z.627,34000,429,0
2026-09-30 04:39:19Z.717,34000,429,0
2026-09-30 04:39:20Z.852,34000,429,0
2026-09-30 04:39:22Z.017,34000,429,0
2026-09-30 04:39:23Z.097,34000,429,0
2026-09-30 04:39:24Z.127,34000,429,0
2026-09-30 04:39:25Z.132,34000,429,0
2026-09-30 04:39:26Z.142,34000,429,0
2026-09-30 04:39:27Z.142,34000,429,0
2026-09-30 04:39:28Z.612,34000,429,0
2026-09-30 04:39:29Z.617,34000,429,0
2026-09-30 04:39:30Z.822,34000,429,0
2026-09-30 04:39:31Z.887,34000,429,0
2026-09-30 04:39:33Z.257,34000,429,0
2026-09-30 04:39:34Z.317,34000,428,0
2026-09-30 04:39:35Z.667,34000,428,0
2026-09-30 04:39:36Z.712,34000,428,0
2026-09-30 04:39:37Z.722,34000,428,0
2026-09-30 04:39:38Z.737,34000,428,0
2026-09-30 04:39:39Z.843,34000,428,0
2026-09-30 04:39:40Z.882,34000,428,0
2026-09-30 04:39:42Z.077,34000,428,0
2026-09-30 04:39:43Z.117,34000,428,0
2026-09-30 04:39:44Z.117,34000,428,0
2026-09-30 04:39:45Z.357,34000,428,0
2026-09-30 04:39:46Z.359,34000,428,0
2026-09-30 04:39:47Z.370,34000,428,0
2026-09-30 04:39:48Z.503,34000,428,0
2026-09-30 04:39:49Z.732,34000,429,0
2026-09-30 04:39:50Z.862,34000,429,0
2026-09-30 04:39:52Z.075,34000,429,0
2026-09-30 04:39:53Z.162,34000,429,0
2026-09-30 04:39:54Z.162,34000,429,-64
2026-09-30 04:39:55Z.181,34000,429,-64
2026-09-30 04:39:56Z.199,34000,429,-64
2026-09-30 04:39:57Z.243,34000,428,0
2026-09-30 04:39:58Z.358,34000,428,0
2026-09-30 04:39:59Z.408,34000,428,0
2026-09-30 04:40:00Z.413,34000,428,0
2026-09-30 04:40:01Z.421,34000,428,0
2026-09-30 04:40:02Z.431,34000,428,0
2026-09-30 04:40:03Z.477,34000,428,0
2026-09-30 04:40:04Z.522,34000,428,0
2026-09-30 04:40:05Z.543,34000,428,0
2026-09-30 04:40:06Z.938,34000,428,0
2026-09-30 04:40:08Z.135,34000,428,0
2026-09-30 04:40:09Z.177,34000,428,0
2026-09-30 04:40:10Z.228,34000,427,0
2026-09-30 04:40:11Z.258,34000,428,0
2026-09-30 04:40:12Z.267,34000,427,0
2026-09-30 04:40:13Z.388,34000,427,0
2026-09-30 04:40:14Z.398,34000,427,0
2026-09-30 04:40:15Z.627,34000,427,0
2026-09-30 04:40:16Z.727,34000,428,0
2026-09-30 04:40:17Z.757,34000,427,64
2026-09-30 04:40:18Z.823,34000,427,64
2026-09-30 04:40:20Z.092,34000,427,64
2026-09-30 04:40:21Z.137,34000,427,64
2026-09-30 04:40:22Z.178,34000,427,64
2026-09-30 04:40:23Z.182,34000,427,0
2026-09-30 04:40:24Z.183,34000,427,0
2026-09-30 04:40:25Z.413,34000,427,0
2026-09-30 04:40:26Z.422,34000,427,0
2026-09-30 04:40:27Z.498,34000,427,0
2026-09-30 04:40:28Z.667,34000,428,0
2026-09-30 04:40:29Z.723,34000,427,0
2026-09-30 04:40:30Z.918,34000,427,0
2026-09-30 04:40:31Z.968,34000,427,0
2026-09-30 04:40:33Z.163,34000,427,0
2026-09-30 04:40:34Z.176,34000,427,0
2026-09-30 04:40:35Z.183,34000,427,0
2026-09-30 04:40:36Z.183,34000,428,0
2026-09-30 04:40:37Z.186,34000,427,0
2026-09-30 04:40:38Z.517,34000,427,0
2026-09-30 04:40:39Z.547,34000,427,0
2026-09-30 04:40:40Z.553,34000,427,0
2026-09-30 04:40:41Z.772,34000,428,0
2026-09-30 04:40:42Z.787,34000,427,0
2026-09-30 04:40:44Z.056,34000,428,0
2026-09-30 04:40:45Z.163,34000,427,0
2026-09-30 04:40:46Z.163,34000,427,0
2026-09-30 04:40:47Z.164,34000,428,0
2026-09-30 04:40:48Z.164,34000,428,0
2026-09-30 04:40:49Z.164,34000,427,0
2026-09-30 04:40:50Z.182,34000,427,0
2026-09-30 04:40:51Z.183,34000,427,0
2026-09-30 04:40:52Z.323,34000,428,0
2026-09-30 04:40:53Z.348,34000,427,0
2026-09-30 04:40:54Z.647,34000,427,0
2026-09-30 04:40:55Z.773,34000,427,0
2026-09-30 04:40:56Z.873,34000,427,0
2026-09-30 04:40:57Z.898,34000,427,0
2026-09-30 04:40:58Z.928,34000,427,0
2026-09-30 04:40:59Z.938,34000,428,0
2026-09-30 04:41:01Z.003,34000,427,0
2026-09-30 04:41:02Z.043,34000,427,0
2026-09-30 04:41:03Z.158,34000,427,0
2026-09-30 04:41:04Z.163,34000,427,0
2026-09-30 04:41:05Z.163,34000,427,0
2026-09-30 04:41:06Z.163,34000,427,0
2026-09-30 04:41:07Z.166,34000,427,0
2026-09-30 04:41:08Z.186,34000,427,0
2026-09-30 04:41:09Z.186,34000,427,0
2026-09-30 04:41:10Z.193,34000,427,0
2026-09-30 04:41:11Z.254,34000,427,0
2026-09-30 04:41:12Z.258,34000,428,0
2026-09-30 04:41:13Z.293,34000,427,0
2026-09-30 04:41:14Z.313,34000,427,0
2026-09-30 04:41:15Z.328,34000,427,0
2026-09-30 04:41:16Z.450,34000,428,0
2026-09-30 04:41:17Z.488,34000,427,0
2026-09-30 04:41:18Z.663,34000,427,0
2026-09-30 04:41:19Z.668,34000,427,0
2026-09-30 04:41:20Z.698,34000,427,0
2026-09-30 04:41:21Z.733,34000,427,0
2026-09-30 04:41:22Z.809,34000,427,0
2026-09-30 04:41:24Z.098,34000,428,0
2026-09-30 04:41:25Z.133,34000,427,0
2026-09-30 04:41:26Z.158,34000,427,0
2026-09-30 04:41:27Z.173,34000,427,0
2026-09-30 04:41:28Z.258,34000,427,0
2026-09-30 04:41:29Z.618,34000,427,0
2026-09-30 04:41:30Z.683,34000,427,0
2026-09-30 04:41:31Z.690,34000,428,0
2026-09-30 04:41:32Z.738,34000,427,0
2026-09-30 04:41:33Z.798,34000,427,0
2026-09-30 04:41:34Z.839,34000,427,0
2026-09-30 04:41:35Z.843,34000,427,0
2026-09-30 04:41:36Z.928,34000,427,0
2026-09-30 04:41:37Z.986,34000,427,0
2026-09-30 04:41:39Z.008,34000,427,0
2026-09-30 04:41:40Z.058,34000,427,0
2026-09-30 04:41:41Z.128,34000,427,0
2026-09-30 04:41:42Z.373,34000,427,0
2026-09-30 04:41:43Z.418,34000,427,0
2026-09-30 04:41:44Z.543,34000,427,0
2026-09-30 04:41:45Z.618,34000,427,0
2026-09-30 04:41:46Z.888,34000,427,0
2026-09-30 04:41:47Z.978,34000,427,0
2026-09-30 04:41:49Z.048,34000,427,0
2026-09-30 04:41:50Z.268,34000,427,0
2026-09-30 04:41:51Z.328,34000,427,0
2026-09-30 04:41:52Z.453,34000,427,0
2026-09-30 04:41:53Z.558,34000,427,0
2026-09-30 04:41:54Z.924,34000,427,0
2026-09-30 04:41:55Z.943,34000,427,0
2026-09-30 04:41:56Z.998,34000,427,0
2026-09-30 04:41:58Z.064,34000,427,0
2026-09-30 04:41:59Z.083,34000,427,0
2026-09-30 04:42:00Z.179,34000,427,0
2026-09-30 04:42:01Z.223,34000,427,0
2026-09-30 04:42:02Z.253,34000,427,0
2026-09-30 04:42:03Z.254,34000,426,0
2026-09-30 04:42:04Z.429,34000,427,0
2026-09-30 04:42:05Z.478,34000,426,0
2026-09-30 04:42:06Z.528,34000,426,0
2026-09-30 04:42:07Z.542,34000,426,0
2026-09-30 04:42:08Z.599,34000,426,0
2026-09-30 04:42:09Z.849,34000,426,0
2026-09-30 04:42:10Z.864,34000,426,0
2026-09-30 04:42:12Z.288,34000,426,0
2026-09-30 04:42:13Z.318,34000,426,0
2026-09-30 04:42:14Z.373,34000,426,0
2026-09-30 04:42:15Z.378,34000,426,0
2026-09-30 04:42:16Z.453,34000,426,0
2026-09-30 04:42:17Z.478,34000,426,0
2026-09-30 04:42:18Z.528,34000,426,0
2026-09-30 04:42:19Z.573,34000,426,0
2026-09-30 04:42:20Z.878,34000,426,0
2026-09-30 04:42:21Z.899,34000,426,0
2026-09-30 04:42:23Z.044,34000,426,0
2026-09-30 04:42:24Z.334,34000,426,0
2026-09-30 04:42:25Z.398,34000,426,0
2026-09-30 04:42:26Z.453,34000,426,0
2026-09-30 04:42:27Z.454,34000,425,0
2026-09-30 04:42:28Z.488,34000,426,0
2026-09-30 04:42:29Z.769,34000,425,64
2026-09-30 04:42:30Z.893,34000,425,64
2026-09-30 04:42:32Z.019,34000,424,64
2026-09-30 04:42:33Z.136,34000,423,0
2026-09-30 04:42:34Z.208,34000,423,0
2026-09-30 04:42:35Z.218,34000,422,0
2026-09-30 04:42:36Z.324,34000,422,0
2026-09-30 04:42:37Z.398,34000,422,0
2026-09-30 04:42:38Z.454,34000,422,0
2026-09-30 04:42:39Z.499,34000,422,0
2026-09-30 04:42:40Z.569,34000,421,0
2026-09-30 04:42:41Z.889,34000,421,0
2026-09-30 04:42:42Z.904,34000,420,0
2026-09-30 04:42:43Z.919,34000,420,0
2026-09-30 04:42:44Z.942,34000,420,0
2026-09-30 04:42:45Z.984,34000,420,0
2026-09-30 04:42:47Z.239,34000,419,0
2026-09-30 04:42:48Z.294,34000,419,0
2026-09-30 04:42:49Z.314,34000,419,0
2026-09-30 04:42:50Z.369,34000,418,0
2026-09-30 04:42:51Z.414,34000,418,0
2026-09-30 04:42:52Z.494,34000,418,0
2026-09-30 04:42:53Z.569,34000,418,0
2026-09-30 04:42:54Z.609,34000,417,0
2026-09-30 04:42:55Z.753,34000,418,0
2026-09-30 04:42:56Z.765,34000,417,0
2026-09-30 04:42:58Z.149,34000,417,0
2026-09-30 04:42:59Z.154,34000,417,0
2026-09-30 04:43:00Z.194,34000,417,0
2026-09-30 04:43:01Z.339,34000,416,0
2026-09-30 04:43:02Z.344,34000,416,0
2026-09-30 04:43:03Z.569,34000,416,0
2026-09-30 04:43:04Z.645,34000,415,0
2026-09-30 04:43:05Z.694,34000,416,0
2026-09-30 04:43:06Z.779,34000,416,0
2026-09-30 04:43:07Z.849,34000,416,0
2026-09-30 04:43:08Z.874,34000,415,0
2026-09-30 04:43:09Z.929,34000,415,0
2026-09-30 04:43:11Z.084,34000,416,0
2026-09-30 04:43:12Z.299,34000,415,0
2026-09-30 04:43:13Z.305,34000,415,0
2026-09-30 04:43:14Z.494,34000,415,0
2026-09-30 04:43:15Z.774,34000,415,0
2026-09-30 04:43:17Z.009,34000,415,0
2026-09-30 04:43:18Z.159,34000,415,0
2026-09-30 04:43:19Z.265,34000,415,0
2026-09-30 04:43:20Z.301,34000,415,0
2026-09-30 04:43:21Z.324,34000,415,0
2026-09-30 04:43:22Z.367,34000,415,0
2026-09-30 04:43:23Z.409,34000,415,0
2026-09-30 04:43:24Z.639,34000,416,0
2026-09-30 04:43:25Z.734,34000,415,0
2026-09-30 04:43:26Z.734,34000,415,0
2026-09-30 04:43:27Z.845,34000,415,0
2026-09-30 04:43:28Z.952,34000,416,0
2026-09-30 04:43:30Z.074,34000,415,0
2026-09-30 04:43:31Z.079,34000,415,0
2026-09-30 04:43:32Z.110,34000,415,0
2026-09-30 04:43:33Z.166,34000,415,0
2026-09-30 04:43:34Z.184,34000,415,0
2026-09-30 04:43:35Z.185,34000,415,0
2026-09-30 04:43:36Z.239,34000,416,0
2026-09-30 04:43:37Z.249,34000,415,0
2026-09-30 04:43:38Z.367,34000,416,0
2026-09-30 04:43:39Z.394,34000,415,0
2026-09-30 04:43:40Z.549,34000,416,0
2026-09-30 04:43:41Z.569,34000,415,0
2026-09-30 04:43:42Z.606,34000,416,0
2026-09-30 04:43:43Z.615,34000,415,0
2026-09-30 04:43:44Z.645,34000,415,0
2026-09-30 04:43:45Z.704,34000,415,0
2026-09-30 04:43:46Z.995,34000,415,0
2026-09-30 04:43:48Z.034,34000,415,0
2026-09-30 04:43:49Z.167,34000,415,0
2026-09-30 04:43:50Z.168,34000,415,0
2026-09-30 04:43:51Z.187,34000,415,0
2026-09-30 04:43:52Z.220,34000,416,0
2026-09-30 04:43:53Z.229,34000,415,0
2026-09-30 04:43:54Z.274,34000,415,0
2026-09-30 04:43:55Z.321,34000,415,0
2026-09-30 04:43:56Z.654,34000,415,0
2026-09-30 04:43:57Z.654,34000,415,0
2026-09-30 04:43:58Z.694,34000,415,0
2026-09-30 04:43:59Z.719,34000,415,0
2026-09-30 04:44:00Z.890,34000,415,0
2026-09-30 04:44:01Z.975,34000,415,0
2026-09-30 04:44:03Z.084,34000,415,0
2026-09-30 04:44:04Z.169,34000,415,0
2026-09-30 04:44:05Z.172,34000,415,0
2026-09-30 04:44:06Z.189,34000,416,0
2026-09-30 04:44:07Z.404,34000,415,0
2026-09-30 04:44:08Z.494,34000,415,0
2026-09-30 04:44:09Z.662,34000,415,0
2026-09-30 04:44:10Z.715,34000,415,0
2026-09-30 04:44:11Z.789,34000,415,0
2026-09-30 04:44:12Z.809,34000,415,0
2026-09-30 04:44:13Z.859,34000,415,0
2026-09-30 04:44:14Z.864,34000,415,0
2026-09-30 04:44:15Z.889,34000,415,0
2026-09-30 04:44:16Z.960,34000,415,0
2026-09-30 04:44:17Z.968,34000,416,0
2026-09-30 04:44:19Z.119,34000,416,0
2026-09-30 04:44:20Z.175,34000,416,0
2026-09-30 04:44:21Z.180,34000,416,0
2026-09-30 04:44:22Z.215,34000,416,0
2026-09-30 04:44:23Z.239,34000,416,0
2026-09-30 04:44:24Z.295,34000,416,0
2026-09-30 04:44:25Z.299,34000,416,0
2026-09-30 04:44:26Z.320,34000,416,0
2026-09-30 04:44:27Z.365,34000,416,0
2026-09-30 04:44:28Z.380,34000,416,0
2026-09-30 04:44:29Z.384,34000,416,0
2026-09-30 04:44:30Z.566,34000,416,0
2026-09-30 04:44:31Z.650,34000,416,0
2026-09-30 04:44:32Z.710,34000,416,0
2026-09-30 04:44:33Z.720,34000,416,0
2026-09-30 04:44:34Z.800,34000,416,0
2026-09-30 04:44:36Z.170,34000,416,0
2026-09-30 04:44:37Z.170,34000,416,0
2026-09-30 04:44:38Z.189,34000,416,0
2026-09-30 04:44:39Z.190,34000,416,0
2026-09-30 04:44:40Z.192,34000,416,0
2026-09-30 04:44:41Z.198,34000,416,0
2026-09-30 04:44:42Z.330,34000,416,0
2026-09-30 04:44:43Z.615,34000,416,0
2026-09-30 04:44:44Z.740,34000,416,0
2026-09-30 04:44:45Z.740,34000,416,0
2026-09-30 04:44:46Z.845,34000,416,0
2026-09-30 04:44:47Z.960,34000,416,0
2026-09-30 04:44:49Z.010,34000,416,0
2026-09-30 04:44:50Z.015,34000,416,0
2026-09-30 04:44:51Z.017,34000,416,0
2026-09-30 04:44:52Z.051,34000,416,0
2026-09-30 04:44:53Z.060,34000,416,0
2026-09-30 04:44:54Z.171,34000,416,0
2026-09-30 04:44:55Z.189,34000,416,0
2026-09-30 04:44:56Z.230,34000,416,0
2026-09-30 04:44:57Z.240,34000,416,0
2026-09-30 04:44:58Z.280,34000,416,0
2026-09-30 04:44:59Z.310,34000,416,0
2026-09-30 04:45:00Z.406,34000,416,0
2026-09-30 04:45:01Z.420,34000,416,0
2026-09-30 04:45:02Z.500,34000,416,0
2026-09-30 04:45:03Z.570,34000,416,0
2026-09-30 04:45:04Z.630,34000,416,0
2026-09-30 04:45:05Z.680,34000,416,0
2026-09-30 04:45:06Z.720,34000,416,0
2026-09-30 04:45:07Z.750,34000,416,0
2026-09-30 04:45:08Z.794,34000,416,0
2026-09-30 04:45:10Z.095,34000,416,0
2026-09-30 04:45:11Z.125,34000,416,0
2026-09-30 04:45:12Z.135,34000,416,0
2026-09-30 04:45:13Z.140,34000,416,0
2026-09-30 04:45:14Z.167,34000,416,0
2026-09-30 04:45:15Z.186,34000,416,0
2026-09-30 04:45:16Z.188,34000,416,0
2026-09-30 04:45:17Z.202,34000,416,0
2026-09-30 04:45:18Z.245,34000,416,0
2026-09-30 04:45:19Z.410,34000,416,0
2026-09-30 04:45:20Z.424,34000,416,0
2026-09-30 04:45:21Z.449,34000,416,0
2026-09-30 04:45:22Z.480,34000,416,0
2026-09-30 04:45:23Z.855,34000,416,0
2026-09-30 04:45:24Z.900,34000,416,0
2026-09-30 04:45:26Z.031,34000,416,0
2026-09-30 04:45:27Z.066,34000,416,0
2026-09-30 04:45:28Z.170,34000,416,0
2026-09-30 04:45:29Z.184,34000,416,0
2026-09-30 04:45:30Z.188,34000,416,0
2026-09-30 04:45:31Z.230,34000,416,0
2026-09-30 04:45:32Z.250,34000,416,0
2026-09-30 04:45:33Z.250,34000,416,0
2026-09-30 04:45:34Z.260,34000,416,0
2026-09-30 04:45:35Z.270,34000,416,0
2026-09-30 04:45:36Z.310,34000,416,0
2026-09-30 04:45:37Z.320,34000,416,0
2026-09-30 04:45:38Z.401,34000,416,0
2026-09-30 04:45:39Z.450,34000,416,0
2026-09-30 04:45:40Z.543,34000,416,0
2026-09-30 04:45:41Z.666,34000,416,0
2026-09-30 04:45:42Z.780,34000,416,0
2026-09-30 04:45:43Z.916,34000,416,0
2026-09-30 04:45:44Z.980,34000,416,0
2026-09-30 04:45:46Z.145,34000,416,0
2026-09-30 04:45:47Z.182,34000,416,0
2026-09-30 04:45:48Z.189,34000,416,0
2026-09-30 04:45:49Z.202,34000,416,0
2026-09-30 04:45:50Z.261,34000,416,0
2026-09-30 04:45:51Z.362,34000,416,0
2026-09-30 04:45:52Z.489,34000,416,0
2026-09-30 04:45:53Z.561,34000,416,0
2026-09-30 04:45:54Z.616,34000,416,0
2026-09-30 04:45:55Z.645,34000,416,0
2026-09-30 04:45:56Z.740,34000,416,0
2026-09-30 04:45:57Z.750,34000,416,0
2026-09-30 04:45:58Z.866,34000,416,0
2026-09-30 04:46:00Z.006,34000,416,0
2026-09-30 04:46:01Z.100,34000,416,0
2026-09-30 04:46:02Z.330,34000,416,0
2026-09-30 04:46:03Z.430,34000,416,0
2026-09-30 04:46:04Z.476,34000,417,0
2026-09-30 04:46:05Z.675,34000,417,0
2026-09-30 04:46:06Z.681,34000,417,0
2026-09-30 04:46:07Z.735,34000,417,0
2026-09-30 04:46:08Z.780,34000,417,0
2026-09-30 04:46:09Z.921,34000,417,0
2026-09-30 04:46:11Z.030,34000,417,0
2026-09-30 04:46:12Z.165,34000,417,0
2026-09-30 04:46:13Z.180,34000,417,0
2026-09-30 04:46:14Z.375,34000,417,0
2026-09-30 04:46:15Z.488,34000,417,0
2026-09-30 04:46:16Z.641,34000,417,0
2026-09-30 04:46:17Z.644,34000,417,0
2026-09-30 04:46:18Z.676,34000,417,0
2026-09-30 04:46:19Z.688,34000,417,0
2026-09-30 04:46:20Z.741,34000,417,0
2026-09-30 04:46:21Z.881,34000,417,0
2026-09-30 04:46:23Z.126,34000,417,0
2026-09-30 04:46:24Z.168,34000,417,0
2026-09-30 04:46:25Z.169,34000,417,0
2026-09-30 04:46:26Z.170,34000,417,0
2026-09-30 04:46:27Z.171,34000,417,0
2026-09-30 04:46:28Z.190,34000,417,0
2026-09-30 04:46:29Z.191,34000,417,0
2026-09-30 04:46:30Z.361,34000,417,0
2026-09-30 04:46:31Z.496,34000,417,0
2026-09-30 04:46:32Z.661,34000,417,0
2026-09-30 04:46:33Z.736,34000,417,0
2026-09-30 04:46:34Z.801,34000,417,0
2026-09-30 04:46:35Z.896,34000,417,0
2026-09-30 04:46:36Z.941,34000,417,0
2026-09-30 04:46:37Z.991,34000,417,0
2026-09-30 04:46:39Z.041,34000,417,0
2026-09-30 04:46:40Z.166,34000,417,0
2026-09-30 04:46:41Z.169,34000,417,0
2026-09-30 04:46:42Z.188,34000,417,0
2026-09-30 04:46:43Z.189,34000,417,0
2026-09-30 04:46:44Z.310,34000,417,0
2026-09-30 04:46:45Z.320,34000,417,0
2026-09-30 04:46:46Z.641,34000,417,0
2026-09-30 04:46:47Z.656,34000,417,0
2026-09-30 04:46:48Z.741,34000,417,0
2026-09-30 04:46:49Z.776,34000,417,0
2026-09-30 04:46:50Z.836,34000,417,0
2026-09-30 04:46:51Z.867,34000,417,0
2026-09-30 04:46:52Z.931,34000,418,0
2026-09-30 04:46:53Z.971,34000,417,0
2026-09-30 04:46:55Z.086,34000,417,0
2026-09-30 04:46:56Z.151,34000,417,0
2026-09-30 04:46:57Z.161,34000,417,0
2026-09-30 04:46:58Z.201,34000,417,0
2026-09-30 04:46:59Z.257,34000,417,0
2026-09-30 04:47:00Z.301,34000,417,0
2026-09-30 04:47:01Z.301,34000,417,0
2026-09-30 04:47:02Z.301,34000,417,0
2026-09-30 04:47:03Z.330,34000,417,0
2026-09-30 04:47:04Z.597,34000,417,0
2026-09-30 04:47:05Z.676,34000,417,0
2026-09-30 04:47:06Z.771,34000,417,0
2026-09-30 04:47:07Z.926,34000,417,0
2026-09-30 04:47:09Z.101,34000,417,0
2026-09-30 04:47:10Z.256,34000,417,0
2026-09-30 04:47:11Z.321,34000,417,0
2026-09-30 04:47:12Z.497,34000,417,0
2026-09-30 04:47:13Z.681,34000,417,0
2026-09-30 04:47:14Z.761,34000,417,0
2026-09-30 04:47:15Z.831,34000,417,0
2026-09-30 04:47:16Z.851,34000,417,0
2026-09-30 04:47:18Z.091,34000,417,0
2026-09-30 04:47:19Z.177,34000,417,0
2026-09-30 04:47:20Z.196,34000,417,0
2026-09-30 04:47:21Z.197,34000,417,0
2026-09-30 04:47:22Z.217,34000,417,0
2026-09-30 04:47:23Z.241,34000,417,0
2026-09-30 04:47:24Z.376,34000,417,0
2026-09-30 04:47:25Z.576,34000,417,0
2026-09-30 04:47:26Z.604,34000,417,0
2026-09-30 04:47:27Z.771,34000,417,0
2026-09-30 04:47:29Z.009,34000,417,0
2026-09-30 04:47:30Z.042,34000,418,0
2026-09-30 04:47:31Z.161,34000,417,0
2026-09-30 04:47:32Z.177,34000,417,0
2026-09-30 04:47:33Z.178,34000,417,0
2026-09-30 04:47:34Z.179,34000,417,0
2026-09-30 04:47:35Z.179,34000,417,0
2026-09-30 04:47:36Z.180,34000,417,0
2026-09-30 04:47:37Z.182,34000,417,0
2026-09-30 04:47:38Z.200,34000,418,0
2026-09-30 04:47:39Z.201,34000,417,0
2026-09-30 04:47:40Z.227,34000,418,0
2026-09-30 04:47:41Z.261,34000,418,0
2026-09-30 04:47:42Z.280,34000,418,0
2026-09-30 04:47:43Z.321,34000,418,0
2026-09-30 04:47:44Z.381,34000,418,0
2026-09-30 04:47:45Z.841,34000,418,0
2026-09-30 04:47:47Z.001,34000,418,0
2026-09-30 04:47:48Z.031,34000,418,0
2026-09-30 04:47:49Z.051,34000,418,0
2026-09-30 04:47:50Z.072,34000,418,0
2026-09-30 04:47:51Z.106,34000,418,0
2026-09-30 04:47:52Z.217,34000,418,0
2026-09-30 04:47:53Z.226,34000,418,0
2026-09-30 04:47:54Z.301,34000,418,0
2026-09-30 04:47:55Z.367,34000,418,0
2026-09-30 04:47:56Z.376,34000,418,0
2026-09-30 04:47:57Z.461,34000,418,0
2026-09-30 04:47:58Z.517,34000,418,0
2026-09-30 04:47:59Z.691,34000,418,0
2026-09-30 04:48:00Z.717,34000,418,0
2026-09-30 04:48:01Z.767,34000,418,0
2026-09-30 04:48:02Z.806,34000,418,0
2026-09-30 04:48:03Z.841,34000,418,0
2026-09-30 04:48:04Z.861,34000,418,0
2026-09-30 04:48:05Z.948,34000,418,0
2026-09-30 04:48:06Z.992,34000,418,0
2026-09-30 04:48:08Z.019,34000,418,0
2026-09-30 04:48:09Z.061,34000,418,0
2026-09-30 04:48:10Z.097,34000,418,0
2026-09-30 04:48:11Z.132,34000,418,0
2026-09-30 04:48:12Z.178,34000,418,0
2026-09-30 04:48:13Z.180,34000,418,0
2026-09-30 04:48:14Z.197,34000,418,0
2026-09-30 04:48:15Z.202,34000,418,0
2026-09-30 04:48:16Z.202,34000,418,0
2026-09-30 04:48:17Z.210,34000,418,0
2026-09-30 04:48:18Z.218,34000,418,0
2026-09-30 04:48:19Z.262,34000,418,0
2026-09-30 04:48:20Z.418,34000,418,0
2026-09-30 04:48:21Z.568,34000,418,0
2026-09-30 04:48:22Z.577,34000,418,0
2026-09-30 04:48:23Z.622,34000,418,0
2026-09-30 04:48:24Z.747,34000,418,0
2026-09-30 04:48:25Z.837,34000,418,0
2026-09-30 04:48:26Z.842,34000,418,0
2026-09-30 04:48:27Z.907,34000,418,0
2026-09-30 04:48:29Z.094,34000,418,0
2026-09-30 04:48:30Z.142,34000,418,0
2026-09-30 04:48:31Z.178,34000,418,0
2026-09-30 04:48:32Z.197,34000,418,0
2026-09-30 04:48:33Z.215,34000,418,0
2026-09-30 04:48:34Z.215,34000,418,0
2026-09-30 04:48:35Z.297,34000,418,0
2026-09-30 04:48:36Z.542,34000,419,0
2026-09-30 04:48:37Z.582,34000,419,0
2026-09-30 04:48:38Z.667,34000,419,0
2026-09-30 04:48:40Z.176,34000,419,0
2026-09-30 04:48:41Z.192,34000,419,0
2026-09-30 04:48:42Z.199,34000,419,0
2026-09-30 04:48:43Z.215,34000,419,0
2026-09-30 04:48:44Z.215,34000,419,0
2026-09-30 04:48:45Z.217,34000,419,0
2026-09-30 04:48:45Z.703,34000,419,0
2026-09-30 04:48:46Z.227,34000,419,0
2026-09-30 04:48:47Z.232,34000,419,0
2026-09-30 04:48:48Z.237,34000,419,0
2026-09-30 04:48:49Z.367,34000,419,0
2026-09-30 04:48:50Z.418,34000,419,0
2026-09-30 04:48:51Z.692,34000,419,0
2026-09-30 04:48:53Z.017,34000,419,0
2026-09-30 04:48:54Z.057,34000,419,0
2026-09-30 04:48:55Z.153,34000,419,0
2026-09-30 04:48:56Z.267,34000,419,0
2026-09-30 04:48:57Z.330,34000,419,0
2026-09-30 04:48:58Z.345,34000,419,0
2026-09-30 04:48:59Z.367,34000,419,0
2026-09-30 04:49:00Z.662,34000,419,0
2026-09-30 04:49:01Z.742,34000,419,0
2026-09-30 04:49:02Z.832,34000,419,0
2026-09-30 04:49:03Z.872,34000,419,0
2026-09-30 04:49:04Z.970,34000,419,0
2026-09-30 04:49:05Z.977,34000,419,0
2026-09-30 04:49:07Z.062,34000,419,0
2026-09-30 04:49:08Z.182,34000,419,0
2026-09-30 04:49:09Z.218,34000,419,0
2026-09-30 04:49:10Z.222,34000,419,0
2026-09-30 04:49:11Z.273,34000,419,0
2026-09-30 04:49:12Z.290,34000,419,0
2026-09-30 04:49:13Z.489,34000,419,0
2026-09-30 04:49:14Z.532,34000,419,0
2026-09-30 04:49:15Z.592,34000,419,0
2026-09-30 04:49:16Z.612,34000,419,0
2026-09-30 04:49:17Z.732,34000,419,0
2026-09-30 04:49:18Z.737,34000,419,0
2026-09-30 04:49:19Z.853,34000,419,0
2026-09-30 04:49:20Z.968,34000,419,0
2026-09-30 04:49:22Z.018,34000,419,0
2026-09-30 04:49:23Z.172,34000,419,0
2026-09-30 04:49:24Z.179,34000,419,0
2026-09-30 04:49:25Z.222,34000,419,0
2026-09-30 04:49:26Z.332,34000,419,0
2026-09-30 04:49:27Z.332,34000,419,0
2026-09-30 04:49:28Z.382,34000,419,0
2026-09-30 04:49:29Z.565,34000,419,0
2026-09-30 04:49:30Z.697,34000,419,0
2026-09-30 04:49:31Z.722,34000,419,0
2026-09-30 04:49:32Z.759,34000,419,0
2026-09-30 04:49:33Z.948,34000,419,0
2026-09-30 04:49:34Z.952,34000,419,0
2026-09-30 04:49:35Z.982,34000,420,0
2026-09-30 04:49:36Z.982,34000,420,0
2026-09-30 04:49:38Z.122,34000,420,0
2026-09-30 04:49:39Z.182,34000,420,0
2026-09-30 04:49:40Z.196,34000,420,0
2026-09-30 04:49:41Z.197,34000,420,0
2026-09-30 04:49:42Z.198,34000,420,0
2026-09-30 04:49:43Z.198,34000,420,0
2026-09-30 04:49:44Z.198,34000,420,0
2026-09-30 04:49:45Z.392,34000,420,0
2026-09-30 04:49:46Z.532,34000,420,0
2026-09-30 04:49:47Z.662,34000,420,0
2026-09-30 04:49:48Z.727,34000,420,0
2026-09-30 04:49:49Z.732,34000,420,0
2026-09-30 04:49:50Z.752,34000,420,0
2026-09-30 04:49:51Z.762,34000,420,0
2026-09-30 04:49:52Z.762,34000,420,0
2026-09-30 04:49:53Z.818,34000,420,0
2026-09-30 04:49:54Z.877,34000,420,0
2026-09-30 04:49:55Z.887,34000,420,0
2026-09-30 04:49:56Z.887,34000,420,0
2026-09-30 04:49:58Z.032,34000,420,0
2026-09-30 04:49:59Z.102,34000,420,0
2026-09-30 04:50:00Z.175,34000,420,0
2026-09-30 04:50:01Z.175,34000,420,0
2026-09-30 04:50:02Z.176,34000,420,0
2026-09-30 04:50:03Z.177,34000,420,0
2026-09-30 04:50:04Z.195,34000,420,0
2026-09-30 04:50:05Z.195,34000,420,0
2026-09-30 04:50:06Z.195,34000,420,0
2026-09-30 04:50:07Z.196,34000,420,0
2026-09-30 04:50:08Z.298,34000,420,0
2026-09-30 04:50:09Z.362,34000,420,0
2026-09-30 04:50:10Z.418,34000,420,0
2026-09-30 04:50:11Z.451,34000,420,0
2026-09-30 04:50:12Z.523,34000,420,0
2026-09-30 04:50:13Z.643,34000,420,0
2026-09-30 04:50:14Z.683,34000,420,0
2026-09-30 04:50:15Z.728,34000,420,0
2026-09-30 04:50:16Z.803,34000,420,0
2026-09-30 04:50:17Z.828,34000,420,0
2026-09-30 04:50:18Z.838,34000,420,0
2026-09-30 04:50:19Z.863,34000,420,0
2026-09-30 04:50:20Z.938,34000,421,0
2026-09-30 04:50:21Z.988,34000,421,0
2026-09-30 04:50:23Z.038,34000,421,0
2026-09-30 04:50:24Z.163,34000,421,0
2026-09-30 04:50:25Z.203,34000,421,0
2026-09-30 04:50:26Z.218,34000,421,0
2026-09-30 04:50:27Z.238,34000,421,0
2026-09-30 04:50:28Z.658,34000,421,0
2026-09-30 04:50:29Z.708,34000,421,0
2026-09-30 04:50:30Z.723,34000,421,0
2026-09-30 04:50:31Z.808,34000,421,0
2026-09-30 04:50:33Z.043,34000,422,0
2026-09-30 04:50:34Z.153,34000,421,0
2026-09-30 04:50:35Z.233,34000,421,0
2026-09-30 04:50:36Z.258,34000,421,0
2026-09-30 04:50:37Z.343,34000,421,0
2026-09-30 04:50:38Z.373,34000,421,0
2026-09-30 04:50:39Z.394,34000,422,0
2026-09-30 04:50:40Z.468,34000,421,0
2026-09-30 04:50:41Z.883,34000,421,0
2026-09-30 04:50:42Z.978,34000,421,0
2026-09-30 04:50:44Z.103,34000,421,0
2026-09-30 04:50:45Z.177,34000,421,0
2026-09-30 04:50:46Z.243,34000,421,0
2026-09-30 04:50:47Z.267,34000,421,0
2026-09-30 04:50:48Z.523,34000,421,0
2026-09-30 04:50:49Z.523,34000,421,0
2026-09-30 04:50:50Z.633,34000,421,0
2026-09-30 04:50:51Z.653,34000,421,0
2026-09-30 04:50:52Z.688,34000,421,0
2026-09-30 04:50:53Z.768,34000,421,0
2026-09-30 04:50:54Z.898,34000,421,0
2026-09-30 04:50:55Z.968,34000,421,0
2026-09-30 04:50:57Z.043,34000,421,0
2026-09-30 04:50:58Z.174,34000,421,0
2026-09-30 04:50:59Z.180,34000,421,0
2026-09-30 04:51:00Z.181,34000,421,0
2026-09-30 04:51:01Z.183,34000,421,0
2026-09-30 04:51:02Z.190,34000,421,0
2026-09-30 04:51:03Z.278,34000,421,0
2026-09-30 04:51:04Z.603,34000,421,0
2026-09-30 04:51:05Z.603,34000,421,0
2026-09-30 04:51:06Z.658,34000,421,0
2026-09-30 04:51:07Z.813,34000,421,0
2026-09-30 04:51:08Z.884,34000,421,0
2026-09-30 04:51:10Z.003,34000,421,0
2026-09-30 04:51:11Z.043,34000,421,0
2026-09-30 04:51:12Z.109,34000,421,0
2026-09-30 04:51:13Z.178,34000,421,0
2026-09-30 04:51:14Z.179,34000,421,0
2026-09-30 04:51:15Z.198,34000,421,0
2026-09-30 04:51:16Z.212,34000,421,0
2026-09-30 04:51:17Z.503,34000,421,0
2026-09-30 04:51:18Z.519,34000,421,0
2026-09-30 04:51:19Z.538,34000,421,0
2026-09-30 04:51:20Z.603,34000,421,0
2026-09-30 04:51:21Z.634,34000,421,0
2026-09-30 04:51:22Z.688,34000,421,0
2026-09-30 04:51:23Z.773,34000,421,0
2026-09-30 04:51:24Z.848,34000,421,-64
2026-09-30 04:51:26Z.148,34000,421,-64
2026-09-30 04:51:27Z.192,34000,421,-64
2026-09-30 04:51:28Z.200,34000,421,-64
2026-09-30 04:51:29Z.200,34000,421,-64
2026-09-30 04:51:30Z.201,34000,421,0
2026-09-30 04:51:31Z.203,34000,421,0
2026-09-30 04:51:32Z.210,34000,421,0
2026-09-30 04:51:33Z.220,34000,421,0
2026-09-30 04:51:34Z.221,34000,421,0
2026-09-30 04:51:35Z.221,34000,421,0
2026-09-30 04:51:36Z.221,34000,421,0
2026-09-30 04:51:37Z.221,34000,421,0
2026-09-30 04:51:38Z.223,34000,421,0
2026-09-30 04:51:39Z.241,34000,420,0
2026-09-30 04:51:40Z.293,34000,421,0
2026-09-30 04:51:41Z.293,34000,421,0
2026-09-30 04:51:42Z.293,34000,421,0
2026-09-30 04:51:43Z.323,34000,421,0
2026-09-30 04:51:44Z.623,34000,421,0
2026-09-30 04:51:45Z.649,34000,421,0
2026-09-30 04:51:46Z.779,34000,421,0
2026-09-30 04:51:47Z.784,34000,421,0
2026-09-30 04:51:48Z.869,34000,421,0
2026-09-30 04:51:49Z.944,34000,421,0
2026-09-30 04:51:51Z.199,34000,421,0
2026-09-30 04:51:52Z.219,34000,421,0
2026-09-30 04:51:53Z.458,34000,421,0
2026-09-30 04:51:54Z.473,34000,421,0
2026-09-30 04:51:55Z.893,34000,421,0
2026-09-30 04:51:56Z.934,34000,421,0
2026-09-30 04:51:58Z.113,34000,421,0
2026-09-30 04:51:59Z.182,34000,421,0
2026-09-30 04:52:00Z.197,34000,421,0
2026-09-30 04:52:01Z.199,34000,421,0
2026-09-30 04:52:02Z.212,34000,421,0
2026-09-30 04:52:03Z.220,34000,421,0
2026-09-30 04:52:04Z.304,34000,420,0
2026-09-30 04:52:05Z.588,34000,420,0
2026-09-30 04:52:06Z.689,34000,421,0
2026-09-30 04:52:07Z.874,34000,421,0
2026-09-30 04:52:08Z.944,34000,421,0
2026-09-30 04:52:09Z.964,34000,420,0
2026-09-30 04:52:11Z.024,34000,420,0
2026-09-30 04:52:12Z.176,34000,421,0
2026-09-30 04:52:13Z.178,34000,420,0
2026-09-30 04:52:14Z.197,34000,420,0
2026-09-30 04:52:15Z.379,34000,420,-64
2026-09-30 04:52:16Z.384,34000,420,-64
2026-09-30 04:52:17Z.384,34000,420,0
2026-09-30 04:52:18Z.594,34000,420,0
2026-09-30 04:52:19Z.739,34000,421,0
2026-09-30 04:52:20Z.744,34000,421,0
2026-09-30 04:52:21Z.824,34000,420,0
2026-09-30 04:52:22Z.844,34000,420,0
2026-09-30 04:52:24Z.079,34000,420,0
2026-09-30 04:52:25Z.219,34000,420,0
2026-09-30 04:52:26Z.389,34000,420,0
2026-09-30 04:52:27Z.479,34000,420,0
2026-09-30 04:52:28Z.494,34000,420,0
2026-09-30 04:52:29Z.584,34000,420,0
2026-09-30 04:52:30Z.644,34000,420,0
2026-09-30 04:52:31Z.874,34000,420,0
2026-09-30 04:52:32Z.939,34000,420,0
2026-09-30 04:52:33Z.959,34000,420,0
2026-09-30 04:52:34Z.969,34000,420,0
2026-09-30 04:52:35Z.974,34000,420,0
2026-09-30 04:52:37Z.009,34000,420,0
2026-09-30 04:52:38Z.114,34000,420,0
2026-09-30 04:52:39Z.474,34000,420,0
2026-09-30 04:52:40Z.484,34000,420,0
2026-09-30 04:52:41Z.509,34000,420,0
2026-09-30 04:52:42Z.514,34000,420,0
2026-09-30 04:52:43Z.539,34000,420,0
2026-09-30 04:52:44Z.724,34000,420,0
2026-09-30 04:52:45Z.764,34000,420,0
2026-09-30 04:52:46Z.819,34000,420,0
2026-09-30 04:52:48Z.124,34000,420,0
2026-09-30 04:52:49Z.179,34000,420,0
2026-09-30 04:52:50Z.264,34000,420,0
2026-09-30 04:52:51Z.324,34000,420,0
2026-09-30 04:52:52Z.699,34000,420,-64
2026-09-30 04:52:53Z.794,34000,420,-64
2026-09-30 04:52:55Z.154,34000,420,-64
2026-09-30 04:52:56Z.197,34000,420,-64
2026-09-30 04:52:57Z.198,34000,420,0
2026-09-30 04:52:58Z.304,34000,420,0
2026-09-30 04:52:59Z.404,34000,420,0
2026-09-30 04:53:00Z.579,34000,420,0
2026-09-30 04:53:01Z.684,34000,421,0
2026-09-30 04:53:02Z.770,34000,420,0
2026-09-30 04:53:03Z.924,34000,420,0
2026-09-30 04:53:04Z.975,34000,420,0
2026-09-30 04:53:05Z.994,34000,420,0
2026-09-30 04:53:07Z.004,34000,420,0
2026-09-30 04:53:08Z.014,34000,420,0
2026-09-30 04:53:09Z.014,34000,420,0
2026-09-30 04:53:10Z.036,34000,420,0
2026-09-30 04:53:11Z.195,34000,420,0
2026-09-30 04:53:12Z.199,34000,420,0
2026-09-30 04:53:13Z.239,34000,420,0
2026-09-30 04:53:14Z.270,34000,421,0
2026-09-30 04:53:15Z.374,34000,421,0
2026-09-30 04:53:16Z.584,34000,421,0
2026-09-30 04:53:17Z.644,34000,421,0
2026-09-30 04:53:18Z.849,34000,421,0
2026-09-30 04:53:19Z.975,34000,421,0
2026-09-30 04:53:21Z.074,34000,421,0
2026-09-30 04:53:22Z.454,34000,421,0
2026-09-30 04:53:23Z.865,34000,421,0
2026-09-30 04:53:24Z.884,34000,421,0
2026-09-30 04:53:25Z.900,34000,421,0
2026-09-30 04:53:26Z.944,34000,421,0
2026-09-30 04:53:28Z.059,34000,421,0
2026-09-30 04:53:29Z.164,34000,421,0
2026-09-30 04:53:30Z.170,34000,421,0
2026-09-30 04:53:31Z.174,34000,421,0
2026-09-30 04:53:32Z.179,34000,421,0
2026-09-30 04:53:33Z.189,34000,421,0
2026-09-30 04:53:34Z.207,34000,420,0
2026-09-30 04:53:35Z.564,34000,421,64
2026-09-30 04:53:36Z.655,34000,421,64
2026-09-30 04:53:37Z.850,34000,421,64
2026-09-30 04:53:38Z.984,34000,421,64
2026-09-30 04:53:40Z.059,34000,421,64
2026-09-30 04:53:41Z.454,34000,420,0
2026-09-30 04:53:42Z.550,34000,421,0
2026-09-30 04:53:43Z.955,34000,421,0
2026-09-30 04:53:44Z.970,34000,420,0
2026-09-30 04:53:46Z.015,34000,421,0
2026-09-30 04:53:47Z.100,34000,421,0
2026-09-30 04:53:48Z.134,34000,421,0
2026-09-30 04:53:49Z.150,34000,421,0
2026-09-30 04:53:50Z.312,34000,421,0
2026-09-30 04:53:51Z.370,34000,421,0
2026-09-30 04:53:52Z.770,34000,421,0
2026-09-30 04:53:53Z.864,34000,421,0
2026-09-30 04:53:54Z.900,34000,421,0
2026-09-30 04:53:55Z.935,34000,421,0
2026-09-30 04:53:56Z.955,34000,421,0
2026-09-30 04:53:57Z.960,34000,421,0
2026-09-30 04:53:59Z.130,34000,421,0
2026-09-30 04:54:00Z.137,34000,421,0
2026-09-30 04:54:01Z.190,34000,421,0
2026-09-30 04:54:02Z.202,34000,421,0
2026-09-30 04:54:03Z.220,34000,421,0
2026-09-30 04:54:04Z.223,34000,421,0
2026-09-30 04:54:05Z.223,34000,421,0
2026-09-30 04:54:06Z.223,34000,421,0
2026-09-30 04:54:07Z.585,34000,421,0
2026-09-30 04:54:08Z.645,34000,421,0
2026-09-30 04:54:09Z.776,34000,421,0
2026-09-30 04:54:10Z.870,34000,421,0
2026-09-30 04:54:11Z.940,34000,421,0
2026-09-30 04:54:13Z.000,34000,421,0
2026-09-30 04:54:14Z.015,34000,421,0
2026-09-30 04:54:15Z.030,34000,421,0
2026-09-30 04:54:16Z.055,34000,421,0
2026-09-30 04:54:17Z.217,34000,421,0
2026-09-30 04:54:18Z.224,34000,421,0
2026-09-30 04:54:19Z.226,34000,421,0
2026-09-30 04:54:20Z.470,34000,421,0
2026-09-30 04:54:21Z.610,34000,421,0
2026-09-30 04:54:22Z.615,34000,421,0
2026-09-30 04:54:23Z.705,34000,421,0
2026-09-30 04:54:24Z.771,34000,421,0
2026-09-30 04:54:25Z.848,34000,421,0
2026-09-30 04:54:26Z.910,34000,421,0
2026-09-30 04:54:27Z.910,34000,421,0
2026-09-30 04:54:28Z.950,34000,421,0
2026-09-30 04:54:29Z.990,34000,421,0
2026-09-30 04:54:31Z.000,34000,421,0
2026-09-30 04:54:32Z.000,34000,421,0
2026-09-30 04:54:33Z.040,34000,421,0
2026-09-30 04:54:34Z.045,34000,421,0
2026-09-30 04:54:35Z.205,34000,421,0
2026-09-30 04:54:36Z.210,34000,421,0
2026-09-30 04:54:37Z.223,34000,421,0
2026-09-30 04:54:38Z.223,34000,421,0
2026-09-30 04:54:39Z.224,34000,421,0
2026-09-30 04:54:40Z.251,34000,421,0
2026-09-30 04:54:41Z.385,34000,421,0
2026-09-30 04:54:42Z.430,34000,421,0
2026-09-30 04:54:43Z.442,34000,421,0
2026-09-30 04:54:44Z.860,34000,421,0
2026-09-30 04:54:45Z.915,34000,421,0
2026-09-30 04:54:46Z.971,34000,421,0
2026-09-30 04:54:48Z.005,34000,421,0
2026-09-30 04:54:49Z.025,34000,420,0
2026-09-30 04:54:50Z.135,34000,420,0
2026-09-30 04:54:51Z.204,34000,420,0
2026-09-30 04:54:52Z.204,34000,420,0
2026-09-30 04:54:53Z.205,34000,420,0
2026-09-30 04:54:54Z.225,34000,420,0
2026-09-30 04:54:55Z.225,34000,420,0
2026-09-30 04:54:56Z.226,34000,420,0
2026-09-30 04:54:57Z.580,34000,420,0
2026-09-30 04:54:58Z.606,34000,420,0
2026-09-30 04:54:59Z.630,34000,420,0
2026-09-30 04:55:00Z.735,34000,420,0
2026-09-30 04:55:01Z.756,34000,420,0
2026-09-30 04:55:02Z.756,34000,420,0
2026-09-30 04:55:04Z.010,34000,420,64
2026-09-30 04:55:05Z.060,34000,420,0
2026-09-30 04:55:06Z.145,34000,420,0
2026-09-30 04:55:07Z.208,34000,420,0
2026-09-30 04:55:08Z.208,34000,420,0
2026-09-30 04:55:09Z.215,34000,420,0
2026-09-30 04:55:10Z.224,34000,420,0
2026-09-30 04:55:11Z.225,34000,420,0
2026-09-30 04:55:12Z.225,34000,420,0
2026-09-30 04:55:13Z.225,34000,420,0
2026-09-30 04:55:14Z.226,34000,420,0
2026-09-30 04:55:15Z.226,34000,420,0
2026-09-30 04:55:16Z.227,34000,420,0
2026-09-30 04:55:17Z.260,34000,420,0
2026-09-30 04:55:18Z.305,34000,420,0
2026-09-30 04:55:19Z.340,34000,420,0
2026-09-30 04:55:20Z.471,34000,420,0
2026-09-30 04:55:21Z.515,34000,420,0
2026-09-30 04:55:22Z.585,34000,420,0
2026-09-30 04:55:24Z.010,34000,420,0
2026-09-30 04:55:25Z.021,34000,420,0
2026-09-30 04:55:26Z.035,34000,420,0
2026-09-30 04:55:27Z.093,34000,420,0
2026-09-30 04:55:28Z.206,34000,420,0
2026-09-30 04:55:29Z.207,34000,420,0
2026-09-30 04:55:30Z.224,34000,420,0
2026-09-30 04:55:31Z.224,34000,420,0
2026-09-30 04:55:32Z.265,34000,420,0
2026-09-30 04:55:33Z.295,34000,420,0
2026-09-30 04:55:34Z.321,34000,419,0
2026-09-30 04:55:35Z.325,34000,419,0
2026-09-30 04:55:36Z.330,34000,419,0
2026-09-30 04:55:37Z.395,34000,419,0
2026-09-30 04:55:38Z.495,34000,419,0
2026-09-30 04:55:39Z.585,34000,419,0
2026-09-30 04:55:40Z.890,34000,419,0
2026-09-30 04:55:41Z.940,34000,419,0
2026-09-30 04:55:42Z.976,34000,419,0
2026-09-30 04:55:44Z.096,34000,419,0
2026-09-30 04:55:45Z.205,34000,419,0
2026-09-30 04:55:46Z.224,34000,419,0
2026-09-30 04:55:47Z.224,34000,419,0
2026-09-30 04:55:48Z.224,34000,419,0
2026-09-30 04:55:49Z.356,34000,419,0
2026-09-30 04:55:50Z.398,34000,419,0
2026-09-30 04:55:51Z.411,34000,419,0
2026-09-30 04:55:52Z.411,34000,419,0
2026-09-30 04:55:53Z.436,34000,419,0
2026-09-30 04:55:54Z.456,34000,419,0
2026-09-30 04:55:55Z.706,34000,419,0
2026-09-30 04:55:56Z.931,34000,419,0
2026-09-30 04:55:57Z.946,34000,419,0
2026-09-30 04:55:59Z.031,34000,419,0
2026-09-30 04:56:00Z.106,34000,418,0
2026-09-30 04:56:01Z.131,34000,418,0
2026-09-30 04:56:02Z.219,34000,418,0
2026-09-30 04:56:03Z.471,34000,418,0
2026-09-30 04:56:04Z.471,34000,418,0
2026-09-30 04:56:05Z.581,34000,418,0
2026-09-30 04:56:06Z.681,34000,418,0
2026-09-30 04:56:07Z.866,34000,418,0
2026-09-30 04:56:08Z.926,34000,418,0
2026-09-30 04:56:09Z.946,34000,418,0
2026-09-30 04:56:10Z.951,34000,418,0
2026-09-30 04:56:12Z.026,34000,418,0
2026-09-30 04:56:13Z.041,34000,418,0
2026-09-30 04:56:14Z.041,34000,418,0
2026-09-30 04:56:15Z.349,34000,418,0
2026-09-30 04:56:16Z.411,34000,418,0
2026-09-30 04:56:17Z.441,34000,418,0
2026-09-30 04:56:18Z.461,34000,418,0
2026-09-30 04:56:19Z.556,34000,418,0
2026-09-30 04:56:20Z.596,34000,418,0
2026-09-30 04:56:21Z.666,34000,418,0
2026-09-30 04:56:22Z.951,34000,418,0
2026-09-30 04:56:24Z.026,34000,418,0
2026-09-30 04:56:25Z.096,34000,417,0
2026-09-30 04:56:26Z.111,34000,417,0
2026-09-30 04:56:27Z.116,34000,417,0
2026-09-30 04:56:28Z.231,34000,417,0
2026-09-30 04:56:29Z.506,34000,417,0
2026-09-30 04:56:30Z.604,34000,417,-64
2026-09-30 04:56:31Z.906,34000,417,-64
2026-09-30 04:56:32Z.931,34000,417,-64
2026-09-30 04:56:34Z.106,34000,417,-64
2026-09-30 04:56:35Z.191,34000,417,0
2026-09-30 04:56:36Z.226,34000,417,0
2026-09-30 04:56:37Z.256,34000,417,0
2026-09-30 04:56:38Z.271,34000,417,0
2026-09-30 04:56:39Z.411,34000,417,0
2026-09-30 04:56:40Z.552,34000,417,0
2026-09-30 04:56:41Z.562,34000,417,0
2026-09-30 04:56:42Z.581,34000,417,0
2026-09-30 04:56:43Z.596,34000,417,0
2026-09-30 04:56:44Z.631,34000,417,0
2026-09-30 04:56:45Z.661,34000,417,0
2026-09-30 04:56:46Z.681,34000,416,0
2026-09-30 04:56:47Z.691,34000,416,0
2026-09-30 04:56:48Z.691,34000,416,0
2026-09-30 04:56:49Z.762,34000,416,0
2026-09-30 04:56:50Z.901,34000,416,0
2026-09-30 04:56:51Z.916,34000,416,0
2026-09-30 04:56:53Z.001,34000,416,0
2026-09-30 04:56:54Z.211,34000,416,0
2026-09-30 04:56:55Z.225,34000,416,0
2026-09-30 04:56:56Z.239,34000,416,0
2026-09-30 04:56:57Z.296,34000,416,0
2026-09-30 04:56:58Z.351,34000,416,0
2026-09-30 04:56:59Z.711,34000,416,0
2026-09-30 04:57:00Z.791,34000,416,0
2026-09-30 04:57:01Z.861,34000,416,0
2026-09-30 04:57:02Z.881,34000,416,0
2026-09-30 04:57:04Z.176,34000,416,0
2026-09-30 04:57:05Z.224,34000,416,0
2026-09-30 04:57:06Z.239,34000,416,0
2026-09-30 04:57:07Z.342,34000,416,0
2026-09-30 04:57:08Z.386,34000,416,0
2026-09-30 04:57:09Z.411,34000,416,0
2026-09-30 04:57:10Z.511,34000,416,0
2026-09-30 04:57:11Z.641,34000,415,0
2026-09-30 04:57:12Z.736,34000,415,0
2026-09-30 04:57:14Z.106,34000,415,0
2026-09-30 04:57:15Z.196,34000,415,0
2026-09-30 04:57:16Z.220,34000,415,0
2026-09-30 04:57:17Z.256,34000,415,0
2026-09-30 04:57:18Z.272,34000,415,0
2026-09-30 04:57:19Z.772,34000,415,0
2026-09-30 04:57:20Z.776,34000,415,0
2026-09-30 04:57:22Z.088,34000,415,0
2026-09-30 04:57:23Z.231,34000,415,0
2026-09-30 04:57:24Z.245,34000,415,0
2026-09-30 04:57:25Z.256,34000,415,0
2026-09-30 04:57:26Z.266,34000,415,0
2026-09-30 04:57:27Z.351,34000,415,0
2026-09-30 04:57:28Z.642,34000,415,0
2026-09-30 04:57:29Z.681,34000,415,0
2026-09-30 04:57:30Z.741,34000,415,0
2026-09-30 04:57:31Z.751,34000,415,0
2026-09-30 04:57:32Z.796,34000,415,0
2026-09-30 04:57:34Z.072,34000,415,0
2026-09-30 04:57:35Z.072,34000,414,0
2026-09-30 04:57:36Z.186,34000,415,0
2026-09-30 04:57:37Z.207,34000,415,0
2026-09-30 04:57:38Z.208,34000,414,0
2026-09-30 04:57:39Z.226,34000,414,0
2026-09-30 04:57:40Z.245,34000,414,0
2026-09-30 04:57:41Z.411,34000,414,0
2026-09-30 04:57:42Z.432,34000,414,0
2026-09-30 04:57:43Z.437,34000,414,0
2026-09-30 04:57:44Z.442,34000,414,0
2026-09-30 04:57:45Z.457,34000,414,0
2026-09-30 04:57:46Z.527,34000,414,0
2026-09-30 04:57:47Z.602,34000,414,0
2026-09-30 04:57:48Z.728,34000,414,0
2026-09-30 04:57:49Z.742,34000,414,0
2026-09-30 04:57:50Z.807,34000,414,0
2026-09-30 04:57:51Z.812,34000,414,0
2026-09-30 04:57:52Z.852,34000,414,0
2026-09-30 04:57:53Z.927,34000,414,0
2026-09-30 04:57:54Z.962,34000,414,0
2026-09-30 04:57:55Z.992,34000,414,0
2026-09-30 04:57:56Z.992,34000,414,0
2026-09-30 04:57:58Z.062,34000,414,0
2026-09-30 04:57:59Z.162,34000,414,0
2026-09-30 04:58:00Z.167,34000,414,0
2026-09-30 04:58:01Z.212,34000,414,0
2026-09-30 04:58:02Z.226,34000,414,0
2026-09-30 04:58:03Z.227,34000,414,0
2026-09-30 04:58:04Z.229,34000,414,0
2026-09-30 04:58:05Z.237,34000,414,0
2026-09-30 04:58:06Z.239,34000,414,0
2026-09-30 04:58:07Z.592,34000,414,0
2026-09-30 04:58:08Z.627,34000,413,0
2026-09-30 04:58:09Z.807,34000,414,0
2026-09-30 04:58:10Z.948,34000,413,0
2026-09-30 04:58:12Z.100,34000,413,0
2026-09-30 04:58:13Z.197,34000,413,0
2026-09-30 04:58:14Z.207,34000,413,0
2026-09-30 04:58:15Z.215,34000,413,0
2026-09-30 04:58:16Z.216,34000,413,0
2026-09-30 04:58:17Z.229,34000,413,0
2026-09-30 04:58:18Z.229,34000,413,0
2026-09-30 04:58:19Z.241,34000,413,0
2026-09-30 04:58:20Z.267,34000,413,0
2026-09-30 04:58:21Z.297,34000,413,0
2026-09-30 04:58:22Z.482,34000,413,0
2026-09-30 04:58:23Z.532,34000,413,0
2026-09-30 04:58:24Z.582,34000,413,0
2026-09-30 04:58:25Z.642,34000,413,0
2026-09-30 04:58:26Z.707,34000,413,0
2026-09-30 04:58:27Z.857,34000,413,0
2026-09-30 04:58:28Z.937,34000,413,0
2026-09-30 04:58:29Z.997,34000,413,0
2026-09-30 04:58:31Z.077,34000,413,0
2026-09-30 04:58:32Z.163,34000,413,0
2026-09-30 04:58:33Z.177,34000,413,0
2026-09-30 04:58:34Z.220,34000,413,0
2026-09-30 04:58:35Z.407,34000,413,0
2026-09-30 04:58:36Z.432,34000,413,0
2026-09-30 04:58:37Z.502,34000,413,0
2026-09-30 04:58:38Z.607,34000,413,0
2026-09-30 04:58:39Z.663,34000,413,0
2026-09-30 04:58:40Z.892,34000,413,0
2026-09-30 04:58:41Z.907,34000,413,0
2026-09-30 04:58:42Z.952,34000,412,0
2026-09-30 04:58:43Z.992,34000,412,0
2026-09-30 04:58:45Z.137,34000,412,0
2026-09-30 04:58:46Z.229,34000,412,0
2026-09-30 04:58:47Z.337,34000,412,0
2026-09-30 04:58:48Z.438,34000,412,0
2026-09-30 04:58:49Z.832,34000,412,0
2026-09-30 04:58:50Z.837,34000,412,0
2026-09-30 04:58:51Z.912,34000,412,0
2026-09-30 04:58:52Z.992,34000,412,0
2026-09-30 04:58:54Z.013,34000,412,0
2026-09-30 04:58:55Z.022,34000,412,0
2026-09-30 04:58:56Z.219,34000,412,0
2026-09-30 04:58:57Z.227,34000,412,0
2026-09-30 04:58:58Z.312,34000,412,0
2026-09-30 04:58:59Z.323,34000,412,0
2026-09-30 04:59:00Z.362,34000,412,0
2026-09-30 04:59:01Z.438,34000,412,0
2026-09-30 04:59:02Z.562,34000,412,0
2026-09-30 04:59:03Z.637,34000,412,0
2026-09-30 04:59:04Z.662,34000,412,0
2026-09-30 04:59:05Z.757,34000,412,0
2026-09-30 04:59:06Z.882,34000,412,0
2026-09-30 04:59:07Z.937,34000,412,0
2026-09-30 04:59:09Z.142,34000,412,0
2026-09-30 04:59:10Z.163,34000,412,0
2026-09-30 04:59:11Z.183,34000,411,0
2026-09-30 04:59:12Z.208,34000,411,0
2026-09-30 04:59:13Z.227,34000,411,0
2026-09-30 04:59:14Z.353,34000,411,0
2026-09-30 04:59:15Z.362,34000,411,0
2026-09-30 04:59:16Z.407,34000,411,0
2026-09-30 04:59:17Z.587,34000,411,0
2026-09-30 04:59:18Z.752,34000,411,0
2026-09-30 04:59:19Z.868,34000,411,0
2026-09-30 04:59:20Z.912,34000,411,0
2026-09-30 04:59:21Z.967,34000,411,0
2026-09-30 04:59:22Z.973,34000,411,0
2026-09-30 04:59:24Z.210,34000,411,0
2026-09-30 04:59:25Z.210,34000,411,0
2026-09-30 04:59:26Z.228,34000,411,0
2026-09-30 04:59:27Z.292,34000,411,0
2026-09-30 04:59:28Z.353,34000,411,0
2026-09-30 04:59:29Z.382,34000,411,0
2026-09-30 04:59:30Z.424,34000,411,0
2026-09-30 04:59:31Z.453,34000,411,0
2026-09-30 04:59:32Z.518,34000,411,0
2026-09-30 04:59:33Z.748,34000,411,0
2026-09-30 04:59:34Z.912,34000,411,0
2026-09-30 04:59:35Z.987,34000,411,0
2026-09-30 04:59:37Z.012,34000,411,0
2026-09-30 04:59:38Z.068,34000,411,0
2026-09-30 04:59:39Z.074,34000,411,0
2026-09-30 04:59:40Z.128,34000,411,0
2026-09-30 04:59:41Z.343,34000,411,0
2026-09-30 04:59:42Z.443,34000,411,0
2026-09-30 04:59:43Z.473,34000,411,0
2026-09-30 04:59:44Z.853,34000,411,0
2026-09-30 04:59:45Z.968,34000,411,0
2026-09-30 04:59:46Z.973,34000,411,0
2026-09-30 04:59:48Z.103,34000,411,0
2026-09-30 04:59:49Z.263,34000,410,0
2026-09-30 04:59:50Z.308,34000,410,0
2026-09-30 04:59:51Z.324,34000,410,0
2026-09-30 04:59:52Z.728,34000,410,0
2026-09-30 04:59:53Z.948,34000,410,0
2026-09-30 04:59:54Z.953,34000,410,0
2026-09-30 04:59:56Z.008,34000,410,0
2026-09-30 04:59:57Z.055,34000,410,0
2026-09-30 04:59:58Z.443,34000,410,0
2026-09-30 04:59:59Z.513,34000,410,0
2026-09-30 05:00:00Z.513,34000,410,0
2026-09-30 05:00:01Z.788,34000,410,0
2026-09-30 05:00:02Z.793,34000,410,0
2026-09-30 05:00:03Z.813,34000,410,0
2026-09-30 05:00:05Z.013,34000,410,0
2026-09-30 05:00:06Z.048,34000,410,0
2026-09-30 05:00:07Z.274,34000,410,0
2026-09-30 05:00:08Z.408,34000,410,0
2026-09-30 05:00:09Z.503,34000,410,0
2026-09-30 05:00:10Z.524,34000,410,0
2026-09-30 05:00:11Z.534,34000,410,0
2026-09-30 05:00:12Z.588,34000,410,0
2026-09-30 05:00:13Z.668,34000,410,0
2026-09-30 05:00:14Z.753,34000,410,0
2026-09-30 05:00:15Z.908,34000,410,0
2026-09-30 05:00:16Z.953,34000,410,0
2026-09-30 05:00:18Z.038,34000,410,0
2026-09-30 05:00:19Z.053,34000,410,0
2026-09-30 05:00:20Z.128,34000,410,0
2026-09-30 05:00:21Z.258,34000,410,0
2026-09-30 05:00:22Z.468,34000,410,0
2026-09-30 05:00:23Z.533,34000,410,0
2026-09-30 05:00:24Z.553,34000,410,0
2026-09-30 05:00:25Z.583,34000,410,0
2026-09-30 05:00:26Z.603,34000,410,0
2026-09-30 05:00:27Z.624,34000,410,0
2026-09-30 05:00:28Z.693,34000,411,0
2026-09-30 05:00:29Z.748,34000,411,0
2026-09-30 05:00:30Z.853,34000,411,0
2026-09-30 05:00:32Z.148,34000,411,0
2026-09-30 05:00:33Z.163,34000,411,0
2026-09-30 05:00:34Z.264,34000,411,0
2026-09-30 05:00:35Z.414,34000,411,0
2026-09-30 05:00:36Z.574,34000,411,0
2026-09-30 05:00:37Z.728,34000,411,0
2026-09-30 05:00:38Z.733,34000,411,0
2026-09-30 05:00:39Z.874,34000,411,0
2026-09-30 05:00:41Z.003,34000,411,0
2026-09-30 05:00:42Z.024,34000,411,0
2026-09-30 05:00:43Z.033,34000,411,0
2026-09-30 05:00:44Z.033,34000,411,0
2026-09-30 05:00:45Z.124,34000,411,0
2026-09-30 05:00:46Z.128,34000,411,0
2026-09-30 05:00:47Z.389,34000,411,0
2026-09-30 05:00:48Z.453,34000,411,0
2026-09-30 05:00:49Z.508,34000,410,0
2026-09-30 05:00:50Z.593,34000,411,0
2026-09-30 05:00:51Z.608,34000,411,0
2026-09-30 05:00:52Z.674,34000,411,0
2026-09-30 05:00:53Z.678,34000,411,0
2026-09-30 05:00:54Z.693,34000,411,0
2026-09-30 05:00:55Z.933,34000,411,0
2026-09-30 05:00:57Z.043,34000,411,0
2026-09-30 05:00:58Z.083,34000,411,0
2026-09-30 05:00:59Z.212,34000,411,0
2026-09-30 05:01:00Z.224,34000,411,0
2026-09-30 05:01:01Z.230,34000,411,0
2026-09-30 05:01:02Z.248,34000,411,0
2026-09-30 05:01:03Z.269,34000,411,0
2026-09-30 05:01:04Z.413,34000,411,0
2026-09-30 05:01:05Z.435,34000,411,0
2026-09-30 05:01:06Z.653,34000,411,0
2026-09-30 05:01:07Z.686,34000,411,0
2026-09-30 05:01:08Z.713,34000,411,0
2026-09-30 05:01:09Z.788,34000,411,0
2026-09-30 05:01:10Z.854,34000,411,0
2026-09-30 05:01:11Z.888,34000,411,0
2026-09-30 05:01:12Z.913,34000,411,0
2026-09-30 05:01:14Z.114,34000,411,0
2026-09-30 05:01:15Z.227,34000,411,0
2026-09-30 05:01:16Z.233,34000,411,0
2026-09-30 05:01:17Z.249,34000,411,0
2026-09-30 05:01:18Z.251,34000,411,0
2026-09-30 05:01:19Z.453,34000,411,0
2026-09-30 05:01:20Z.529,34000,411,0
2026-09-30 05:01:21Z.543,34000,411,0
2026-09-30 05:01:22Z.564,34000,412,0
2026-09-30 05:01:23Z.574,34000,412,0
2026-09-30 05:01:24Z.938,34000,412,0
2026-09-30 05:01:25Z.954,34000,412,0
2026-09-30 05:01:26Z.998,34000,412,0
2026-09-30 05:01:28Z.029,34000,412,0
2026-09-30 05:01:29Z.114,34000,412,0
2026-09-30 05:01:30Z.114,34000,412,0
2026-09-30 05:01:31Z.134,34000,412,0
2026-09-30 05:01:32Z.509,34000,412,0
2026-09-30 05:01:33Z.644,34000,412,0
2026-09-30 05:01:34Z.704,34000,412,0
2026-09-30 05:01:36Z.074,34000,412,0
2026-09-30 05:01:37Z.154,34000,412,0
2026-09-30 05:01:38Z.249,34000,412,0
2026-09-30 05:01:39Z.254,34000,412,0
2026-09-30 05:01:40Z.399,34000,412,0
2026-09-30 05:01:41Z.589,34000,412,0
2026-09-30 05:01:42Z.609,34000,412,0
2026-09-30 05:01:43Z.674,34000,412,0
2026-09-30 05:01:44Z.859,34000,412,0
2026-09-30 05:01:46Z.194,34000,412,0
2026-09-30 05:01:47Z.212,34000,412,0
2026-09-30 05:01:48Z.248,34000,412,0
2026-09-30 05:01:49Z.349,34000,412,0
2026-09-30 05:01:50Z.384,34000,412,0
2026-09-30 05:01:51Z.419,34000,412,0
2026-09-30 05:01:52Z.489,34000,412,0
2026-09-30 05:01:53Z.699,34000,412,0
2026-09-30 05:01:54Z.719,34000,412,0
2026-09-30 05:01:55Z.729,34000,412,0
2026-09-30 05:01:56Z.834,34000,412,0
2026-09-30 05:01:57Z.885,34000,412,0
2026-09-30 05:01:59Z.059,34000,412,0
2026-09-30 05:02:00Z.059,34000,412,0
2026-09-30 05:02:01Z.089,34000,412,0
2026-09-30 05:02:02Z.189,34000,412,0
2026-09-30 05:02:03Z.199,34000,412,0
2026-09-30 05:02:04Z.215,34000,412,0
2026-09-30 05:02:05Z.217,34000,412,0
2026-09-30 05:02:06Z.329,34000,412,0
2026-09-30 05:02:07Z.439,34000,412,0
2026-09-30 05:02:08Z.459,34000,412,0
2026-09-30 05:02:09Z.569,34000,412,0
2026-09-30 05:02:10Z.629,34000,412,0
2026-09-30 05:02:11Z.679,34000,412,0
2026-09-30 05:02:12Z.679,34000,412,0
2026-09-30 05:02:13Z.709,34000,413,0
2026-09-30 05:02:14Z.789,34000,413,0
2026-09-30 05:02:16Z.025,34000,413,0
2026-09-30 05:02:17Z.075,34000,413,0
2026-09-30 05:02:18Z.094,34000,413,0
2026-09-30 05:02:19Z.339,34000,413,0
2026-09-30 05:02:20Z.559,34000,413,0
2026-09-30 05:02:21Z.564,34000,413,0
2026-09-30 05:02:22Z.569,34000,413,0
2026-09-30 05:02:23Z.639,34000,413,0
2026-09-30 05:02:24Z.729,34000,413,0
2026-09-30 05:02:25Z.854,34000,413,0
2026-09-30 05:02:27Z.079,34000,413,0
2026-09-30 05:02:28Z.119,34000,413,0
2026-09-30 05:02:29Z.209,34000,413,0
2026-09-30 05:02:30Z.284,34000,413,0
2026-09-30 05:02:31Z.314,34000,413,0
2026-09-30 05:02:32Z.379,34000,413,0
2026-09-30 05:02:33Z.464,34000,413,0
2026-09-30 05:02:34Z.669,34000,413,0
2026-09-30 05:02:35Z.694,34000,413,0
2026-09-30 05:02:36Z.745,34000,413,0
2026-09-30 05:02:37Z.809,34000,413,0
2026-09-30 05:02:38Z.939,34000,413,0
2026-09-30 05:02:40Z.039,34000,413,0
2026-09-30 05:02:41Z.055,34000,413,0
2026-09-30 05:02:42Z.134,34000,413,0
2026-09-30 05:02:43Z.159,34000,413,0
2026-09-30 05:02:44Z.179,34000,413,0
2026-09-30 05:02:45Z.233,34000,413,0
2026-09-30 05:02:46Z.399,34000,413,0
2026-09-30 05:02:47Z.475,34000,413,0
2026-09-30 05:02:48Z.519,34000,413,0
2026-09-30 05:02:49Z.639,34000,414,0
2026-09-30 05:02:50Z.799,34000,414,0
2026-09-30 05:02:51Z.959,34000,414,0
2026-09-30 05:02:52Z.989,34000,414,0
2026-09-30 05:02:54Z.049,34000,414,0
2026-09-30 05:02:55Z.060,34000,414,0
2026-09-30 05:02:56Z.119,34000,414,0
2026-09-30 05:02:57Z.175,34000,414,0
2026-09-30 05:02:58Z.209,34000,414,0
2026-09-30 05:02:59Z.215,34000,414,0
2026-09-30 05:03:00Z.266,34000,414,0
2026-09-30 05:03:01Z.269,34000,414,0
2026-09-30 05:03:02Z.590,34000,414,0
2026-09-30 05:03:03Z.675,34000,414,0
2026-09-30 05:03:04Z.794,34000,414,0
2026-09-30 05:03:05Z.834,34000,414,0
2026-09-30 05:03:06Z.939,34000,414,0
2026-09-30 05:03:08Z.026,34000,414,0
2026-09-30 05:03:09Z.030,34000,414,0
2026-09-30 05:03:10Z.109,34000,414,0
2026-09-30 05:03:11Z.119,34000,414,0
2026-09-30 05:03:12Z.119,34000,414,0
2026-09-30 05:03:13Z.229,34000,414,0
2026-09-30 05:03:14Z.377,34000,414,0
2026-09-30 05:03:15Z.434,34000,414,0
2026-09-30 05:03:16Z.435,34000,414,0
2026-09-30 05:03:17Z.510,34000,414,0
2026-09-30 05:03:18Z.599,34000,414,0
2026-09-30 05:03:19Z.619,34000,414,0
2026-09-30 05:03:20Z.660,34000,414,0
2026-09-30 05:03:21Z.660,34000,415,0
2026-09-30 05:03:22Z.779,34000,415,0
2026-09-30 05:03:24Z.160,34000,415,0
2026-09-30 05:03:25Z.185,34000,415,0
2026-09-30 05:03:26Z.215,34000,415,0
2026-09-30 05:03:27Z.280,34000,415,0
2026-09-30 05:03:28Z.360,34000,415,0
2026-09-30 05:03:29Z.515,34000,415,0
2026-09-30 05:03:30Z.620,34000,415,0
2026-09-30 05:03:31Z.880,34000,415,0
2026-09-30 05:03:32Z.910,34000,415,0
2026-09-30 05:03:33Z.970,34000,415,0
2026-09-30 05:03:35Z.060,34000,415,0
2026-09-30 05:03:36Z.060,34000,415,0
2026-09-30 05:03:37Z.110,34000,415,0
2026-09-30 05:03:38Z.170,34000,415,0
2026-09-30 05:03:39Z.220,34000,415,0
2026-09-30 05:03:40Z.285,34000,415,0
2026-09-30 05:03:41Z.475,34000,415,0
2026-09-30 05:03:42Z.500,34000,415,0
2026-09-30 05:03:43Z.735,34000,415,0
2026-09-30 05:03:44Z.760,34000,415,0
2026-09-30 05:03:45Z.890,34000,415,0
2026-09-30 05:03:46Z.900,34000,415,0
2026-09-30 05:03:48Z.231,34000,415,0
2026-09-30 05:03:49Z.234,34000,415,0
2026-09-30 05:03:50Z.252,34000,415,0
2026-09-30 05:03:51Z.252,34000,415,0
2026-09-30 05:03:52Z.260,34000,415,0
2026-09-30 05:03:53Z.270,34000,415,0
2026-09-30 05:03:54Z.295,34000,415,0
2026-09-30 05:03:55Z.345,34000,415,0
2026-09-30 05:03:56Z.430,34000,415,0
2026-09-30 05:03:57Z.490,34000,416,0
2026-09-30 05:03:58Z.545,34000,415,0
2026-09-30 05:03:59Z.575,34000,416,0
2026-09-30 05:04:00Z.680,34000,416,0
2026-09-30 05:04:01Z.870,34000,416,0
2026-09-30 05:04:02Z.980,34000,416,0
2026-09-30 05:04:04Z.231,34000,416,0
2026-09-30 05:04:05Z.235,34000,416,0
2026-09-30 05:04:06Z.360,34000,416,0
2026-09-30 05:04:07Z.435,34000,416,0
2026-09-30 05:04:08Z.520,34000,416,0
2026-09-30 05:04:09Z.575,34000,416,0
2026-09-30 05:04:10Z.580,34000,416,0
2026-09-30 05:04:11Z.720,34000,416,0
2026-09-30 05:04:12Z.760,34000,416,0
2026-09-30 05:04:13Z.810,34000,416,0
2026-09-30 05:04:14Z.289,34000,415,0
2026-09-30 05:04:14Z.820,34000,416,0
2026-09-30 05:04:15Z.820,34000,416,0
2026-09-30 05:04:16Z.890,34000,416,0
2026-09-30 05:04:17Z.930,34000,416,0
2026-09-30 05:04:19Z.235,34000,416,0
2026-09-30 05:04:20Z.326,34000,416,0
2026-09-30 05:04:21Z.355,34000,416,0
2026-09-30 05:04:22Z.400,34000,416,0
2026-09-30 05:04:23Z.495,34000,416,0
2026-09-30 05:04:24Z.600,34000,416,0
2026-09-30 05:04:25Z.615,34000,416,0
2026-09-30 05:04:26Z.720,34000,416,0
2026-09-30 05:04:27Z.760,34000,416,0
2026-09-30 05:04:28Z.787,34000,416,0
2026-09-30 05:04:30Z.160,34000,416,0
2026-09-30 05:04:31Z.195,34000,416,0
2026-09-30 05:04:32Z.260,34000,416,0
2026-09-30 05:04:33Z.315,34000,416,0
2026-09-30 05:04:34Z.316,34000,416,0
2026-09-30 05:04:35Z.335,34000,416,0
2026-09-30 05:04:36Z.355,34000,416,0
2026-09-30 05:04:37Z.570,34000,416,0
2026-09-30 05:04:38Z.580,34000,416,0
2026-09-30 05:04:39Z.660,34000,416,0
2026-09-30 05:04:40Z.750,34000,416,0
2026-09-30 05:04:41Z.815,34000,416,0
2026-09-30 05:04:42Z.955,34000,416,0
2026-09-30 05:04:44Z.190,34000,416,0
2026-09-30 05:04:45Z.237,34000,416,0
2026-09-30 05:04:46Z.255,34000,416,0
2026-09-30 05:04:47Z.500,34000,416,0
2026-09-30 05:04:48Z.530,34000,416,0
2026-09-30 05:04:49Z.630,34000,416,0
2026-09-30 05:04:50Z.720,34000,416,0
2026-09-30 05:04:51Z.735,34000,416,0
2026-09-30 05:04:52Z.850,34000,416,0
2026-09-30 05:04:54Z.120,34000,416,0
2026-09-30 05:04:55Z.155,34000,416,0
2026-09-30 05:04:56Z.180,34000,416,0
2026-09-30 05:04:57Z.181,34000,416,0
2026-09-30 05:04:58Z.234,34000,416,0
2026-09-30 05:04:59Z.238,34000,416,0
2026-09-30 05:05:00Z.240,34000,416,0
2026-09-30 05:05:01Z.257,34000,416,0
2026-09-30 05:05:02Z.420,34000,416,0
2026-09-30 05:05:03Z.560,34000,416,0
2026-09-30 05:05:04Z.721,34000,417,0
2026-09-30 05:05:05Z.960,34000,416,0
2026-09-30 05:05:07Z.095,34000,417,0
2026-09-30 05:05:08Z.200,34000,417,0
2026-09-30 05:05:09Z.233,34000,417,0
2026-09-30 05:05:10Z.236,34000,417,0
2026-09-30 05:05:11Z.261,34000,417,0
2026-09-30 05:05:12Z.350,34000,417,0
2026-09-30 05:05:13Z.490,34000,417,0
2026-09-30 05:05:14Z.508,34000,416,0
2026-09-30 05:05:15Z.530,34000,417,0
2026-09-30 05:05:16Z.676,34000,417,0
2026-09-30 05:05:17Z.680,34000,417,0
2026-09-30 05:05:18Z.715,34000,417,0
2026-09-30 05:05:19Z.991,34000,417,0
2026-09-30 05:05:21Z.070,34000,417,0
2026-09-30 05:05:22Z.101,34000,417,0
2026-09-30 05:05:23Z.101,34000,417,0
2026-09-30 05:05:24Z.271,34000,417,0
2026-09-30 05:05:25Z.286,34000,417,0
2026-09-30 05:05:26Z.326,34000,417,0
2026-09-30 05:05:27Z.576,34000,417,0
2026-09-30 05:05:28Z.731,34000,417,0
2026-09-30 05:05:29Z.741,34000,417,0
2026-09-30 05:05:30Z.781,34000,417,0
2026-09-30 05:05:31Z.811,34000,417,0
2026-09-30 05:05:32Z.871,34000,417,0
2026-09-30 05:05:33Z.961,34000,417,0
2026-09-30 05:05:35Z.081,34000,417,0
2026-09-30 05:05:36Z.241,34000,417,0
2026-09-30 05:05:37Z.241,34000,417,0
2026-09-30 05:05:38Z.316,34000,417,0
2026-09-30 05:05:39Z.406,34000,417,0
2026-09-30 05:05:40Z.461,34000,417,0
2026-09-30 05:05:41Z.616,34000,417,0
2026-09-30 05:05:42Z.786,34000,417,0
2026-09-30 05:05:43Z.876,34000,417,0
2026-09-30 05:05:45Z.016,34000,417,0
2026-09-30 05:05:46Z.026,34000,417,0
2026-09-30 05:05:47Z.112,34000,417,0
2026-09-30 05:05:48Z.401,34000,417,0
2026-09-30 05:05:49Z.466,34000,417,0
2026-09-30 05:05:50Z.526,34000,417,0
2026-09-30 05:05:51Z.556,34000,417,0
2026-09-30 05:05:52Z.716,34000,417,0
2026-09-30 05:05:53Z.786,34000,417,0
2026-09-30 05:05:54Z.806,34000,417,0
2026-09-30 05:05:55Z.851,34000,417,0
2026-09-30 05:05:56Z.951,34000,417,0
2026-09-30 05:05:58Z.346,34000,417,0
2026-09-30 05:05:59Z.476,34000,417,0
2026-09-30 05:06:00Z.616,34000,418,0
2026-09-30 05:06:01Z.711,34000,417,0
2026-09-30 05:06:02Z.811,34000,417,0
2026-09-30 05:06:03Z.916,34000,417,0
2026-09-30 05:06:04Z.951,34000,417,0
2026-09-30 05:06:06Z.001,34000,417,0
2026-09-30 05:06:07Z.066,34000,417,0
2026-09-30 05:06:08Z.078,34000,417,0
2026-09-30 05:06:09Z.161,34000,417,0
2026-09-30 05:06:10Z.292,34000,417,0
2026-09-30 05:06:11Z.407,34000,417,0
2026-09-30 05:06:12Z.521,34000,417,0
2026-09-30 05:06:13Z.551,34000,417,0
2026-09-30 05:06:14Z.586,34000,417,0
2026-09-30 05:06:15Z.586,34000,417,0
2026-09-30 05:06:16Z.591,34000,417,0
2026-09-30 05:06:17Z.636,34000,417,0
2026-09-30 05:06:18Z.896,34000,417,0
2026-09-30 05:06:20Z.001,34000,417,0
2026-09-30 05:06:21Z.061,34000,417,0
2026-09-30 05:06:22Z.386,34000,417,0
2026-09-30 05:06:23Z.506,34000,417,0
2026-09-30 05:06:24Z.507,34000,417,0
2026-09-30 05:06:25Z.536,34000,418,0
2026-09-30 05:06:26Z.586,34000,418,0
2026-09-30 05:06:27Z.606,34000,418,0
2026-09-30 05:06:28Z.767,34000,418,0
2026-09-30 05:06:29Z.801,34000,418,0
2026-09-30 05:06:30Z.816,34000,418,0
2026-09-30 05:06:31Z.906,34000,418,0
2026-09-30 05:06:33Z.051,34000,418,0
2026-09-30 05:06:34Z.137,34000,418,0
2026-09-30 05:06:35Z.242,34000,418,0
2026-09-30 05:06:36Z.243,34000,418,0
2026-09-30 05:06:37Z.243,34000,418,0
2026-09-30 05:06:38Z.306,34000,418,0
2026-09-30 05:06:39Z.441,34000,418,0
2026-09-30 05:06:40Z.596,34000,418,0
2026-09-30 05:06:41Z.801,34000,418,0
2026-09-30 05:06:42Z.851,34000,418,0
2026-09-30 05:06:43Z.892,34000,418,0
2026-09-30 05:06:44Z.999,34000,418,0
2026-09-30 05:06:46Z.056,34000,418,0
2026-09-30 05:06:47Z.088,34000,418,0
2026-09-30 05:06:48Z.102,34000,418,0
2026-09-30 05:06:49Z.222,34000,418,0
2026-09-30 05:06:50Z.239,34000,418,0
2026-09-30 05:06:51Z.241,34000,418,0
2026-09-30 05:06:52Z.361,34000,418,0
2026-09-30 05:06:53Z.500,34000,418,0
2026-09-30 05:06:54Z.571,34000,418,0
2026-09-30 05:06:55Z.737,34000,418,0
2026-09-30 05:06:56Z.842,34000,418,0
2026-09-30 05:06:57Z.927,34000,418,0
2026-09-30 05:06:58Z.981,34000,418,0
2026-09-30 05:07:00Z.053,34000,418,0
2026-09-30 05:07:01Z.066,34000,418,0
2026-09-30 05:07:02Z.069,34000,418,0
2026-09-30 05:07:03Z.121,34000,418,0
2026-09-30 05:07:04Z.127,34000,418,0
2026-09-30 05:07:05Z.182,34000,418,0
2026-09-30 05:07:06Z.201,34000,418,0
2026-09-30 05:07:07Z.227,34000,418,0
2026-09-30 05:07:08Z.231,34000,418,0
2026-09-30 05:07:09Z.546,34000,418,-64
2026-09-30 05:07:10Z.681,34000,418,-64
2026-09-30 05:07:11Z.701,34000,418,0
2026-09-30 05:07:12Z.791,34000,418,0
2026-09-30 05:07:13Z.837,34000,418,0
2026-09-30 05:07:14Z.896,34000,418,0
2026-09-30 05:07:16Z.057,34000,418,0
2026-09-30 05:07:17Z.111,34000,418,0
2026-09-30 05:07:18Z.251,34000,418,0
2026-09-30 05:07:19Z.516,34000,418,0
2026-09-30 05:07:20Z.527,34000,418,0
2026-09-30 05:07:21Z.607,34000,418,0
2026-09-30 05:07:22Z.716,34000,418,0
2026-09-30 05:07:23Z.801,34000,418,0
2026-09-30 05:07:24Z.851,34000,418,0
2026-09-30 05:07:25Z.947,34000,418,0
2026-09-30 05:07:27Z.017,34000,418,0
2026-09-30 05:07:28Z.042,34000,418,0
2026-09-30 05:07:29Z.042,34000,418,0
2026-09-30 05:07:30Z.229,34000,418,0
2026-09-30 05:07:31Z.537,34000,418,0
2026-09-30 05:07:32Z.612,34000,418,0
2026-09-30 05:07:33Z.652,34000,418,0
2026-09-30 05:07:34Z.682,34000,418,0
2026-09-30 05:07:35Z.782,34000,418,0
2026-09-30 05:07:36Z.922,34000,418,0
2026-09-30 05:07:37Z.947,34000,418,0
2026-09-30 05:07:38Z.962,34000,418,0
2026-09-30 05:07:39Z.967,34000,418,0
2026-09-30 05:07:41Z.011,34000,418,0
2026-09-30 05:07:42Z.262,34000,418,0
2026-09-30 05:07:43Z.477,34000,418,0
2026-09-30 05:07:44Z.602,34000,418,0
2026-09-30 05:07:45Z.632,34000,418,0
2026-09-30 05:07:46Z.687,34000,418,0
2026-09-30 05:07:47Z.967,34000,418,0
2026-09-30 05:07:49Z.002,34000,418,0
2026-09-30 05:07:50Z.007,34000,418,0
2026-09-30 05:07:51Z.012,34000,418,0
2026-09-30 05:07:52Z.032,34000,418,0
2026-09-30 05:07:53Z.076,34000,418,0
2026-09-30 05:07:54Z.092,34000,418,0
2026-09-30 05:07:55Z.297,34000,418,0
2026-09-30 05:07:56Z.307,34000,418,0
2026-09-30 05:07:57Z.377,34000,418,0
2026-09-30 05:07:58Z.607,34000,418,0
2026-09-30 05:07:59Z.702,34000,418,0
2026-09-30 05:08:00Z.717,34000,418,0
2026-09-30 05:08:01Z.947,34000,418,0
2026-09-30 05:08:02Z.962,34000,418,0
2026-09-30 05:08:04Z.072,34000,418,0
2026-09-30 05:08:05Z.075,34000,418,0
2026-09-30 05:08:06Z.107,34000,418,0
2026-09-30 05:08:07Z.317,34000,418,0
2026-09-30 05:08:08Z.327,34000,418,0
2026-09-30 05:08:09Z.327,34000,418,0
2026-09-30 05:08:10Z.422,34000,418,0
2026-09-30 05:08:11Z.828,34000,418,0
2026-09-30 05:08:12Z.842,34000,418,0
2026-09-30 05:08:13Z.896,34000,418,0
2026-09-30 05:08:14Z.987,34000,418,0
2026-09-30 05:08:15Z.992,34000,418,0
2026-09-30 05:08:17Z.007,34000,418,0
2026-09-30 05:08:18Z.177,34000,418,0
2026-09-30 05:08:19Z.242,34000,418,0
2026-09-30 05:08:20Z.252,34000,418,0
2026-09-30 05:08:21Z.392,34000,418,0
2026-09-30 05:08:22Z.487,34000,418,0
2026-09-30 05:08:23Z.497,34000,418,0
2026-09-30 05:08:24Z.592,34000,418,0
2026-09-30 05:08:25Z.617,34000,418,0
2026-09-30 05:08:26Z.632,34000,418,0
2026-09-30 05:08:27Z.685,34000,418,0
2026-09-30 05:08:28Z.712,34000,418,0
2026-09-30 05:08:29Z.722,34000,418,0
2026-09-30 05:08:30Z.812,34000,418,0
2026-09-30 05:08:32Z.007,34000,418,0
2026-09-30 05:08:33Z.157,34000,418,0
2026-09-30 05:08:34Z.278,34000,418,0
2026-09-30 05:08:35Z.407,34000,418,0
2026-09-30 05:08:36Z.482,34000,418,0
2026-09-30 05:08:37Z.737,34000,418,0
2026-09-30 05:08:38Z.757,34000,418,0
2026-09-30 05:08:40Z.002,34000,418,0
2026-09-30 05:08:41Z.047,34000,418,0
2026-09-30 05:08:42Z.058,34000,418,0
2026-09-30 05:08:43Z.188,34000,418,0
2026-09-30 05:08:44Z.273,34000,418,0
2026-09-30 05:08:45Z.367,34000,418,0
2026-09-30 05:08:46Z.887,34000,418,0
2026-09-30 05:08:47Z.992,34000,418,0
2026-09-30 05:08:49Z.017,34000,418,0
2026-09-30 05:08:50Z.158,34000,418,0
2026-09-30 05:08:51Z.248,34000,418,0
2026-09-30 05:08:52Z.248,34000,418,0
2026-09-30 05:08:53Z.322,34000,418,0
2026-09-30 05:08:54Z.568,34000,418,0
2026-09-30 05:08:55Z.598,34000,418,0
2026-09-30 05:08:56Z.687,34000,418,0
2026-09-30 05:08:57Z.717,34000,418,0
2026-09-30 05:08:58Z.728,34000,418,0
2026-09-30 05:08:59Z.922,34000,418,0
2026-09-30 05:09:00Z.947,34000,418,0
2026-09-30 05:09:01Z.992,34000,418,0
2026-09-30 05:09:02Z.997,34000,418,0
2026-09-30 05:09:04Z.287,34000,418,0
2026-09-30 05:09:05Z.437,34000,418,0
2026-09-30 05:09:06Z.598,34000,418,0
2026-09-30 05:09:07Z.688,34000,418,0
2026-09-30 05:09:08Z.733,34000,418,0
2026-09-30 05:09:09Z.802,34000,418,0
2026-09-30 05:09:10Z.807,34000,418,0
2026-09-30 05:09:11Z.872,34000,418,-64
2026-09-30 05:09:13Z.157,34000,418,0
2026-09-30 05:09:14Z.221,34000,418,0
2026-09-30 05:09:15Z.241,34000,418,0
2026-09-30 05:09:16Z.337,34000,418,0
2026-09-30 05:09:17Z.633,34000,418,0
2026-09-30 05:09:18Z.687,34000,418,0
2026-09-30 05:09:19Z.722,34000,418,0
2026-09-30 05:09:20Z.878,34000,418,0
2026-09-30 05:09:21Z.967,34000,418,0
2026-09-30 05:09:23Z.017,34000,418,0
2026-09-30 05:09:24Z.058,34000,418,0
2026-09-30 05:09:25Z.128,34000,418,0
2026-09-30 05:09:26Z.187,34000,418,0
2026-09-30 05:09:27Z.197,34000,418,0
2026-09-30 05:09:28Z.468,34000,418,0
2026-09-30 05:09:29Z.472,34000,418,0
2026-09-30 05:09:30Z.503,34000,418,0
2026-09-30 05:09:31Z.747,34000,418,0
2026-09-30 05:09:32Z.847,34000,418,0
2026-09-30 05:09:33Z.908,34000,418,0
2026-09-30 05:09:34Z.968,34000,418,0
2026-09-30 05:09:36Z.108,34000,418,0
2026-09-30 05:09:37Z.192,34000,418,0
2026-09-30 05:09:38Z.468,34000,418,0
2026-09-30 05:09:39Z.479,34000,418,0
2026-09-30 05:09:40Z.617,34000,418,0
2026-09-30 05:09:41Z.708,34000,418,0
2026-09-30 05:09:42Z.758,34000,418,0
2026-09-30 05:09:43Z.768,34000,418,0
2026-09-30 05:09:44Z.818,34000,418,0
2026-09-30 05:09:45Z.888,34000,418,0
2026-09-30 05:09:46Z.938,34000,418,0
2026-09-30 05:09:48Z.144,34000,418,0
2026-09-30 05:09:49Z.339,34000,418,0
2026-09-30 05:09:50Z.358,34000,417,0
2026-09-30 05:09:51Z.383,34000,417,0
2026-09-30 05:09:52Z.678,34000,417,0
2026-09-30 05:09:53Z.818,34000,417,0
2026-09-30 05:09:54Z.908,34000,417,0
2026-09-30 05:09:56Z.033,34000,417,0
2026-09-30 05:09:57Z.163,34000,417,0
2026-09-30 05:09:58Z.198,34000,417,0
2026-09-30 05:09:59Z.368,34000,417,0
2026-09-30 05:10:00Z.398,34000,417,0
2026-09-30 05:10:01Z.458,34000,417,0
2026-09-30 05:10:02Z.468,34000,417,0
2026-09-30 05:10:03Z.508,34000,418,0
2026-09-30 05:10:04Z.568,34000,417,0
2026-09-30 05:10:05Z.708,34000,417,0
2026-09-30 05:10:07Z.123,34000,417,0
2026-09-30 05:10:08Z.145,34000,417,0
2026-09-30 05:10:09Z.273,34000,417,0
2026-09-30 05:10:10Z.548,34000,417,0
2026-09-30 05:10:11Z.559,34000,417,0
2026-09-30 05:10:12Z.648,34000,417,0
2026-09-30 05:10:13Z.708,34000,417,0
2026-09-30 05:10:14Z.708,34000,417,0
2026-09-30 05:10:15Z.838,34000,417,0
2026-09-30 05:10:17Z.050,34000,417,0
2026-09-30 05:10:18Z.133,34000,417,0
2026-09-30 05:10:19Z.468,34000,417,0
2026-09-30 05:10:20Z.488,34000,417,0
2026-09-30 05:10:21Z.586,34000,417,0
2026-09-30 05:10:22Z.598,34000,417,0
2026-09-30 05:10:23Z.718,34000,417,0
2026-09-30 05:10:24Z.738,34000,417,0
2026-09-30 05:10:25Z.928,34000,417,0
2026-09-30 05:10:27Z.003,34000,417,0
2026-09-30 05:10:28Z.121,34000,417,0
2026-09-30 05:10:29Z.153,34000,417,0
2026-09-30 05:10:30Z.198,34000,417,0
2026-09-30 05:10:31Z.233,34000,417,0
2026-09-30 05:10:32Z.558,34000,417,0
2026-09-30 05:10:33Z.688,34000,417,0
2026-09-30 05:10:34Z.983,34000,417,0
2026-09-30 05:10:36Z.098,34000,416,0
2026-09-30 05:10:37Z.108,34000,416,0
2026-09-30 05:10:38Z.109,34000,416,0
2026-09-30 05:10:39Z.163,34000,416,0
2026-09-30 05:10:40Z.243,34000,416,0
2026-09-30 05:10:41Z.298,34000,416,0
2026-09-30 05:10:42Z.483,34000,416,0
2026-09-30 05:10:43Z.568,34000,416,0
2026-09-30 05:10:44Z.648,34000,416,0
2026-09-30 05:10:45Z.767,34000,416,0
2026-09-30 05:10:46Z.794,34000,416,0
2026-09-30 05:10:47Z.873,34000,416,0
2026-09-30 05:10:48Z.913,34000,416,0
2026-09-30 05:10:49Z.958,34000,416,0
2026-09-30 05:10:51Z.184,34000,416,0
2026-09-30 05:10:52Z.215,34000,416,0
2026-09-30 05:10:53Z.348,34000,416,0
2026-09-30 05:10:54Z.529,34000,416,0
2026-09-30 05:10:55Z.658,34000,416,0
2026-09-30 05:10:56Z.903,34000,416,0
2026-09-30 05:10:57Z.913,34000,416,0
2026-09-30 05:10:58Z.938,34000,416,0
2026-09-30 05:11:00Z.049,34000,416,0
2026-09-30 05:11:01Z.079,34000,416,0
2026-09-30 05:11:02Z.079,34000,416,0
2026-09-30 05:11:03Z.118,34000,416,0
2026-09-30 05:11:04Z.434,34000,416,0
2026-09-30 05:11:05Z.653,34000,416,0
2026-09-30 05:11:06Z.688,34000,416,0
2026-09-30 05:11:07Z.779,34000,415,0
2026-09-30 05:11:08Z.873,34000,415,0
2026-09-30 05:11:09Z.918,34000,415,0
2026-09-30 05:11:10Z.953,34000,415,0
2026-09-30 05:11:12Z.068,34000,415,0
2026-09-30 05:11:13Z.143,34000,415,0
2026-09-30 05:11:14Z.258,34000,415,0
2026-09-30 05:11:15Z.273,34000,415,0
2026-09-30 05:11:16Z.408,34000,415,0
2026-09-30 05:11:17Z.653,34000,415,64
2026-09-30 05:11:18Z.779,34000,415,64
2026-09-30 05:11:20Z.003,34000,415,64
2026-09-30 05:11:21Z.049,34000,415,64
2026-09-30 05:11:22Z.079,34000,415,64
2026-09-30 05:11:23Z.120,34000,415,64
2026-09-30 05:11:24Z.329,34000,415,0
2026-09-30 05:11:25Z.379,34000,415,0
2026-09-30 05:11:26Z.608,34000,415,0
2026-09-30 05:11:27Z.698,34000,415,0
2026-09-30 05:11:28Z.903,34000,415,0
2026-09-30 05:11:29Z.993,34000,415,0
2026-09-30 05:11:31Z.218,34000,415,0
2026-09-30 05:11:32Z.449,34000,415,0
2026-09-30 05:11:33Z.453,34000,415,0
2026-09-30 05:11:34Z.479,34000,415,-64
2026-09-30 05:11:35Z.529,34000,415,0
2026-09-30 05:11:36Z.639,34000,415,0
2026-09-30 05:11:37Z.833,34000,415,0
2026-09-30 05:11:38Z.873,34000,415,0
2026-09-30 05:11:39Z.994,34000,415,0
2026-09-30 05:11:41Z.003,34000,415,0
2026-09-30 05:11:42Z.043,34000,415,0
2026-09-30 05:11:43Z.093,34000,415,0
2026-09-30 05:11:44Z.098,34000,415,0
2026-09-30 05:11:45Z.124,34000,415,0
2026-09-30 05:11:46Z.179,34000,415,0
2026-09-30 05:11:47Z.239,34000,415,0
2026-09-30 05:11:48Z.242,34000,415,0
2026-09-30 05:11:49Z.243,34000,415,0
2026-09-30 05:11:50Z.272,34000,415,0
2026-09-30 05:11:51Z.279,34000,414,0
2026-09-30 05:11:52Z.569,34000,414,0
2026-09-30 05:11:53Z.573,34000,414,0
2026-09-30 05:11:54Z.579,34000,414,0
2026-09-30 05:11:55Z.634,34000,414,0
2026-09-30 05:11:56Z.674,34000,414,0
2026-09-30 05:11:57Z.894,34000,414,0
2026-09-30 05:11:58Z.948,34000,414,0
2026-09-30 05:11:59Z.949,34000,414,0
2026-09-30 05:12:01Z.059,34000,414,0
2026-09-30 05:12:02Z.063,34000,414,0
2026-09-30 05:12:03Z.274,34000,414,0
2026-09-30 05:12:04Z.289,34000,414,0
2026-09-30 05:12:05Z.323,34000,414,0
2026-09-30 05:12:06Z.395,34000,414,0
2026-09-30 05:12:07Z.644,34000,414,0
2026-09-30 05:12:08Z.654,34000,414,0
2026-09-30 05:12:09Z.664,34000,414,0
2026-09-30 05:12:10Z.894,34000,414,0
2026-09-30 05:12:11Z.899,34000,414,0
2026-09-30 05:12:13Z.254,34000,414,0
2026-09-30 05:12:14Z.369,34000,414,0
2026-09-30 05:12:15Z.383,34000,414,0
2026-09-30 05:12:16Z.399,34000,414,0
2026-09-30 05:12:17Z.414,34000,414,0
2026-09-30 05:12:18Z.419,34000,414,0
2026-09-30 05:12:19Z.474,34000,414,0
2026-09-30 05:12:20Z.554,34000,414,0
2026-09-30 05:12:21Z.604,34000,414,0
2026-09-30 05:12:22Z.679,34000,414,0
2026-09-30 05:12:23Z.784,34000,414,0
2026-09-30 05:12:24Z.799,34000,414,0
2026-09-30 05:12:25Z.799,34000,414,0
2026-09-30 05:12:26Z.869,34000,414,0
2026-09-30 05:12:27Z.954,34000,414,0
2026-09-30 05:12:29Z.039,34000,414,0
2026-09-30 05:12:30Z.134,34000,414,0
2026-09-30 05:12:31Z.234,34000,414,0
2026-09-30 05:12:32Z.274,34000,414,0
2026-09-30 05:12:33Z.314,34000,414,0
2026-09-30 05:12:34Z.449,34000,414,0
2026-09-30 05:12:35Z.504,34000,414,0
2026-09-30 05:12:36Z.529,34000,414,0
2026-09-30 05:12:37Z.534,34000,414,0
2026-09-30 05:12:38Z.652,34000,414,0
2026-09-30 05:12:39Z.674,34000,414,0
2026-09-30 05:12:40Z.904,34000,414,0
2026-09-30 05:12:41Z.906,34000,414,0
2026-09-30 05:12:42Z.999,34000,414,0
2026-09-30 05:12:44Z.004,34000,414,0
2026-09-30 05:12:45Z.014,34000,414,0
2026-09-30 05:12:46Z.029,34000,414,0
2026-09-30 05:12:47Z.081,34000,413,0
2026-09-30 05:12:48Z.194,34000,414,0
2026-09-30 05:12:49Z.480,34000,414,0
2026-09-30 05:12:50Z.489,34000,413,0
2026-09-30 05:12:51Z.614,34000,413,0
2026-09-30 05:12:52Z.634,34000,413,0
2026-09-30 05:12:53Z.684,34000,413,0
2026-09-30 05:12:54Z.719,34000,413,0
2026-09-30 05:12:55Z.824,34000,413,0
2026-09-30 05:12:56Z.959,34000,413,0
2026-09-30 05:12:58Z.004,34000,413,0
2026-09-30 05:12:59Z.015,34000,413,0
2026-09-30 05:13:00Z.074,34000,414,0
2026-09-30 05:13:01Z.104,34000,413,0
2026-09-30 05:13:02Z.115,34000,413,0
2026-09-30 05:13:03Z.249,34000,413,0
2026-09-30 05:13:04Z.264,34000,413,0
2026-09-30 05:13:05Z.319,34000,413,0
2026-09-30 05:13:06Z.324,34000,413,0
2026-09-30 05:13:07Z.564,34000,413,0
2026-09-30 05:13:08Z.589,34000,413,0
2026-09-30 05:13:09Z.634,34000,413,0
2026-09-30 05:13:10Z.900,34000,413,0
2026-09-30 05:13:11Z.945,34000,412,0
2026-09-30 05:13:12Z.985,34000,413,0
2026-09-30 05:13:14Z.020,34000,412,0
2026-09-30 05:13:15Z.397,34000,413,0
2026-09-30 05:13:16Z.464,34000,413,0
2026-09-30 05:13:17Z.589,34000,412,0
2026-09-30 05:13:18Z.644,34000,413,0
2026-09-30 05:13:19Z.724,34000,413,0
2026-09-30 05:13:20Z.754,34000,413,0
2026-09-30 05:13:21Z.814,34000,413,0
2026-09-30 05:13:22Z.944,34000,413,0
2026-09-30 05:13:24Z.154,34000,413,0
2026-09-30 05:13:25Z.199,34000,413,0
2026-09-30 05:13:26Z.284,34000,413,64
2026-09-30 05:13:27Z.389,34000,413,64
2026-09-30 05:13:28Z.680,34000,412,0
2026-09-30 05:13:28Z.594,34000,413,64
2026-09-30 05:13:29Z.694,34000,413,0
2026-09-30 05:13:30Z.930,34000,413,0
2026-09-30 05:13:32Z.064,34000,413,0
2026-09-30 05:13:33Z.110,34000,413,0
2026-09-30 05:13:34Z.324,34000,413,0
2026-09-30 05:13:35Z.421,34000,413,0
2026-09-30 05:13:36Z.554,34000,413,0
2026-09-30 05:13:37Z.614,34000,413,0
2026-09-30 05:13:38Z.624,34000,413,0
2026-09-30 05:13:39Z.744,34000,413,0
2026-09-30 05:13:41Z.014,34000,413,0
2026-09-30 05:13:42Z.180,34000,413,0
2026-09-30 05:13:43Z.254,34000,413,0
2026-09-30 05:13:44Z.319,34000,413,0
2026-09-30 05:13:45Z.319,34000,413,0
2026-09-30 05:13:46Z.404,34000,413,0
2026-09-30 05:13:47Z.410,34000,413,0
2026-09-30 05:13:48Z.474,34000,413,0
2026-09-30 05:13:49Z.560,34000,413,0
2026-09-30 05:13:50Z.739,34000,413,0
2026-09-30 05:13:51Z.844,34000,413,0
2026-09-30 05:13:53Z.071,34000,413,0
2026-09-30 05:13:54Z.180,34000,413,0
2026-09-30 05:13:55Z.198,34000,413,0
2026-09-30 05:13:56Z.221,34000,413,0
2026-09-30 05:13:57Z.239,34000,413,0
2026-09-30 05:13:58Z.575,34000,413,0
2026-09-30 05:13:59Z.640,34000,413,0
2026-09-30 05:14:00Z.665,34000,413,0
2026-09-30 05:14:01Z.670,34000,413,0
2026-09-30 05:14:02Z.719,34000,413,0
2026-09-30 05:14:03Z.785,34000,413,0
2026-09-30 05:14:04Z.820,34000,413,0
2026-09-30 05:14:05Z.995,34000,413,0
2026-09-30 05:14:07Z.055,34000,413,0
2026-09-30 05:14:08Z.058,34000,413,0
2026-09-30 05:14:09Z.135,34000,413,0
2026-09-30 05:14:10Z.245,34000,413,0
2026-09-30 05:14:11Z.475,34000,413,0
2026-09-30 05:14:12Z.550,34000,413,0
2026-09-30 05:14:13Z.610,34000,413,0
2026-09-30 05:14:14Z.660,34000,413,0
2026-09-30 05:14:15Z.685,34000,413,0
2026-09-30 05:14:16Z.887,34000,413,0
2026-09-30 05:14:18Z.020,34000,412,0
2026-09-30 05:14:19Z.055,34000,412,0
2026-09-30 05:14:20Z.143,34000,412,0
2026-09-30 05:14:21Z.635,34000,412,0
2026-09-30 05:14:22Z.725,34000,412,0
2026-09-30 05:14:23Z.880,34000,412,0
2026-09-30 05:14:24Z.975,34000,412,0
2026-09-30 05:14:25Z.975,34000,412,0
2026-09-30 05:14:27Z.055,34000,412,0
2026-09-30 05:14:28Z.084,34000,412,0
2026-09-30 05:14:29Z.120,34000,412,0
2026-09-30 05:14:30Z.125,34000,412,0
2026-09-30 05:14:31Z.160,34000,412,0
2026-09-30 05:14:32Z.200,34000,412,0
2026-09-30 05:14:33Z.270,34000,412,0
2026-09-30 05:14:34Z.280,34000,412,0
2026-09-30 05:14:35Z.375,34000,412,0
2026-09-30 05:14:36Z.430,34000,412,0
2026-09-30 05:14:37Z.435,34000,412,0
2026-09-30 05:14:38Z.435,34000,412,0
2026-09-30 05:14:39Z.445,34000,412,0
2026-09-30 05:14:40Z.555,34000,412,0
2026-09-30 05:14:41Z.615,34000,412,0
2026-09-30 05:14:42Z.815,34000,412,0
2026-09-30 05:14:43Z.865,34000,412,0
2026-09-30 05:14:44Z.920,34000,412,0
2026-09-30 05:14:45Z.965,34000,412,0
2026-09-30 05:14:47Z.031,34000,412,0
2026-09-30 05:14:48Z.295,34000,412,0
2026-09-30 05:14:49Z.335,34000,412,0
2026-09-30 05:14:50Z.735,34000,412,0
2026-09-30 05:14:51Z.865,34000,412,0
2026-09-30 05:14:52Z.960,34000,412,0
2026-09-30 05:14:54Z.220,34000,412,0
2026-09-30 05:14:55Z.260,34000,412,0
2026-09-30 05:14:56Z.361,34000,412,0
2026-09-30 05:14:57Z.531,34000,412,0
2026-09-30 05:14:58Z.575,34000,412,0
2026-09-30 05:14:59Z.625,34000,412,0
2026-09-30 05:15:00Z.689,34000,412,0
2026-09-30 05:15:01Z.881,34000,412,0
2026-09-30 05:15:03Z.000,34000,412,0
2026-09-30 05:15:04Z.370,34000,412,0
2026-09-30 05:15:05Z.511,34000,412,0
2026-09-30 05:15:06Z.545,34000,412,0
2026-09-30 05:15:07Z.720,34000,412,0
2026-09-30 05:15:08Z.775,34000,412,0
2026-09-30 05:15:09Z.820,34000,412,0
2026-09-30 05:15:10Z.975,34000,412,0
2026-09-30 05:15:12Z.000,34000,412,0
2026-09-30 05:15:13Z.081,34000,412,0
2026-09-30 05:15:14Z.096,34000,412,0
2026-09-30 05:15:15Z.165,34000,412,0
2026-09-30 05:15:16Z.305,34000,412,0
2026-09-30 05:15:17Z.360,34000,412,0
2026-09-30 05:15:18Z.365,34000,411,0
2026-09-30 05:15:19Z.485,34000,412,0
2026-09-30 05:15:20Z.514,34000,412,0
2026-09-30 05:15:21Z.590,34000,411,0
2026-09-30 05:15:22Z.640,34000,411,0
2026-09-30 05:15:23Z.640,34000,411,0
2026-09-30 05:15:24Z.695,34000,411,0
2026-09-30 05:15:25Z.835,34000,411,0
2026-09-30 05:15:26Z.981,34000,411,0
2026-09-30 05:15:28Z.012,34000,411,0
2026-09-30 05:15:29Z.016,34000,411,0
2026-09-30 05:15:30Z.220,34000,411,0
2026-09-30 05:15:31Z.296,34000,412,0
2026-09-30 05:15:32Z.299,34000,412,0
2026-09-30 05:15:33Z.350,34000,411,0
2026-09-30 05:15:34Z.420,34000,411,0
2026-09-30 05:15:35Z.455,34000,410,0
2026-09-30 05:15:36Z.585,34000,411,0
2026-09-30 05:15:37Z.821,34000,411,0
2026-09-30 05:15:38Z.840,34000,411,0
2026-09-30 05:15:39Z.960,34000,411,0
2026-09-30 05:15:41Z.023,34000,411,0
2026-09-30 05:15:42Z.035,34000,411,0
2026-09-30 05:15:43Z.125,34000,411,0
2026-09-30 05:15:44Z.150,34000,411,0
2026-09-30 05:15:45Z.281,34000,411,0
2026-09-30 05:15:46Z.300,34000,411,0
2026-09-30 05:15:47Z.336,34000,411,0
2026-09-30 05:15:48Z.355,34000,410,0
2026-09-30 05:15:49Z.455,34000,411,0
2026-09-30 05:15:50Z.655,34000,411,0
2026-09-30 05:15:51Z.800,34000,411,0
2026-09-30 05:15:53Z.032,34000,411,0
2026-09-30 05:15:54Z.070,34000,411,0
2026-09-30 05:15:55Z.120,34000,411,0
2026-09-30 05:15:56Z.200,34000,410,0
2026-09-30 05:15:57Z.231,34000,411,0
2026-09-30 05:15:58Z.575,34000,411,0
2026-09-30 05:15:59Z.720,34000,411,0
2026-09-30 05:16:00Z.825,34000,411,0
2026-09-30 05:16:01Z.990,34000,411,0
2026-09-30 05:16:03Z.000,34000,410,0
2026-09-30 05:16:04Z.034,34000,410,0
2026-09-30 05:16:05Z.054,34000,410,0
2026-09-30 05:16:06Z.220,34000,410,0
2026-09-30 05:16:07Z.361,34000,410,0
2026-09-30 05:16:08Z.466,34000,410,0
2026-09-30 05:16:09Z.561,34000,410,0
2026-09-30 05:16:10Z.584,34000,410,0
2026-09-30 05:16:11Z.651,34000,410,0
2026-09-30 05:16:12Z.776,34000,410,0
2026-09-30 05:16:14Z.011,34000,410,0
2026-09-30 05:16:15Z.175,34000,410,0
2026-09-30 05:16:16Z.201,34000,410,0
2026-09-30 05:16:17Z.321,34000,410,0
2026-09-30 05:16:18Z.326,34000,410,0
2026-09-30 05:16:19Z.361,34000,410,0
2026-09-30 05:16:20Z.366,34000,410,0
2026-09-30 05:16:21Z.481,34000,410,0
2026-09-30 05:16:22Z.741,34000,410,0
2026-09-30 05:16:23Z.806,34000,410,0
2026-09-30 05:16:25Z.056,34000,410,0
2026-09-30 05:16:26Z.115,34000,410,0
2026-09-30 05:16:27Z.201,34000,410,0
2026-09-30 05:16:28Z.431,34000,410,0
2026-09-30 05:16:29Z.871,34000,410,0
2026-09-30 05:16:30Z.896,34000,410,0
2026-09-30 05:16:31Z.905,34000,410,0
2026-09-30 05:16:32Z.921,34000,410,0
2026-09-30 05:16:33Z.971,34000,410,0
2026-09-30 05:16:35Z.046,34000,410,0
2026-09-30 05:16:36Z.256,34000,410,0
2026-09-30 05:16:37Z.316,34000,410,0
2026-09-30 05:16:38Z.736,34000,410,0
2026-09-30 05:16:39Z.750,34000,410,0
2026-09-30 05:16:40Z.761,34000,410,0
2026-09-30 05:16:41Z.766,34000,410,0
2026-09-30 05:16:42Z.841,34000,410,0
2026-09-30 05:16:44Z.015,34000,410,0
2026-09-30 05:16:45Z.096,34000,410,0
2026-09-30 05:16:46Z.436,34000,410,0
2026-09-30 05:16:47Z.481,34000,409,0
2026-09-30 05:16:48Z.561,34000,410,0
2026-09-30 05:16:49Z.841,34000,410,0
2026-09-30 05:16:50Z.946,34000,409,0
2026-09-30 05:16:51Z.976,34000,410,0
2026-09-30 05:16:53Z.036,34000,409,0
2026-09-30 05:16:54Z.136,34000,410,0
2026-09-30 05:16:55Z.146,34000,409,0
2026-09-30 05:16:56Z.431,34000,409,0
2026-09-30 05:16:57Z.546,34000,409,0
2026-09-30 05:16:58Z.657,34000,409,0
2026-09-30 05:16:59Z.665,34000,410,0
2026-09-30 05:17:00Z.941,34000,409,0
2026-09-30 05:17:01Z.976,34000,409,0
2026-09-30 05:17:03Z.106,34000,409,0
2026-09-30 05:17:04Z.116,34000,409,0
2026-09-30 05:17:05Z.123,34000,409,0
2026-09-30 05:17:06Z.201,34000,409,0
2026-09-30 05:17:07Z.372,34000,409,0
2026-09-30 05:17:08Z.416,34000,410,0
2026-09-30 05:17:09Z.426,34000,409,0
2026-09-30 05:17:10Z.466,34000,409,0
2026-09-30 05:17:11Z.499,34000,409,0
2026-09-30 05:17:12Z.576,34000,410,0
2026-09-30 05:17:13Z.901,34000,410,0
2026-09-30 05:17:14Z.926,34000,409,0
2026-09-30 05:17:15Z.961,34000,410,0
2026-09-30 05:17:17Z.040,34000,409,0
2026-09-30 05:17:18Z.072,34000,409,0
2026-09-30 05:17:19Z.106,34000,409,0
2026-09-30 05:17:20Z.141,34000,410,0
2026-09-30 05:17:21Z.167,34000,409,0
2026-09-30 05:17:22Z.202,34000,409,0
2026-09-30 05:17:23Z.316,34000,409,0
2026-09-30 05:17:24Z.416,34000,409,0
2026-09-30 05:17:25Z.546,34000,409,0
2026-09-30 05:17:26Z.556,34000,410,0
2026-09-30 05:17:27Z.676,34000,409,0
2026-09-30 05:17:28Z.736,34000,409,0
2026-09-30 05:17:29Z.941,34000,409,0
2026-09-30 05:17:30Z.986,34000,409,0
2026-09-30 05:17:32Z.062,34000,409,0
2026-09-30 05:17:33Z.106,34000,409,0
2026-09-30 05:17:34Z.261,34000,409,0
2026-09-30 05:17:35Z.271,34000,409,0
2026-09-30 05:17:36Z.287,34000,409,0
2026-09-30 05:17:37Z.426,34000,409,0
2026-09-30 05:17:38Z.450,34000,409,0
2026-09-30 05:17:39Z.586,34000,409,0
2026-09-30 05:17:40Z.721,34000,409,0
2026-09-30 05:17:41Z.757,34000,409,0
2026-09-30 05:17:42Z.786,34000,409,0
2026-09-30 05:17:43Z.802,34000,409,0
2026-09-30 05:17:44Z.936,34000,409,0
2026-09-30 05:17:46Z.077,34000,409,0
2026-09-30 05:17:47Z.082,34000,409,0
2026-09-30 05:17:48Z.182,34000,409,0
2026-09-30 05:17:49Z.186,34000,409,0
2026-09-30 05:17:50Z.232,34000,409,0
2026-09-30 05:17:51Z.496,34000,409,0
2026-09-30 05:17:52Z.516,34000,409,0
2026-09-30 05:17:53Z.526,34000,409,0
2026-09-30 05:17:54Z.546,34000,409,0
2026-09-30 05:17:55Z.731,34000,409,0
2026-09-30 05:17:56Z.826,34000,409,0
2026-09-30 05:17:57Z.841,34000,409,0
2026-09-30 05:17:58Z.961,34000,409,0
2026-09-30 05:18:00Z.191,34000,409,0
2026-09-30 05:18:01Z.286,34000,409,0
2026-09-30 05:18:02Z.326,34000,409,0
2026-09-30 05:18:03Z.376,34000,409,0
2026-09-30 05:18:04Z.672,34000,409,0
2026-09-30 05:18:05Z.733,34000,409,0
2026-09-30 05:18:06Z.737,34000,409,0
2026-09-30 05:18:07Z.759,34000,409,0
2026-09-30 05:18:08Z.812,34000,409,0
2026-09-30 05:18:09Z.941,34000,409,0
2026-09-30 05:18:10Z.966,34000,409,0
2026-09-30 05:18:12Z.062,34000,409,0
2026-09-30 05:18:13Z.166,34000,409,0
2026-09-30 05:18:14Z.202,34000,409,0
2026-09-30 05:18:15Z.226,34000,409,0
2026-09-30 05:18:16Z.241,34000,409,0
2026-09-30 05:18:17Z.290,34000,410,0
2026-09-30 05:18:18Z.686,34000,409,0
2026-09-30 05:18:19Z.697,34000,410,0
2026-09-30 05:18:20Z.712,34000,410,0
2026-09-30 05:18:21Z.717,34000,410,0
2026-09-30 05:18:22Z.777,34000,410,0
2026-09-30 05:18:23Z.816,34000,410,0
2026-09-30 05:18:24Z.857,34000,410,0
2026-09-30 05:18:25Z.858,34000,410,0
2026-09-30 05:18:26Z.894,34000,410,0
2026-09-30 05:18:27Z.947,34000,410,0
2026-09-30 05:18:29Z.022,34000,410,0
2026-09-30 05:18:30Z.193,34000,410,0
2026-09-30 05:18:31Z.267,34000,410,0
2026-09-30 05:18:32Z.322,34000,410,0
2026-09-30 05:18:33Z.442,34000,410,0
2026-09-30 05:18:34Z.462,34000,410,0
2026-09-30 05:18:35Z.591,34000,410,0
2026-09-30 05:18:36Z.637,34000,410,0
2026-09-30 05:18:37Z.687,34000,410,0
2026-09-30 05:18:38Z.791,34000,410,0
2026-09-30 05:18:39Z.882,34000,410,0
2026-09-30 05:18:41Z.067,34000,410,0
2026-09-30 05:18:42Z.141,34000,410,0
2026-09-30 05:18:43Z.317,34000,410,0
2026-09-30 05:18:44Z.317,34000,410,0
2026-09-30 05:18:45Z.361,34000,410,0
2026-09-30 05:18:46Z.487,34000,410,0
2026-09-30 05:18:47Z.822,34000,410,0
2026-09-30 05:18:48Z.847,34000,410,0
2026-09-30 05:18:49Z.922,34000,410,0
2026-09-30 05:18:50Z.947,34000,410,0
2026-09-30 05:18:52Z.002,34000,410,0
2026-09-30 05:18:53Z.070,34000,410,0
2026-09-30 05:18:54Z.091,34000,410,0
2026-09-30 05:18:55Z.217,34000,410,0
2026-09-30 05:18:56Z.237,34000,410,0
2026-09-30 05:18:57Z.262,34000,410,0
2026-09-30 05:18:58Z.367,34000,410,0
2026-09-30 05:18:59Z.437,34000,410,0
2026-09-30 05:19:00Z.457,34000,410,0
2026-09-30 05:19:01Z.507,34000,410,0
2026-09-30 05:19:02Z.577,34000,410,0
2026-09-30 05:19:03Z.657,34000,410,0
2026-09-30 05:19:04Z.697,34000,410,0
2026-09-30 05:19:05Z.700,34000,410,0
2026-09-30 05:19:06Z.707,34000,410,0
2026-09-30 05:19:07Z.717,34000,410,0
2026-09-30 05:19:08Z.757,34000,410,0
2026-09-30 05:19:10Z.009,34000,410,0
2026-09-30 05:19:11Z.013,34000,410,0
2026-09-30 05:19:12Z.117,34000,410,0
2026-09-30 05:19:13Z.287,34000,410,0
2026-09-30 05:19:14Z.447,34000,410,0
2026-09-30 05:19:15Z.517,34000,410,0
2026-09-30 05:19:16Z.537,34000,410,0
2026-09-30 05:19:17Z.607,34000,410,0
2026-09-30 05:19:18Z.618,34000,410,0
2026-09-30 05:19:19Z.702,34000,410,0
2026-09-30 05:19:20Z.872,34000,410,0
2026-09-30 05:19:21Z.939,34000,410,0
2026-09-30 05:19:23Z.007,34000,410,0
2026-09-30 05:19:24Z.073,34000,411,0
2026-09-30 05:19:25Z.077,34000,411,0
2026-09-30 05:19:26Z.126,34000,410,0
2026-09-30 05:19:27Z.167,34000,411,0
2026-09-30 05:19:28Z.263,34000,411,0
2026-09-30 05:19:29Z.288,34000,411,0
2026-09-30 05:19:30Z.338,34000,411,0
2026-09-30 05:19:31Z.416,34000,411,0
2026-09-30 05:19:32Z.737,34000,411,0
2026-09-30 05:19:33Z.847,34000,411,0
2026-09-30 05:19:34Z.847,34000,411,0
2026-09-30 05:19:35Z.850,34000,411,0
2026-09-30 05:19:36Z.938,34000,411,0
2026-09-30 05:19:37Z.938,34000,410,0
2026-09-30 05:19:38Z.987,34000,411,0
2026-09-30 05:19:40Z.193,34000,411,0
2026-09-30 05:19:41Z.227,34000,411,0
2026-09-30 05:19:42Z.234,34000,410,0
2026-09-30 05:19:43Z.267,34000,411,0
2026-09-30 05:19:44Z.402,34000,411,0
2026-09-30 05:19:45Z.432,34000,411,0
2026-09-30 05:19:46Z.522,34000,411,0
2026-09-30 05:19:47Z.853,34000,411,0
2026-09-30 05:19:48Z.917,34000,411,0
2026-09-30 05:19:50Z.080,34000,412,0
2026-09-30 05:19:51Z.087,34000,411,0
2026-09-30 05:19:52Z.123,34000,411,0
2026-09-30 05:19:53Z.188,34000,411,0
2026-09-30 05:19:54Z.208,34000,412,0
2026-09-30 05:19:55Z.312,34000,411,0
2026-09-30 05:19:56Z.407,34000,411,0
2026-09-30 05:19:57Z.533,34000,411,0
2026-09-30 05:19:58Z.587,34000,412,0
2026-09-30 05:19:59Z.592,34000,411,0
2026-09-30 05:20:00Z.997,34000,411,0
2026-09-30 05:20:02Z.047,34000,412,0
2026-09-30 05:20:03Z.127,34000,412,0
2026-09-30 05:20:04Z.218,34000,412,0
2026-09-30 05:20:05Z.398,34000,412,0
2026-09-30 05:20:06Z.622,34000,412,0
2026-09-30 05:20:07Z.767,34000,412,0
2026-09-30 05:20:08Z.822,34000,412,0
2026-09-30 05:20:09Z.987,34000,412,0
2026-09-30 05:20:11Z.022,34000,412,0
2026-09-30 05:20:12Z.113,34000,412,0
2026-09-30 05:20:13Z.167,34000,412,0
2026-09-30 05:20:14Z.262,34000,412,0
2026-09-30 05:20:15Z.507,34000,412,0
2026-09-30 05:20:16Z.617,34000,412,0
2026-09-30 05:20:17Z.637,34000,412,0
2026-09-30 05:20:18Z.647,34000,412,0
2026-09-30 05:20:19Z.657,34000,412,0
2026-09-30 05:20:20Z.757,34000,412,0
2026-09-30 05:20:21Z.778,34000,412,0
2026-09-30 05:20:22Z.813,34000,412,0
2026-09-30 05:20:23Z.813,34000,412,0
2026-09-30 05:20:24Z.883,34000,412,0
2026-09-30 05:20:25Z.920,34000,412,0
2026-09-30 05:20:26Z.993,34000,412,0
2026-09-30 05:20:28Z.327,34000,412,0
2026-09-30 05:20:29Z.413,34000,412,0
2026-09-30 05:20:30Z.747,34000,412,0
2026-09-30 05:20:31Z.863,34000,412,0
2026-09-30 05:20:32Z.898,34000,412,-64
2026-09-30 05:20:33Z.899,34000,412,0
2026-09-30 05:20:35Z.048,34000,412,0
2026-09-30 05:20:36Z.087,34000,412,0
2026-09-30 05:20:37Z.237,34000,412,0
2026-09-30 05:20:38Z.368,34000,412,0
2026-09-30 05:20:39Z.458,34000,413,0
2026-09-30 05:20:40Z.498,34000,413,0
2026-09-30 05:20:41Z.546,34000,412,0
2026-09-30 05:20:42Z.868,34000,413,0
2026-09-30 05:20:43Z.943,34000,413,0
2026-09-30 05:20:44Z.998,34000,413,0
2026-09-30 05:20:46Z.148,34000,412,0
2026-09-30 05:20:47Z.203,34000,413,64
2026-09-30 05:20:48Z.268,34000,413,64
2026-09-30 05:20:49Z.288,34000,413,64
2026-09-30 05:20:50Z.363,34000,413,0
2026-09-30 05:20:51Z.583,34000,413,0
2026-09-30 05:20:52Z.718,34000,413,0
2026-09-30 05:20:53Z.733,34000,413,0
2026-09-30 05:20:54Z.738,34000,413,0
2026-09-30 05:20:55Z.898,34000,413,0
2026-09-30 05:20:56Z.938,34000,413,0
2026-09-30 05:20:58Z.068,34000,413,0
2026-09-30 05:20:59Z.120,34000,413,-64
2026-09-30 05:21:00Z.208,34000,413,-192
2026-09-30 05:21:01Z.259,34000,413,-192
2026-09-30 05:21:02Z.508,34000,413,-64
2026-09-30 05:21:03Z.618,34000,413,-64
2026-09-30 05:21:04Z.688,34000,413,0
2026-09-30 05:21:05Z.968,34000,413,64
2026-09-30 05:21:06Z.983,34000,413,128
2026-09-30 05:21:08Z.082,34000,414,-64
2026-09-30 05:21:09Z.143,33975,414,-576
2026-09-30 05:21:10Z.178,33975,414,-1024
2026-09-30 05:21:11Z.293,33950,415,-1472
2026-09-30 05:21:12Z.578,33900,416,-1920
2026-09-30 05:21:13Z.580,33875,416,-2304
2026-09-30 05:21:14Z.593,33850,417,-2560
2026-09-30 05:21:15Z.718,33800,418,-2816
2026-09-30 05:21:16Z.788,33750,419,-2816
2026-09-30 05:21:17Z.893,33700,420,-2752
2026-09-30 05:21:19Z.143,33625,422,-2752
2026-09-30 05:21:20Z.211,33600,423,-2752
2026-09-30 05:21:21Z.293,33550,425,-2816
2026-09-30 05:21:22Z.528,33475,426,-2880
2026-09-30 05:21:23Z.598,33450,427,-2880
2026-09-30 05:21:24Z.633,33400,429,-2816
2026-09-30 05:21:25Z.868,33325,430,-2752
2026-09-30 05:21:26Z.943,33275,431,-2752
2026-09-30 05:21:28Z.038,33250,432,-2752
2026-09-30 05:21:29Z.078,33200,433,-2688
2026-09-30 05:21:30Z.248,33150,435,-2624
2026-09-30 05:21:31Z.318,33100,437,-2432
2026-09-30 05:21:32Z.583,33050,438,-2240
2026-09-30 05:21:33Z.588,33000,438,-1984
2026-09-30 05:21:34Z.613,32975,440,-1728
2026-09-30 05:21:35Z.623,32950,440,-1536
2026-09-30 05:21:36Z.804,32925,441,-1280
2026-09-30 05:21:37Z.848,32900,441,-1024
2026-09-30 05:21:38Z.918,32875,442,-832
2026-09-30 05:21:39Z.958,32875,442,-576
2026-09-30 05:21:41Z.029,32850,442,-320
2026-09-30 05:21:42Z.318,32850,442,-64
2026-09-30 05:21:43Z.568,32825,441,640
2026-09-30 05:21:44Z.653,32225,432,22976
2026-09-30 05:21:45Z.713,31600,419,22976
2026-09-30 05:21:46Z.985,32375,401,-2880
2026-09-30 05:21:48Z.118,33225,387,-24512
2026-09-30 05:22:06Z.184,33225,,-14592
2026-09-30 05:22:07Z.588,30875,,-14592
2026-09-30 05:22:15Z.418,30875,,-32640
2026-09-30 05:22:16Z.488,30875,400,-32640
2026-09-30 05:22:17Z.508,23800,406,-32640
2026-09-30 05:22:18Z.518,23800,413,-32640
2026-09-30 05:22:19Z.598,22350,424,-32640
2026-09-30 05:22:20Z.668,21575,437,-32640
2026-09-30 05:22:21Z.763,20875,450,-32640
2026-09-30 05:22:22Z.849,20375,450,-32640
2026-09-30 05:22:23Z.958,19350,484,-32640
2026-09-30 05:22:25Z.008,18925,502,-32640
2026-09-30 05:22:26Z.082,18850,519,-29504
2026-09-30 05:22:27Z.280,18800,536,-4864
2026-09-30 05:22:28Z.348,18300,561,-16512
2026-09-30 05:22:29Z.708,18025,571,-11840
2026-09-30 05:22:30Z.784,17800,579,-13312
2026-09-30 05:22:31Z.848,17550,585,-14464
2026-09-30 05:22:32Z.864,17325,590,-15360
2026-09-30 05:22:33Z.868,17150,594,-12224
2026-09-30 05:22:34Z.919,17075,597,-8000
2026-09-30 05:22:36Z.049,16850,598,-8896
2026-09-30 05:22:37Z.223,16725,598,-7296
2026-09-30 05:22:38Z.308,16675,598,-5184
2026-09-30 05:22:39Z.334,16625,595,-3392
2026-09-30 05:22:40Z.421,16600,593,-1792
2026-09-30 05:22:41Z.494,16625,593,-896
2026-09-30 05:22:42Z.539,16650,593,-896
2026-09-30 05:22:43Z.559,16700,582,2944
2026-09-30 05:22:44Z.638,16825,582,4992
2026-09-30 05:22:45Z.698,16925,573,3712
2026-09-30 05:22:46Z.818,17025,567,5696
2026-09-30 05:22:47Z.818,17175,561,6976
2026-09-30 05:22:48Z.884,17325,555,7680
2026-09-30 05:22:50Z.013,17500,549,8640
2026-09-30 05:22:51Z.184,17775,542,9664
2026-09-30 05:22:52Z.208,17950,536,9984
2026-09-30 05:22:53Z.344,18125,531,10624
2026-09-30 05:22:54Z.669,18400,522,10048
2026-09-30 05:22:55Z.829,18575,518,9152
2026-09-30 05:22:56Z.842,18725,515,6912
2026-09-30 05:22:58Z.004,18800,512,5696
2026-09-30 05:22:59Z.062,18925,508,3328
2026-09-30 05:23:00Z.089,19100,503,4864
2026-09-30 05:23:01Z.329,19225,498,5760
2026-09-30 05:23:02Z.509,19425,481,6720
2026-09-30 05:23:03Z.510,19475,472,7680
2026-09-30 05:23:04Z.864,19825,462,8384
2026-09-30 05:23:05Z.979,19975,454,9472
2026-09-30 05:23:07Z.169,20225,446,9536
2026-09-30 05:23:08Z.778,20375,441,8640
2026-09-30 05:23:10Z.134,20700,430,8192
2026-09-30 05:23:11Z.169,20750,423,6656
2026-09-30 05:23:12Z.244,20850,423,6464
2026-09-30 05:23:13Z.289,21100,414,5632
2026-09-30 05:23:14Z.378,21175,414,5248
2026-09-30 05:23:15Z.414,21275,411,4736
2026-09-30 05:23:16Z.414,21375,404,4544
2026-09-30 05:23:17Z.694,21475,404,4544
2026-09-30 05:23:18Z.814,21550,399,2944
2026-09-30 05:23:19Z.959,21600,396,2304
2026-09-30 05:23:20Z.985,21650,394,2304
2026-09-30 05:23:22Z.035,21700,392,1408
2026-09-30 05:23:23Z.057,21725,390,832
2026-09-30 05:23:24Z.323,21725,389,640
2026-09-30 05:23:25Z.364,21725,386,-512
2026-09-30 05:23:26Z.419,21700,386,-1152
2026-09-30 05:23:27Z.784,21675,385,-1600
2026-09-30 05:23:28Z.814,21625,384,-2176
2026-09-30 05:23:29Z.869,21600,384,-3136
2026-09-30 05:23:31Z.234,21475,383,-3648
2026-09-30 05:23:32Z.258,21425,384,-4224
2026-09-30 05:23:33Z.324,21300,385,-5056
2026-09-30 05:23:34Z.339,21225,385,-5248
2026-09-30 05:23:35Z.634,21025,386,-6144
2026-09-30 05:23:36Z.904,20875,388,-6720
2026-09-30 05:23:37Z.979,20800,389,-7424
2026-09-30 05:23:39Z.474,20500,391,-7680
2026-09-30 05:23:40Z.509,20425,394,-7808
2026-09-30 05:23:41Z.609,20225,394,-12864
2026-09-30 05:23:42Z.699,20025,397,-9536
2026-09-30 05:23:43Z.779,19850,401,-10944
2026-09-30 05:23:44Z.814,19650,404,-10496
2026-09-30 05:23:45Z.854,19375,407,-10176
2026-09-30 05:23:47Z.038,19200,411,-10304
2026-09-30 05:23:48Z.064,19000,414,-10560
2026-09-30 05:23:49Z.289,18800,417,-9984
2026-09-30 05:23:50Z.364,18625,421,-9920
2026-09-30 05:23:51Z.499,18425,428,-10560
2026-09-30 05:23:52Z.528,18250,432,-10496
2026-09-30 05:23:53Z.544,18025,434,-10240
2026-09-30 05:23:54Z.889,17800,437,-9664
2026-09-30 05:23:55Z.894,17650,440,-9216
2026-09-30 05:23:56Z.949,17475,443,-9408
2026-09-30 05:23:58Z.054,17275,446,-9472
2026-09-30 05:23:59Z.054,17100,448,-9408
2026-09-30 05:24:00Z.084,16925,452,-9280
2026-09-30 05:24:01Z.144,16750,454,-9600
2026-09-30 05:24:02Z.154,16600,459,-9600
2026-09-30 05:24:03Z.314,16425,459,-9088
2026-09-30 05:24:04Z.394,16275,464,-8512
2026-09-30 05:24:05Z.675,16100,467,-8128
2026-09-30 05:24:06Z.799,15975,469,-8512
2026-09-30 05:24:07Z.839,15825,472,-8000
2026-09-30 05:24:08Z.869,15675,473,-7360
2026-09-30 05:24:09Z.935,15475,476,-7360
2026-09-30 05:24:10Z.939,15475,478,-6336
2026-09-30 05:24:11Z.941,15275,480,-6144
2026-09-30 05:24:13Z.194,15200,481,-4992
2026-09-30 05:24:14Z.199,15100,482,-3776
2026-09-30 05:24:15Z.594,15025,482,-3520
2026-09-30 05:24:16Z.609,14975,482,-2368
2026-09-30 05:24:17Z.655,14975,480,-2432
2026-09-30 05:24:18Z.659,14950,479,-1024
2026-09-30 05:24:19Z.674,14950,479,-960
2026-09-30 05:24:21Z.045,14950,474,128
2026-09-30 05:24:22Z.115,14950,472,-832
2026-09-30 05:24:23Z.474,14950,470,-448
2026-09-30 05:24:24Z.489,14950,468,-768
2026-09-30 05:24:25Z.494,14975,466,-512
2026-09-30 05:24:26Z.954,14975,462,192
2026-09-30 05:24:28Z.080,15000,460,-128
2026-09-30 05:24:29Z.110,15000,458,0
2026-09-30 05:24:30Z.529,15025,455,512
2026-09-30 05:24:31Z.609,15050,451,1152
2026-09-30 05:24:32Z.719,15075,448,512
2026-09-30 05:24:33Z.885,15100,446,576
2026-09-30 05:24:35Z.004,15125,443,832
2026-09-30 05:24:36Z.017,15125,440,832
2026-09-30 05:24:37Z.124,15175,438,768
2026-09-30 05:24:38Z.235,15200,435,1024
2026-09-30 05:24:39Z.275,15225,433,768
2026-09-30 05:24:40Z.277,15250,431,640
2026-09-30 05:24:41Z.614,15250,427,640
2026-09-30 05:24:42Z.649,15300,425,768
2026-09-30 05:24:43Z.669,15325,423,704
2026-09-30 05:24:44Z.750,15325,420,704
2026-09-30 05:24:45Z.894,15350,418,512
2026-09-30 05:24:46Z.894,15375,416,256
2026-09-30 05:24:47Z.924,15375,414,64
2026-09-30 05:24:48Z.969,15375,413,-320
2026-09-30 05:24:50Z.013,15375,411,-320
2026-09-30 05:24:51Z.129,15375,410,-448
2026-09-30 05:24:52Z.199,15375,407,-384
2026-09-30 05:24:53Z.364,15375,407,-384
2026-09-30 05:24:54Z.379,15375,404,-576
2026-09-30 05:24:55Z.454,15375,404,-448
2026-09-30 05:24:56Z.479,15375,401,-512
2026-09-30 05:24:57Z.557,15375,401,-576
2026-09-30 05:24:58Z.579,15350,399,-768
2026-09-30 05:24:59Z.640,15350,397,-896
2026-09-30 05:25:00Z.869,15350,396,-896
2026-09-30 05:25:01Z.894,15325,395,-1024
2026-09-30 05:25:03Z.254,15300,394,-1088
2026-09-30 05:25:04Z.279,15275,392,-1024
2026-09-30 05:25:05Z.329,15275,391,-1152
2026-09-30 05:25:06Z.639,15250,390,-1152
2026-09-30 05:25:07Z.675,15225,390,-1152
2026-09-30 05:25:09Z.165,15200,389,-1408
2026-09-30 05:25:10Z.220,15175,387,-1472
2026-09-30 05:25:11Z.260,15150,387,-1536
2026-09-30 05:25:12Z.325,15150,387,-1216
2026-09-30 05:25:13Z.405,15100,387,-1344
2026-09-30 05:25:14Z.609,15075,386,-1216
2026-09-30 05:25:15Z.725,15050,385,-1280
2026-09-30 05:25:16Z.730,15050,384,-1088
2026-09-30 05:25:18Z.135,15025,384,-1088
2026-09-30 05:25:19Z.175,15000,383,-1344
2026-09-30 05:25:20Z.205,14975,381,-1216
2026-09-30 05:25:21Z.495,14950,381,-1536
2026-09-30 05:25:22Z.795,14925,380,-1344
2026-09-30 05:25:24Z.039,14900,379,-1792
2026-09-30 05:25:25Z.055,14850,379,-1280
2026-09-30 05:25:26Z.069,14850,378,-1792
2026-09-30 05:25:27Z.155,14800,378,-2112
2026-09-30 05:25:28Z.540,14775,377,-2176
2026-09-30 05:25:29Z.545,14700,377,-2688
2026-09-30 05:25:30Z.665,14675,377,-1856
2026-09-30 05:25:31Z.720,14625,377,-2176
2026-09-30 05:25:32Z.735,14575,376,-2240
2026-09-30 05:25:33Z.785,14550,376,-2304
2026-09-30 05:25:34Z.835,14500,376,-2688
2026-09-30 05:25:35Z.856,14475,376,-2688
2026-09-30 05:25:37Z.345,14425,376,-2496
2026-09-30 05:25:38Z.380,14375,376,-2880
2026-09-30 05:25:39Z.405,14325,375,-2560
2026-09-30 05:25:40Z.540,14275,376,-1984
2026-09-30 05:25:41Z.730,14200,376,-2560
2026-09-30 05:25:43Z.125,14150,375,-2176
2026-09-30 05:25:44Z.390,14125,376,-2432
2026-09-30 05:25:45Z.650,14100,374,-1408
2026-09-30 05:25:46Z.685,14050,373,-1344
2026-09-30 05:25:47Z.909,14050,373,-1024
2026-09-30 05:25:48Z.945,14025,372,-896
2026-09-30 05:25:49Z.993,14025,370,-576
2026-09-30 05:25:51Z.370,14000,370,-448
2026-09-30 05:25:52Z.415,14000,367,-896
2026-09-30 05:25:53Z.445,14000,366,64
2026-09-30 05:25:54Z.466,14025,364,-448
2026-09-30 05:25:55Z.570,14025,362,128
2026-09-30 05:25:56Z.746,14050,360,192
2026-09-30 05:25:58Z.065,14050,358,320
2026-09-30 05:25:59Z.067,14075,356,640
2026-09-30 05:26:00Z.135,14075,356,192
2026-09-30 05:26:01Z.210,14100,351,256
2026-09-30 05:26:02Z.355,14100,349,832
2026-09-30 05:26:03Z.620,14125,347,256
2026-09-30 05:26:04Z.710,14125,346,128
2026-09-30 05:26:05Z.750,14150,344,-128
2026-09-30 05:26:06Z.855,14150,343,64
2026-09-30 05:26:07Z.915,14150,342,128
2026-09-30 05:26:09Z.010,14150,340,384
2026-09-30 05:26:10Z.180,14150,339,64
2026-09-30 05:26:11Z.225,14150,338,-128
2026-09-30 05:26:12Z.255,14150,338,-640
2026-09-30 05:26:13Z.315,14150,335,-256
2026-09-30 05:26:14Z.395,14150,334,-128
2026-09-30 05:26:15Z.465,14150,333,-256
2026-09-30 05:26:16Z.476,14150,332,128
2026-09-30 05:26:17Z.511,14150,332,-384
2026-09-30 05:26:18Z.736,14150,331,-320
2026-09-30 05:26:19Z.739,14150,330,-256
2026-09-30 05:26:20Z.908,14150,330,-256
2026-09-30 05:26:22Z.036,14125,328,-384
2026-09-30 05:26:23Z.063,14125,327,-768
2026-09-30 05:26:24Z.515,14125,326,-512
2026-09-30 05:26:25Z.610,14125,325,-128
2026-09-30 05:26:26Z.930,14100,324,-448
2026-09-30 05:26:27Z.936,14100,324,-704
2026-09-30 05:26:28Z.994,14100,323,-512
2026-09-30 05:26:30Z.115,14075,321,-960
2026-09-30 05:26:31Z.250,14075,322,-832
2026-09-30 05:26:32Z.255,14050,319,-512
2026-09-30 05:26:33Z.255,14050,319,-512
2026-09-30 05:26:34Z.361,14050,318,-768
2026-09-30 05:26:35Z.446,14025,318,-512
2026-09-30 05:26:36Z.495,14000,317,-768
2026-09-30 05:26:37Z.615,14000,317,-768
2026-09-30 05:26:38Z.855,13975,315,-640
2026-09-30 05:26:40Z.136,13975,315,-1152
2026-09-30 05:26:41Z.140,13950,314,-768
2026-09-30 05:26:42Z.275,13950,314,-1088
2026-09-30 05:26:43Z.391,13925,313,-640
2026-09-30 05:26:44Z.455,13900,312,-1344
2026-09-30 05:26:45Z.515,13900,312,-704
2026-09-30 05:26:46Z.789,13875,311,-1536
2026-09-30 05:26:47Z.810,13875,311,-1024
2026-09-30 05:26:48Z.860,13850,311,-704
2026-09-30 05:26:49Z.961,13825,310,-832
2026-09-30 05:26:51Z.115,13825,311,-704
2026-09-30 05:26:52Z.120,13800,310,-1088
2026-09-30 05:26:53Z.136,13775,310,-832
2026-09-30 05:26:54Z.180,13775,311,-576
2026-09-30 05:26:55Z.461,13750,311,-960
2026-09-30 05:26:56Z.621,13750,311,-320
2026-09-30 05:26:57Z.970,13725,311,-576
2026-09-30 05:26:58Z.993,13725,312,-320
2026-09-30 05:27:00Z.500,13700,312,-512
2026-09-30 05:27:01Z.520,13700,312,-640
2026-09-30 05:27:02Z.655,13700,312,-768
2026-09-30 05:27:03Z.880,13675,312,128
2026-09-30 05:27:04Z.973,13675,311,384
2026-09-30 05:27:05Z.990,13675,311,-448
2026-09-30 05:27:07Z.240,13675,311,0
2026-09-30 05:27:08Z.415,13675,311,320
2026-09-30 05:27:09Z.616,13700,309,640
2026-09-30 05:27:10Z.796,13725,310,256
2026-09-30 05:27:11Z.840,13725,308,640
2026-09-30 05:27:12Z.840,13750,308,1536
2026-09-30 05:27:13Z.910,13775,307,896
2026-09-30 05:27:15Z.036,13775,307,960
2026-09-30 05:27:16Z.046,13800,306,1280
2026-09-30 05:27:17Z.080,13825,305,1152
2026-09-30 05:27:18Z.090,13850,304,2368
2026-09-30 05:27:19Z.110,13875,304,960
2026-09-30 05:27:20Z.201,13925,303,1856
2026-09-30 05:27:21Z.280,13950,301,1536
2026-09-30 05:27:22Z.501,13975,301,1280
2026-09-30 05:27:23Z.740,14025,300,1344
2026-09-30 05:27:24Z.951,14050,299,1728
2026-09-30 05:27:25Z.966,14050,298,1792
2026-09-30 05:27:27Z.191,14100,297,1152
2026-09-30 05:27:28Z.206,14125,295,1536
2026-09-30 05:27:29Z.241,14150,295,1024
2026-09-30 05:27:30Z.426,14175,295,1728
2026-09-30 05:27:31Z.591,14200,294,896
2026-09-30 05:27:32Z.611,14200,293,768
2026-09-30 05:27:33Z.706,14225,292,320
2026-09-30 05:27:34Z.816,14250,292,256
2026-09-30 05:27:35Z.826,14250,292,896
2026-09-30 05:27:37Z.016,14250,292,192
2026-09-30 05:27:38Z.029,14250,293,576
2026-09-30 05:27:39Z.176,14275,292,576
2026-09-30 05:27:40Z.261,14275,293,-128
2026-09-30 05:27:41Z.326,14250,293,-192
2026-09-30 05:27:42Z.330,14250,294,576
2026-09-30 05:27:43Z.361,14250,294,256
2026-09-30 05:27:44Z.581,14250,294,-576
2026-09-30 05:27:45Z.656,14250,296,-256
2026-09-30 05:27:46Z.826,14250,297,-320
2026-09-30 05:27:47Z.851,14225,297,-384
2026-09-30 05:27:48Z.891,14225,298,-576
2026-09-30 05:27:49Z.921,14200,298,-512
2026-09-30 05:27:51Z.191,14200,299,-384
2026-09-30 05:27:52Z.456,14175,301,-704
2026-09-30 05:27:53Z.757,14150,302,-896
2026-09-30 05:27:54Z.831,14125,303,-128
2026-09-30 05:27:55Z.851,14125,304,-1280
2026-09-30 05:27:56Z.926,14100,305,-896
2026-09-30 05:27:58Z.151,14075,306,-640
2026-09-30 05:27:59Z.182,14075,308,-512
2026-09-30 05:28:00Z.461,14050,309,-640
2026-09-30 05:28:01Z.576,14025,310,-960
2026-09-30 05:28:02Z.626,14025,312,-640
2026-09-30 05:28:03Z.656,14000,312,-768
2026-09-30 05:28:04Z.756,14000,314,-320
2026-09-30 05:28:06Z.026,14000,314,-384
2026-09-30 05:28:07Z.149,14000,315,-192
2026-09-30 05:28:08Z.151,13975,315,-192
2026-09-30 05:28:09Z.396,13975,316,-256
2026-09-30 05:28:10Z.441,13975,316,64
2026-09-30 05:28:11Z.506,13975,317,-256
2026-09-30 05:28:12Z.901,13975,318,-64
2026-09-30 05:28:13Z.975,13975,318,128
2026-09-30 05:28:15Z.108,13975,317,192
2026-09-30 05:28:16Z.161,13975,318,192
2026-09-30 05:28:17Z.318,14000,318,0
2026-09-30 05:28:18Z.721,14000,318,640
2026-09-30 05:28:19Z.781,14000,317,512
2026-09-30 05:28:20Z.826,14025,317,256
2026-09-30 05:28:21Z.856,14050,317,1152
2026-09-30 05:28:22Z.951,14050,317,768
2026-09-30 05:28:24Z.311,14075,316,704
2026-09-30 05:28:25Z.371,14100,315,896
2026-09-30 05:28:26Z.406,14100,315,1024
2026-09-30 05:28:27Z.471,14125,314,768
2026-09-30 05:28:28Z.781,14150,314,706
2026-09-30 05:28:28Z.781,14150,314,704
2026-09-30 05:28:29Z.891,14150,314,1088
2026-09-30 05:28:31Z.034,14175,314,1024
2026-09-30 05:28:32Z.047,14175,313,448
2026-09-30 05:28:33Z.081,14200,313,960
2026-09-30 05:28:34Z.177,14225,313,896
2026-09-30 05:28:35Z.346,14225,313,832
2026-09-30 05:28:36Z.541,14250,313,832
2026-09-30 05:28:37Z.576,14275,313,896
2026-09-30 05:28:38Z.616,14275,312,896
2026-09-30 05:28:39Z.697,14300,312,960
2026-09-30 05:28:40Z.881,14325,312,960
2026-09-30 05:28:41Z.921,14350,312,768
2026-09-30 05:28:42Z.978,14350,312,704
2026-09-30 05:28:43Z.984,14375,311,768
2026-09-30 05:28:45Z.601,14375,311,704
2026-09-30 05:28:46Z.646,14375,311,448
2026-09-30 05:28:47Z.737,14400,310,512
2026-09-30 05:28:48Z.826,14400,310,320
2026-09-30 05:28:49Z.906,14400,310,192
2026-09-30 05:28:50Z.929,14400,310,192
2026-09-30 05:28:52Z.087,14425,310,128
2026-09-30 05:28:53Z.141,14425,310,-64
2026-09-30 05:28:54Z.387,14425,310,448
2026-09-30 05:28:55Z.401,14450,310,576
2026-09-30 05:28:56Z.526,14450,310,256
2026-09-30 05:28:57Z.713,14450,310,512
2026-09-30 05:28:58Z.801,14475,309,384
2026-09-30 05:29:00Z.056,14475,309,192
2026-09-30 05:29:01Z.091,14475,309,320
2026-09-30 05:29:02Z.146,14475,309,448
2026-09-30 05:29:03Z.201,14500,309,128
2026-09-30 05:29:04Z.466,14500,309,256
2026-09-30 05:29:05Z.566,14500,309,128
2026-09-30 05:29:06Z.801,14500,309,128
2026-09-30 05:29:07Z.831,14500,309,64
2026-09-30 05:29:08Z.887,14500,309,128
2026-09-30 05:29:10Z.037,14500,309,64
2026-09-30 05:29:11Z.072,14500,310,128
2026-09-30 05:29:12Z.091,14500,309,0
2026-09-30 05:29:13Z.246,14500,310,192
2026-09-30 05:29:14Z.481,14500,310,-192
2026-09-30 05:29:15Z.521,14500,310,-128
2026-09-30 05:29:16Z.531,14500,311,-128
2026-09-30 05:29:17Z.533,14500,311,0
2026-09-30 05:29:18Z.572,14500,311,64
2026-09-30 05:29:19Z.682,14500,311,128
2026-09-30 05:29:20Z.791,14500,312,128
2026-09-30 05:29:21Z.976,14500,312,-384
2026-09-30 05:29:22Z.980,14500,312,64
2026-09-30 05:29:24Z.092,14500,313,0
2026-09-30 05:29:25Z.138,14500,313,0
2026-09-30 05:29:26Z.232,14500,313,-64
2026-09-30 05:29:27Z.235,14500,312,-64
2026-09-30 05:29:28Z.356,14500,313,-64
2026-09-30 05:29:29Z.391,14500,313,192
2026-09-30 05:29:30Z.421,14500,314,192
2026-09-30 05:29:31Z.562,14500,313,256
2026-09-30 05:29:32Z.641,14500,313,256
2026-09-30 05:29:33Z.707,14500,313,64
2026-09-30 05:29:34Z.723,14500,314,384
2026-09-30 05:29:35Z.927,14525,313,192
2026-09-30 05:29:37Z.067,14525,313,448
2026-09-30 05:29:38Z.112,14525,313,256
2026-09-30 05:29:39Z.127,14525,313,192
2026-09-30 05:29:40Z.317,14550,313,256
2026-09-30 05:29:41Z.334,14550,313,256
2026-09-30 05:29:42Z.460,14550,313,320
2026-09-30 05:29:43Z.462,14550,313,192
2026-09-30 05:29:44Z.507,14550,313,256
2026-09-30 05:29:45Z.647,14550,313,384
2026-09-30 05:29:46Z.682,14575,314,384
2026-09-30 05:29:47Z.852,14575,313,192
2026-09-30 05:29:49Z.252,14575,313,512
2026-09-30 05:29:50Z.292,14600,313,768
2026-09-30 05:29:51Z.627,14600,312,512
2026-09-30 05:29:52Z.747,14625,311,512
2026-09-30 05:29:53Z.857,14625,311,512
2026-09-30 05:29:54Z.917,14625,312,384
2026-09-30 05:29:55Z.917,14650,310,768
2026-09-30 05:29:56Z.957,14650,310,576
2026-09-30 05:29:58Z.242,14675,310,768
2026-09-30 05:29:59Z.302,14675,309,896
2026-09-30 05:30:00Z.312,14700,308,832
2026-09-30 05:30:01Z.607,14700,308,576
2026-09-30 05:30:02Z.837,14750,308,704
2026-09-30 05:30:04Z.012,14750,308,768
2026-09-30 05:30:05Z.037,14750,307,768
2026-09-30 05:30:06Z.095,14775,307,640
2026-09-30 05:30:07Z.137,14775,307,448
2026-09-30 05:30:08Z.162,14800,306,640
2026-09-30 05:30:09Z.192,14800,306,512
2026-09-30 05:30:10Z.212,14825,306,448
2026-09-30 05:30:11Z.412,14825,306,256
2026-09-30 05:30:12Z.627,14825,306,512
2026-09-30 05:30:13Z.662,14825,305,704
2026-09-30 05:30:14Z.708,14850,305,512
2026-09-30 05:30:15Z.932,14850,305,384
2026-09-30 05:30:16Z.938,14850,305,320
2026-09-30 05:30:18Z.037,14850,304,320
2026-09-30 05:30:19Z.102,14875,305,384
2026-09-30 05:30:20Z.127,14875,305,384
2026-09-30 05:30:21Z.277,14875,304,576
2026-09-30 05:30:22Z.287,14900,304,576
2026-09-30 05:30:23Z.497,14900,304,320
2026-09-30 05:30:24Z.592,14925,303,512
2026-09-30 05:30:25Z.878,14925,304,640
2026-09-30 05:30:27Z.032,14950,303,576
2026-09-30 05:30:28Z.042,14950,303,192
2026-09-30 05:30:29Z.063,14950,302,384
2026-09-30 05:30:30Z.167,14975,302,384
2026-09-30 05:30:31Z.402,14975,302,320
2026-09-30 05:30:32Z.467,14975,303,320
2026-09-30 05:30:33Z.642,14975,302,256
2026-09-30 05:30:34Z.687,14975,304,64
2026-09-30 05:30:35Z.863,14975,303,192
2026-09-30 05:30:36Z.867,14975,303,-64
2026-09-30 05:30:37Z.927,14975,303,448
2026-09-30 05:30:38Z.987,14975,303,320
2026-09-30 05:30:39Z.987,14975,303,-64
2026-09-30 05:30:40Z.995,14975,304,128
2026-09-30 05:30:42Z.032,15000,304,320
2026-09-30 05:30:43Z.053,15000,304,256
2026-09-30 05:30:44Z.088,15000,303,192
2026-09-30 05:30:45Z.267,15000,303,192
2026-09-30 05:30:46Z.307,15000,304,256
2026-09-30 05:30:47Z.402,15000,304,256
2026-09-30 05:30:48Z.427,15025,304,128
2026-09-30 05:30:49Z.442,15025,304,128
2026-09-30 05:30:50Z.447,15025,304,192
2026-09-30 05:30:51Z.522,15025,304,128
2026-09-30 05:30:52Z.588,15025,304,0
2026-09-30 05:30:53Z.642,15025,305,0
2026-09-30 05:30:54Z.647,15025,304,0
2026-09-30 05:30:55Z.682,15025,304,448
2026-09-30 05:30:56Z.701,15025,305,-64
2026-09-30 05:30:57Z.792,15025,305,0
2026-09-30 05:30:58Z.960,15025,305,128
2026-09-30 05:31:00Z.088,15025,305,64
2026-09-30 05:31:01Z.152,15025,305,64
2026-09-30 05:31:02Z.220,15025,306,192
2026-09-30 05:31:03Z.267,15025,305,192
2026-09-30 05:31:04Z.288,15025,305,64
2026-09-30 05:31:05Z.312,15025,306,64
2026-09-30 05:31:06Z.327,15025,306,0
2026-09-30 05:31:07Z.427,15025,306,64
2026-09-30 05:31:08Z.447,15050,306,64
2026-09-30 05:31:09Z.477,15050,306,64
2026-09-30 05:31:10Z.482,15050,308,64
2026-09-30 05:31:11Z.682,15025,307,0
2026-09-30 05:31:12Z.912,15025,307,128
2026-09-30 05:31:13Z.927,15025,307,-64
2026-09-30 05:31:14Z.962,15025,307,-64
2026-09-30 05:31:15Z.972,15050,307,0
2026-09-30 05:31:16Z.973,15025,308,0
2026-09-30 05:31:17Z.997,15025,308,0
2026-09-30 05:31:19Z.022,15025,308,-64
2026-09-30 05:31:20Z.032,15025,309,-64
2026-09-30 05:31:21Z.061,15025,310,-64
2026-09-30 05:31:22Z.102,15025,309,-64
2026-09-30 05:31:23Z.117,15025,309,192
2026-09-30 05:31:24Z.122,15025,309,128
2026-09-30 05:31:25Z.148,15025,309,-192
2026-09-30 05:31:26Z.152,15025,309,-64
2026-09-30 05:31:27Z.247,15025,309,-64
2026-09-30 05:31:28Z.298,15025,310,64
2026-09-30 05:31:29Z.312,15025,310,0
2026-09-30 05:31:30Z.342,15025,310,64
2026-09-30 05:31:31Z.353,15025,311,64
2026-09-30 05:31:32Z.372,15025,311,64
2026-09-30 05:31:33Z.677,15025,311,64
2026-09-30 05:31:34Z.697,15025,311,192
2026-09-30 05:31:35Z.788,15025,311,128
2026-09-30 05:31:36Z.827,15025,311,128
2026-09-30 05:31:37Z.901,15050,311,192
2026-09-30 05:31:38Z.927,15050,310,128
2026-09-30 05:31:40Z.098,15050,310,256
2026-09-30 05:31:41Z.227,15050,310,0
2026-09-30 05:31:42Z.242,15050,312,128
2026-09-30 05:31:43Z.273,15075,311,512
2026-09-30 05:31:44Z.301,15075,311,192
2026-09-30 05:31:45Z.358,15075,311,64
2026-09-30 05:31:46Z.593,15075,310,256
2026-09-30 05:31:47Z.648,15075,311,320
2026-09-30 05:31:48Z.648,15075,310,320
2026-09-30 05:31:49Z.718,15100,311,320
2026-09-30 05:31:50Z.773,15100,311,448
2026-09-30 05:31:51Z.883,15100,311,384
2026-09-30 05:31:52Z.927,15100,311,448
2026-09-30 05:31:53Z.943,15125,310,512
2026-09-30 05:31:55Z.088,15125,309,576
2026-09-30 05:31:56Z.133,15150,309,640
2026-09-30 05:31:57Z.343,15150,309,640
2026-09-30 05:31:58Z.543,15175,308,640
2026-09-30 05:31:59Z.548,15200,308,704
2026-09-30 05:32:00Z.628,15200,308,768
2026-09-30 05:32:01Z.658,15225,307,576
2026-09-30 05:32:02Z.678,15225,306,384
2026-09-30 05:32:03Z.733,15250,306,1024
2026-09-30 05:32:04Z.899,15250,306,640
2026-09-30 05:32:05Z.963,15250,306,320
2026-09-30 05:32:06Z.983,15275,305,448
2026-09-30 05:32:11Z.383,15275,305,448
2026-09-30 05:32:12Z.408,15300,306,0
2026-09-30 05:32:13Z.448,15300,305,256
2026-09-30 05:32:14Z.488,15300,305,-192
2026-09-30 05:32:15Z.493,15300,305,-192
2026-09-30 05:32:16Z.508,15300,306,-64
2026-09-30 05:32:17Z.553,15300,307,0
2026-09-30 05:32:18Z.793,15275,307,-128
2026-09-30 05:32:19Z.903,15275,307,-320
2026-09-30 05:32:21Z.028,15275,308,-192
2026-09-30 05:32:22Z.163,15275,309,-128
2026-09-30 05:32:23Z.198,15275,309,-128
2026-09-30 05:32:24Z.288,15275,310,-64
2026-09-30 05:32:25Z.543,15275,310,-128
2026-09-30 05:32:26Z.558,15275,310,-64
2026-09-30 05:32:27Z.573,15275,310,64
2026-09-30 05:32:28Z.868,15275,310,0
2026-09-30 05:32:29Z.883,15275,310,64
2026-09-30 05:32:31Z.054,15275,311,192
2026-09-30 05:32:32Z.108,15275,312,64
2026-09-30 05:32:33Z.118,15275,311,64
2026-09-30 05:32:34Z.328,15275,312,192
2026-09-30 05:32:35Z.513,15275,312,192
2026-09-30 05:32:36Z.533,15275,312,64
2026-09-30 05:32:37Z.698,15275,312,192
2026-09-30 05:32:38Z.703,15275,312,192
2026-09-30 05:32:39Z.828,15275,312,64
2026-09-30 05:32:40Z.833,15275,312,128
2026-09-30 05:32:41Z.853,15275,312,192
2026-09-30 05:32:42Z.893,15275,313,64
2026-09-30 05:32:43Z.921,15275,314,64
2026-09-30 05:32:45Z.050,15275,313,64
2026-09-30 05:32:46Z.103,15275,314,192
2026-09-30 05:32:47Z.123,15275,314,128
2026-09-30 05:32:48Z.148,15275,314,-384
2026-09-30 05:32:49Z.183,15275,314,-128
2026-09-30 05:32:50Z.243,15275,315,128
2026-09-30 05:32:51Z.468,15275,315,-256
2026-09-30 05:32:52Z.758,15275,316,-512
2026-09-30 05:32:53Z.783,15250,316,64
2026-09-30 05:32:54Z.914,15250,317,-320
2026-09-30 05:32:55Z.938,15250,318,-448
2026-09-30 05:32:56Z.939,15250,317,0
2026-09-30 05:32:58Z.049,15225,317,-384
2026-09-30 05:32:59Z.283,15225,318,-256
2026-09-30 05:33:00Z.308,15225,318,-128
2026-09-30 05:33:01Z.483,15225,317,0
2026-09-30 05:33:02Z.539,15225,318,64
2026-09-30 05:33:03Z.641,15225,317,0
2026-09-30 05:33:04Z.913,15225,317,128
2026-09-30 05:33:06Z.138,15225,317,-128
2026-09-30 05:33:07Z.173,15250,317,320
2026-09-30 05:33:08Z.589,15250,317,128
2026-09-30 05:33:09Z.603,15250,316,-128
2026-09-30 05:33:10Z.921,15250,316,-64
2026-09-30 05:33:11Z.928,15250,315,128
2026-09-30 05:33:13Z.063,15250,316,192
2026-09-30 05:33:14Z.094,15250,316,-256
2026-09-30 05:33:15Z.178,15250,315,-64
2026-09-30 05:33:16Z.328,15250,316,-64
2026-09-30 05:33:17Z.403,15225,316,64
2026-09-30 05:33:18Z.648,15225,317,-64
2026-09-30 05:33:19Z.763,15225,316,0
2026-09-30 05:33:20Z.833,15225,316,64
2026-09-30 05:33:21Z.954,15225,316,0
2026-09-30 05:33:22Z.976,15225,316,128
2026-09-30 05:33:24Z.308,15250,316,128
2026-09-30 05:33:25Z.398,15250,316,192
2026-09-30 05:33:26Z.539,15250,316,320
2026-09-30 05:33:27Z.573,15250,316,448
2026-09-30 05:33:28Z.828,15250,316,256
2026-09-30 05:33:29Z.863,15275,316,320
2026-09-30 05:33:31Z.248,15275,316,384
2026-09-30 05:33:32Z.258,15275,315,448
2026-09-30 05:33:33Z.265,15300,315,512
2026-09-30 05:33:34Z.418,15300,315,256
2026-09-30 05:33:35Z.508,15325,316,384
2026-09-30 05:33:36Z.589,15325,315,576
2026-09-30 05:33:37Z.633,15325,314,640
2026-09-30 05:33:38Z.919,15350,314,512
2026-09-30 05:33:39Z.963,15350,314,384
2026-09-30 05:33:40Z.985,15375,313,512
2026-09-30 05:33:42Z.149,15375,313,448
2026-09-30 05:33:43Z.169,15375,313,576
2026-09-30 05:33:44Z.189,15400,312,576
2026-09-30 05:33:45Z.258,15400,313,512
2026-09-30 05:33:46Z.324,15425,312,576
2026-09-30 05:33:47Z.373,15425,312,640
2026-09-30 05:33:48Z.569,15450,312,576
2026-09-30 05:33:49Z.643,15450,312,512
2026-09-30 05:33:50Z.648,15450,312,576
2026-09-30 05:33:51Z.679,15475,311,640
2026-09-30 05:33:52Z.769,15475,311,448
2026-09-30 05:33:53Z.919,15500,311,384
2026-09-30 05:33:54Z.979,15500,311,128
2026-09-30 05:33:55Z.996,15500,311,128
2026-09-30 05:33:57Z.039,15500,311,256
2026-09-30 05:33:58Z.054,15500,311,64
2026-09-30 05:33:59Z.089,15500,311,-64
2026-09-30 05:34:00Z.204,15500,312,-128
2026-09-30 05:34:01Z.257,15500,312,-64
2026-09-30 05:34:02Z.289,15500,312,-64
2026-09-30 05:34:03Z.374,15500,312,-192
2026-09-30 05:34:04Z.469,15475,313,-256
2026-09-30 05:34:05Z.489,15475,313,-192
2026-09-30 05:34:06Z.529,15475,313,-128
2026-09-30 05:34:07Z.564,15475,313,-192
2026-09-30 05:34:08Z.583,15475,313,-128
2026-09-30 05:34:09Z.609,15475,314,-256
2026-09-30 05:34:10Z.646,15475,314,-128
2026-09-30 05:34:11Z.764,15450,315,-320
2026-09-30 05:34:12Z.769,15450,315,-256
2026-09-30 05:34:13Z.790,15450,315,-64
2026-09-30 05:34:14Z.849,15450,315,-256
2026-09-30 05:34:15Z.919,15450,315,-64
2026-09-30 05:34:16Z.929,15450,315,-192
2026-09-30 05:34:18Z.049,15425,316,-192
2026-09-30 05:34:19Z.099,15425,316,-320
2026-09-30 05:34:20Z.204,15425,316,-192
2026-09-30 05:34:21Z.244,15425,316,-192
2026-09-30 05:34:22Z.349,15425,316,-192
2026-09-30 05:34:23Z.654,15425,315,-256
2026-09-30 05:34:24Z.716,15425,315,-128
2026-09-30 05:34:25Z.933,15400,316,-192
2026-09-30 05:34:26Z.943,15400,315,-256
2026-09-30 05:34:28Z.014,15400,315,-256
2026-09-30 05:34:29Z.110,15400,316,-320
2026-09-30 05:34:30Z.204,15400,315,0
2026-09-30 05:34:31Z.284,15400,316,-256
2026-09-30 05:34:32Z.309,15400,315,-192
2026-09-30 05:34:33Z.344,15400,316,-128
2026-09-30 05:34:34Z.449,15400,315,0
2026-09-30 05:34:35Z.559,15400,315,0
2026-09-30 05:34:36Z.644,15400,314,-128
2026-09-30 05:34:37Z.739,15400,314,64
2026-09-30 05:34:38Z.829,15400,314,192
2026-09-30 05:34:39Z.989,15400,314,-192
2026-09-30 05:34:40Z.999,15400,313,64
2026-09-30 05:34:42Z.289,15400,313,64
2026-09-30 05:34:43Z.364,15400,313,-64
2026-09-30 05:34:44Z.389,15400,313,-64
2026-09-30 05:34:45Z.524,15400,314,-128
2026-09-30 05:34:46Z.589,15400,313,-128
2026-09-30 05:34:47Z.754,15400,313,64
2026-09-30 05:34:48Z.907,15400,312,64
2026-09-30 05:34:49Z.909,15400,312,-64
2026-09-30 05:34:51Z.324,15400,312,-192
2026-09-30 05:34:52Z.389,15400,312,-64
2026-09-30 05:34:53Z.404,15400,312,-128
2026-09-30 05:34:54Z.434,15400,312,-64
2026-09-30 05:34:55Z.519,15400,311,-64
2026-09-30 05:34:56Z.519,15400,311,-256
2026-09-30 05:34:57Z.564,15375,311,-64
2026-09-30 05:34:58Z.569,15375,311,-192
2026-09-30 05:34:59Z.604,15375,311,-64
2026-09-30 05:35:00Z.650,15375,311,-64
2026-09-30 05:35:01Z.684,15375,310,-320
2026-09-30 05:35:02Z.729,15375,310,-128
2026-09-30 05:35:03Z.734,15375,310,-64
2026-09-30 05:35:04Z.764,15375,310,-256
2026-09-30 05:35:05Z.959,15350,310,-320
2026-09-30 05:35:07Z.074,15350,312,-448
2026-09-30 05:35:08Z.094,15350,310,-256
2026-09-30 05:35:09Z.112,15325,311,-384
2026-09-30 05:35:10Z.134,15325,311,-448
2026-09-30 05:35:11Z.179,15325,311,-448
2026-09-30 05:35:12Z.240,15300,311,-512
2026-09-30 05:35:13Z.354,15300,311,-512
2026-09-30 05:35:14Z.545,15300,311,-512
2026-09-30 05:35:15Z.604,15300,312,-512
2026-09-30 05:35:16Z.694,15275,312,-512
2026-09-30 05:35:17Z.969,15275,312,-512
2026-09-30 05:35:19Z.014,15275,312,-384
2026-09-30 05:35:20Z.049,15250,312,-448
2026-09-30 05:35:21Z.173,15250,312,-512
2026-09-30 05:35:22Z.309,15225,312,-512
2026-09-30 05:35:23Z.390,15225,312,-512
2026-09-30 05:35:24Z.414,15225,313,-512
2026-09-30 05:35:25Z.444,15200,313,-320
2026-09-30 05:35:26Z.449,15200,313,-384
2026-09-30 05:35:27Z.770,15200,313,-448
2026-09-30 05:35:28Z.790,15175,314,-320
2026-09-30 05:35:29Z.849,15175,313,-640
2026-09-30 05:35:30Z.934,15175,313,-128
2026-09-30 05:35:31Z.945,15175,313,-384
2026-09-30 05:35:32Z.997,15150,313,-384
2026-09-30 05:35:34Z.249,15150,313,-384
2026-09-30 05:35:35Z.314,15150,313,-320
2026-09-30 05:35:36Z.394,15150,313,-256
2026-09-30 05:35:37Z.544,15150,313,-192
2026-09-30 05:35:38Z.554,15150,313,-192
2026-09-30 05:35:39Z.590,15125,313,-256
2026-09-30 05:35:40Z.599,15125,313,-320
2026-09-30 05:35:41Z.810,15125,313,-448
2026-09-30 05:35:42Z.894,15125,313,-320
2026-09-30 05:35:43Z.895,15125,313,-320
2026-09-30 05:35:44Z.924,15100,313,-320
2026-09-30 05:35:45Z.964,15100,313,-320
2026-09-30 05:35:46Z.995,15100,313,-512
2026-09-30 05:35:48Z.044,15100,313,-192
2026-09-30 05:35:49Z.270,15075,313,-576
2026-09-30 05:35:50Z.270,15075,314,-384
2026-09-30 05:35:51Z.515,15050,313,-512
2026-09-30 05:35:52Z.574,15050,313,-448
2026-09-30 05:35:53Z.620,15050,313,-384
2026-09-30 05:35:54Z.655,15025,314,-448
2026-09-30 05:35:55Z.705,15025,313,-576
2026-09-30 05:35:56Z.710,15025,314,-448
2026-09-30 05:35:57Z.724,15000,314,-448
2026-09-30 05:35:58Z.765,15000,314,-256
2026-09-30 05:35:59Z.930,15000,314,-576
2026-09-30 05:36:01Z.140,15000,314,-384
2026-09-30 05:36:02Z.148,14975,314,-128
2026-09-30 05:36:03Z.294,14975,314,-384
2026-09-30 05:36:04Z.300,14975,314,-320
2026-09-30 05:36:05Z.350,14975,314,-192
2026-09-30 05:36:06Z.530,14975,314,-192
2026-09-30 05:36:07Z.590,14975,314,-256
2026-09-30 05:36:08Z.659,14975,314,-192
2026-09-30 05:36:09Z.695,14950,314,-192
2026-09-30 05:36:10Z.715,14950,314,-128
2026-09-30 05:36:11Z.715,14950,314,-128
2026-09-30 05:36:12Z.760,14950,313,-128
2026-09-30 05:36:13Z.815,14950,313,-64
2026-09-30 05:36:14Z.820,14950,313,-128
2026-09-30 05:36:15Z.935,14950,313,-64
2026-09-30 05:36:16Z.944,14950,314,-192
2026-09-30 05:36:17Z.945,14950,313,-64
2026-09-30 05:36:19Z.085,14950,313,-64
2026-09-30 05:36:20Z.220,14925,312,-128
2026-09-30 05:36:21Z.250,14925,312,0
2026-09-30 05:36:22Z.380,14925,312,-64
2026-09-30 05:36:23Z.695,14925,312,-64
2026-09-30 05:36:25Z.005,14925,312,384
2026-09-30 05:36:26Z.022,14925,312,-64
2026-09-30 05:36:27Z.030,14950,311,64
2026-09-30 05:36:28Z.150,14950,311,192
2026-09-30 05:36:29Z.245,14950,311,192
2026-09-30 05:36:30Z.370,14950,310,256
2026-09-30 05:36:31Z.610,14950,310,256
2026-09-30 05:36:32Z.670,14975,310,320
2026-09-30 05:36:33Z.765,14975,308,384
2026-09-30 05:36:34Z.885,14975,308,256
2026-09-30 05:36:36Z.010,15000,308,320
2026-09-30 05:36:37Z.015,15000,307,384
2026-09-30 05:36:38Z.020,15000,306,256
2026-09-30 05:36:39Z.030,15025,306,256
2026-09-30 05:36:40Z.290,15025,306,320
2026-09-30 05:36:41Z.520,15025,306,256
2026-09-30 05:36:42Z.545,15025,306,192
2026-09-30 05:36:43Z.720,15025,305,128
2026-09-30 05:36:44Z.925,15025,305,320
2026-09-30 05:36:45Z.950,15050,305,64
2026-09-30 05:36:46Z.981,15050,305,0
2026-09-30 05:36:48Z.241,15050,305,192
2026-09-30 05:36:49Z.241,15050,304,64
2026-09-30 05:36:50Z.270,15050,303,512
2026-09-30 05:36:51Z.335,15050,303,-128
2026-09-30 05:36:52Z.337,15050,304,128
2026-09-30 05:36:53Z.670,15050,302,320
2026-09-30 05:36:54Z.785,15075,302,128
2026-09-30 05:36:55Z.805,15075,302,192
2026-09-30 05:36:56Z.900,15075,302,256
2026-09-30 05:36:57Z.905,15075,301,256
2026-09-30 05:36:58Z.918,15075,301,128
2026-09-30 05:37:00Z.185,15100,301,192
2026-09-30 05:37:01Z.195,15100,301,64
2026-09-30 05:37:02Z.450,15100,301,64
2026-09-30 05:37:03Z.495,15100,300,-64
2026-09-30 05:37:04Z.545,15100,300,-64
2026-09-30 05:37:05Z.611,15100,299,-64
2026-09-30 05:37:06Z.665,15100,300,-64
2026-09-30 05:37:07Z.890,15075,300,64
2026-09-30 05:37:08Z.951,15075,300,-128
2026-09-30 05:37:10Z.126,15075,300,-64
2026-09-30 05:37:11Z.236,15075,300,-64
2026-09-30 05:37:12Z.240,15075,300,64
2026-09-30 05:37:13Z.555,15075,300,64
2026-09-30 05:37:14Z.655,15075,300,-64
2026-09-30 05:37:16Z.070,15075,298,-64
2026-09-30 05:37:17Z.135,15100,298,0
2026-09-30 05:37:18Z.150,15100,298,192
2026-09-30 05:37:19Z.155,15100,298,128
2026-09-30 05:37:20Z.187,15100,298,128
2026-09-30 05:37:21Z.275,15100,297,128
2026-09-30 05:37:22Z.275,15100,297,64
2026-09-30 05:37:23Z.560,15100,297,64
2026-09-30 05:37:24Z.605,15100,297,-192
2026-09-30 05:37:25Z.631,15100,298,-192
2026-09-30 05:37:26Z.726,15100,297,-256
2026-09-30 05:37:27Z.785,15075,297,-256
2026-09-30 05:37:28Z.835,15075,297,-448
2026-09-30 05:37:29Z.915,15075,297,-576
2026-09-30 05:37:30Z.975,15050,297,-704
2026-09-30 05:37:31Z.985,15050,298,-704
2026-09-30 05:37:33Z.031,15025,298,-768
2026-09-30 05:37:34Z.091,15025,298,-768
2026-09-30 05:37:35Z.300,15000,299,-832
2026-09-30 05:37:36Z.385,14975,299,-768
2026-09-30 05:37:37Z.441,14975,300,-832
2026-09-30 05:37:38Z.480,14950,300,-896
2026-09-30 05:37:39Z.510,14925,300,-960
2026-09-30 05:37:40Z.515,14900,301,-960
2026-09-30 05:37:41Z.610,14900,302,-960
2026-09-30 05:37:42Z.660,14875,302,-960
2026-09-30 05:37:43Z.795,14850,302,-1024
2026-09-30 05:37:44Z.880,14850,302,-960
2026-09-30 05:37:45Z.995,14825,304,-960
2026-09-30 05:37:47Z.013,14800,304,-960
2026-09-30 05:37:48Z.035,14775,304,-576
2026-09-30 05:37:49Z.055,14775,305,-192
2026-09-30 05:37:50Z.211,14775,305,-704
2026-09-30 05:37:51Z.410,14750,304,-512
2026-09-30 05:37:52Z.525,14750,304,-256
2026-09-30 05:37:53Z.560,14750,303,-64
2026-09-30 05:37:54Z.645,14750,303,64
2026-09-30 05:37:55Z.675,14750,302,-192
2026-09-30 05:37:56Z.795,14750,301,-256
2026-09-30 05:37:57Z.810,14750,301,0
2026-09-30 05:37:58Z.894,14750,300,-64
2026-09-30 05:37:59Z.910,14750,300,-128
2026-09-30 05:38:00Z.915,14750,300,-64
2026-09-30 05:38:01Z.929,14750,300,-64
2026-09-30 05:38:02Z.941,14750,299,-64
2026-09-30 05:38:03Z.950,14750,300,128
2026-09-30 05:38:04Z.971,14750,298,128
2026-09-30 05:38:06Z.175,14750,299,128
2026-09-30 05:38:07Z.251,14775,298,256
2026-09-30 05:38:08Z.421,14775,297,256
2026-09-30 05:38:09Z.550,14775,296,384
2026-09-30 05:38:10Z.564,14800,295,704
2026-09-30 05:38:11Z.765,14800,295,512
2026-09-30 05:38:12Z.796,14825,294,704
2026-09-30 05:38:13Z.875,14825,294,832
2026-09-30 05:38:15Z.101,14850,293,704
2026-09-30 05:38:16Z.116,14875,292,768
2026-09-30 05:38:17Z.436,14900,292,704
2026-09-30 05:38:18Z.466,14900,291,576
2026-09-30 05:38:19Z.496,14900,289,448
2026-09-30 05:38:20Z.546,14925,288,320
2026-09-30 05:38:21Z.673,14925,288,192
2026-09-30 05:38:22Z.766,14925,288,64
2026-09-30 05:38:23Z.846,14925,288,-64
2026-09-30 05:38:24Z.954,14900,288,-256
2026-09-30 05:38:25Z.958,14900,287,-384
2026-09-30 05:38:27Z.056,14900,288,-448
2026-09-30 05:38:28Z.096,14875,288,-320
2026-09-30 05:38:29Z.096,14875,288,-512
2026-09-30 05:38:30Z.471,14850,288,-576
2026-09-30 05:38:31Z.471,14850,288,-576
2026-09-30 05:38:32Z.566,14850,289,-448
2026-09-30 05:38:33Z.696,14850,289,-448
2026-09-30 05:38:34Z.754,14825,288,-128
2026-09-30 05:38:35Z.782,14825,290,-384
2026-09-30 05:38:36Z.856,14825,289,-384
2026-09-30 05:38:37Z.886,14825,289,0
2026-09-30 05:38:38Z.901,14825,289,-256
2026-09-30 05:38:39Z.906,14825,289,-128
2026-09-30 05:38:40Z.921,14825,288,0
2026-09-30 05:38:42Z.076,14825,288,512
2026-09-30 05:38:43Z.161,14825,288,384
2026-09-30 05:38:44Z.251,14825,287,64
2026-09-30 05:38:45Z.396,14825,287,256
2026-09-30 05:38:46Z.786,14850,285,320
2026-09-30 05:38:47Z.826,14850,285,320
2026-09-30 05:38:48Z.866,14875,286,256
2026-09-30 05:38:49Z.903,14875,285,256
2026-09-30 05:38:50Z.916,14875,284,192
2026-09-30 05:38:52Z.271,14875,284,192
2026-09-30 05:38:53Z.286,14875,283,0
2026-09-30 05:38:54Z.351,14875,283,64
2026-09-30 05:38:55Z.542,14900,282,-64
2026-09-30 05:38:56Z.646,14900,282,192
2026-09-30 05:38:57Z.752,14900,281,-64
2026-09-30 05:38:58Z.771,14900,281,-128
2026-09-30 05:38:59Z.861,14900,282,-64
2026-09-30 05:39:01Z.021,14900,280,64
2026-09-30 05:39:02Z.030,14900,280,256
2026-09-30 05:39:03Z.261,14900,280,-320
2026-09-30 05:39:04Z.266,14900,280,-256
2026-09-30 05:39:05Z.746,14900,279,128
2026-09-30 05:39:06Z.751,14900,279,-64
2026-09-30 05:39:07Z.756,14875,279,-128
2026-09-30 05:39:08Z.806,14875,278,-64
2026-09-30 05:39:09Z.816,14875,278,-192
2026-09-30 05:39:10Z.916,14875,278,-128
2026-09-30 05:39:11Z.976,14875,279,-192
2026-09-30 05:39:13Z.086,14875,278,-448
2026-09-30 05:39:14Z.086,14875,278,-384
2026-09-30 05:39:15Z.097,14875,278,-256
2026-09-30 05:39:16Z.156,14850,278,-320
2026-09-30 05:39:17Z.206,14850,278,-448
2026-09-30 05:39:18Z.256,14850,278,-512
2026-09-30 05:39:19Z.281,14825,278,-192
2026-09-30 05:39:20Z.356,14825,278,0
2026-09-30 05:39:21Z.392,14825,278,-320
2026-09-30 05:39:22Z.392,14825,278,-320
2026-09-30 05:39:23Z.536,14825,278,-128
2026-09-30 05:39:24Z.616,14825,278,-192
2026-09-30 05:39:25Z.666,14825,277,-320
2026-09-30 05:39:26Z.937,14825,277,-192
2026-09-30 05:39:27Z.956,14825,277,-128
2026-09-30 05:39:28Z.956,14825,277,256
2026-09-30 05:39:30Z.116,14800,277,-128
2026-09-30 05:39:31Z.121,14800,277,-384
2026-09-30 05:39:32Z.296,14800,277,-320
2026-09-30 05:39:33Z.336,14800,277,256
2026-09-30 05:39:34Z.411,14800,276,-192
2026-09-30 05:39:35Z.452,14800,276,-128
2026-09-30 05:39:36Z.592,14800,276,0
2026-09-30 05:39:37Z.661,14800,276,0
2026-09-30 05:39:38Z.816,14800,275,-256
2026-09-30 05:39:39Z.981,14800,275,-128
2026-09-30 05:39:41Z.009,14800,276,320
2026-09-30 05:39:42Z.310,14800,276,-64
2026-09-30 05:39:43Z.371,14800,275,-192
2026-09-30 05:39:44Z.631,14800,276,128
2026-09-30 05:39:45Z.647,14800,275,64
2026-09-30 05:39:46Z.731,14800,275,128
2026-09-30 05:39:47Z.842,14800,276,0
2026-09-30 05:39:48Z.846,14800,275,-64
2026-09-30 05:39:49Z.892,14800,275,-64
2026-09-30 05:39:51Z.012,14800,275,-64
2026-09-30 05:39:52Z.161,14800,275,192
2026-09-30 05:39:53Z.256,14800,275,192
2026-09-30 05:39:54Z.311,14800,275,64
2026-09-30 05:39:55Z.366,14825,274,128
2026-09-30 05:39:56Z.369,14825,274,128
2026-09-30 05:39:57Z.606,14825,274,128
2026-09-30 05:39:58Z.666,14825,274,256
2026-09-30 05:39:59Z.812,14825,273,192
2026-09-30 05:40:00Z.819,14825,273,128
2026-09-30 05:40:01Z.942,14850,273,320
2026-09-30 05:40:03Z.132,14850,273,320
2026-09-30 05:40:04Z.144,14850,273,192
2026-09-30 05:40:05Z.181,14850,273,256
2026-09-30 05:40:06Z.299,14850,273,320
2026-09-30 05:40:07Z.304,14850,272,256
2026-09-30 05:40:08Z.516,14875,272,192
2026-09-30 05:40:09Z.542,14875,272,320
2026-09-30 05:40:10Z.636,14875,272,576
2026-09-30 05:40:11Z.642,14875,272,64
2026-09-30 05:40:12Z.656,14900,272,64
2026-09-30 05:40:13Z.908,14900,271,320
2026-09-30 05:40:15Z.027,14900,272,512
2026-09-30 05:40:16Z.046,14900,272,256
2026-09-30 05:40:17Z.136,14925,272,128
2026-09-30 05:40:18Z.177,14925,272,256
2026-09-30 05:40:19Z.197,14925,272,384
2026-09-30 05:40:20Z.257,14925,271,256
2026-09-30 05:40:21Z.307,14925,272,256
2026-09-30 05:40:22Z.337,14925,272,256
2026-09-30 05:40:23Z.482,14950,272,192
2026-09-30 05:40:24Z.517,14950,272,384
2026-09-30 05:40:25Z.632,14950,272,128
2026-09-30 05:40:26Z.797,14950,272,64
2026-09-30 05:40:27Z.872,14950,272,192
2026-09-30 05:40:28Z.889,14950,272,256
2026-09-30 05:40:30Z.147,14975,272,320
2026-09-30 05:40:31Z.185,14975,272,64
2026-09-30 05:40:32Z.212,14975,272,192
2026-09-30 05:40:33Z.572,14975,272,64
2026-09-30 05:40:34Z.597,14975,272,64
2026-09-30 05:40:35Z.632,14975,272,-64
2026-09-30 05:40:36Z.632,14975,272,-128
2026-09-30 05:40:37Z.662,14975,273,-128
2026-09-30 05:40:38Z.682,14975,273,-256
2026-09-30 05:40:39Z.742,14950,273,-64
2026-09-30 05:40:40Z.956,14950,274,0
2026-09-30 05:40:42Z.127,14950,274,-384
2026-09-30 05:40:43Z.367,14950,276,-512
2026-09-30 05:40:44Z.417,14950,275,-128
2026-09-30 05:40:45Z.427,14925,275,-192
2026-09-30 05:40:46Z.438,14925,275,-320
2026-09-30 05:40:47Z.537,14925,276,-320
2026-09-30 05:40:48Z.717,14925,277,-192
2026-09-30 05:40:49Z.727,14925,277,-192
2026-09-30 05:40:50Z.737,14925,278,-256
2026-09-30 05:40:51Z.751,14900,278,-256
2026-09-30 05:40:52Z.757,14900,279,-64
2026-09-30 05:40:53Z.797,14900,278,-128
2026-09-30 05:40:54Z.852,14900,279,-256
2026-09-30 05:40:55Z.869,14900,280,64
2026-09-30 05:40:56Z.947,14900,279,-128
2026-09-30 05:40:58Z.032,14900,280,-256
2026-09-30 05:40:59Z.041,14900,279,-64
2026-09-30 05:41:00Z.057,14900,280,0
2026-09-30 05:41:01Z.387,14900,280,-64
2026-09-30 05:41:02Z.462,14900,280,-192
2026-09-30 05:41:03Z.662,14900,280,-128
2026-09-30 05:41:04Z.872,14875,280,-128
2026-09-30 05:41:05Z.872,14875,280,-128
2026-09-30 05:41:06Z.993,14875,280,-128
2026-09-30 05:41:08Z.023,14875,280,-192
2026-09-30 05:41:09Z.217,14875,281,64
2026-09-30 05:41:10Z.357,14875,281,-192
2026-09-30 05:41:11Z.452,14875,281,64
2026-09-30 05:41:12Z.562,14875,281,0
2026-09-30 05:41:13Z.637,14875,281,-64
2026-09-30 05:41:14Z.712,14875,281,128
2026-09-30 05:41:16Z.011,14875,281,256
2026-09-30 05:41:17Z.037,14875,281,192
2026-09-30 05:41:18Z.197,14900,280,192
2026-09-30 05:41:19Z.257,14900,281,192
2026-09-30 05:41:20Z.362,14900,281,320
2026-09-30 05:41:21Z.597,14900,281,448
2026-09-30 05:41:22Z.603,14925,280,384
2026-09-30 05:41:23Z.643,14925,279,512
2026-09-30 05:41:24Z.658,14925,280,512
2026-09-30 05:41:25Z.678,14950,279,512
2026-09-30 05:41:26Z.743,14950,279,512
2026-09-30 05:41:28Z.107,14975,278,576
2026-09-30 05:41:29Z.207,14975,277,576
2026-09-30 05:41:30Z.632,15000,277,448
2026-09-30 05:41:31Z.643,15000,277,320
2026-09-30 05:41:32Z.712,15025,277,192
2026-09-30 05:41:33Z.777,15025,277,704
2026-09-30 05:41:34Z.846,15025,276,384
2026-09-30 05:41:35Z.863,15025,276,320
2026-09-30 05:41:37Z.047,15050,276,448
2026-09-30 05:41:38Z.048,15050,275,448
2026-09-30 05:41:39Z.297,15050,276,384
2026-09-30 05:41:40Z.402,15075,275,384
2026-09-30 05:41:41Z.477,15075,275,384
2026-09-30 05:41:42Z.477,15075,275,384
2026-09-30 05:41:43Z.522,15075,275,384
2026-09-30 05:41:44Z.687,15100,274,384
2026-09-30 05:41:45Z.697,15100,274,320
2026-09-30 05:41:46Z.697,15100,274,320
2026-09-30 05:41:47Z.727,15125,274,320
2026-09-30 05:41:48Z.727,15125,274,384
2026-09-30 05:41:49Z.797,15125,273,448
2026-09-30 05:41:50Z.837,15150,274,384
2026-09-30 05:41:51Z.907,15150,273,384
2026-09-30 05:41:52Z.931,15150,272,192
2026-09-30 05:41:54Z.007,15150,271,576
2026-09-30 05:41:55Z.017,15150,271,320
2026-09-30 05:41:56Z.021,15175,270,256
2026-09-30 05:41:57Z.277,15175,270,320
2026-09-30 05:41:58Z.287,15175,268,192
2026-09-30 05:41:59Z.327,15175,267,128
2026-09-30 05:42:00Z.503,15175,266,128
2026-09-30 05:42:01Z.737,15175,265,64
2026-09-30 05:42:02Z.882,15175,265,128
2026-09-30 05:42:04Z.217,15175,264,0
2026-09-30 05:42:05Z.317,15175,264,0
2026-09-30 05:42:06Z.377,15175,264,-128
2026-09-30 05:42:07Z.482,15175,263,-128
2026-09-30 05:42:08Z.537,15175,263,-192
2026-09-30 05:42:09Z.737,15175,262,-256
2026-09-30 05:42:10Z.762,15175,262,-320
2026-09-30 05:42:11Z.783,15150,262,-320
2026-09-30 05:42:12Z.843,15150,261,-512
2026-09-30 05:42:13Z.847,15150,262,-448
2026-09-30 05:42:14Z.882,15125,261,-576
2026-09-30 05:42:15Z.927,15125,261,-576
2026-09-30 05:42:16Z.928,15100,262,-576
2026-09-30 05:42:17Z.943,15100,262,-704
2026-09-30 05:42:19Z.046,15100,262,-704
2026-09-30 05:42:20Z.057,15075,262,-768
2026-09-30 05:42:21Z.118,15050,263,-768
2026-09-30 05:42:22Z.146,15025,262,-832
2026-09-30 05:42:23Z.348,15025,263,-832
2026-09-30 05:42:24Z.393,15000,264,-832
2026-09-30 05:42:25Z.447,15000,265,-832
2026-09-30 05:42:26Z.576,14975,266,-768
2026-09-30 05:42:27Z.798,14950,265,-704
2026-09-30 05:42:28Z.918,14950,266,-576
2026-09-30 05:42:30Z.173,14925,266,-512
2026-09-30 05:42:31Z.348,14925,267,-448
2026-09-30 05:42:32Z.403,14925,268,-256
2026-09-30 05:42:33Z.428,14925,268,-128
2026-09-30 05:42:34Z.554,14925,268,64
2026-09-30 05:42:35Z.713,14925,267,128
2026-09-30 05:42:36Z.838,14925,267,384
2026-09-30 05:42:37Z.852,14925,268,384
2026-09-30 05:42:38Z.894,14950,267,512
2026-09-30 05:42:39Z.908,14950,267,704
2026-09-30 05:42:40Z.995,14975,267,704
2026-09-30 05:42:42Z.258,15000,266,832
2026-09-30 05:42:43Z.353,15025,265,960
2026-09-30 05:42:44Z.368,15025,264,1088
2026-09-30 05:42:45Z.773,15050,264,896
2026-09-30 05:42:46Z.818,15075,264,768
2026-09-30 05:42:48Z.244,15100,263,640
2026-09-30 05:42:49Z.338,15125,263,896
2026-09-30 05:42:50Z.408,15125,263,448
2026-09-30 05:42:51Z.733,15125,263,192
2026-09-30 05:42:52Z.955,15150,264,256
2026-09-30 05:42:54Z.018,15150,264,576
2026-09-30 05:42:55Z.073,15150,264,0
2026-09-30 05:42:56Z.076,15150,265,64
2026-09-30 05:42:57Z.093,15150,266,128
2026-09-30 05:42:58Z.138,15150,267,0
2026-09-30 05:42:59Z.168,15150,266,-64
2026-09-30 05:43:00Z.253,15150,267,64
2026-09-30 05:43:01Z.378,15150,268,64
2026-09-30 05:43:02Z.383,15150,268,64
2026-09-30 05:43:03Z.603,15150,269,64
2026-09-30 05:43:04Z.668,15150,269,256
2026-09-30 05:43:05Z.749,15150,269,0
2026-09-30 05:43:06Z.998,15150,270,64
2026-09-30 05:43:08Z.001,15150,271,64
2026-09-30 05:43:09Z.248,15150,272,192
2026-09-30 05:43:10Z.283,15150,273,64
2026-09-30 05:43:11Z.513,15175,273,64
2026-09-30 05:43:12Z.553,15175,274,0
2026-09-30 05:43:13Z.738,15175,275,0
2026-09-30 05:43:14Z.808,15150,276,-128
2026-09-30 05:43:15Z.857,15150,277,-128
2026-09-30 05:43:16Z.858,15150,278,-192
2026-09-30 05:43:17Z.879,15150,278,-256
2026-09-30 05:43:18Z.974,15150,280,-320
2026-09-30 05:43:19Z.979,15150,280,-256
2026-09-30 05:43:20Z.988,15125,282,-448
2026-09-30 05:43:22Z.123,15125,285,-512
2026-09-30 05:43:23Z.494,15100,285,-512
2026-09-30 05:43:24Z.663,15100,286,-576
2026-09-30 05:43:25Z.678,15075,288,-576
2026-09-30 05:43:26Z.686,15075,290,-640
2026-09-30 05:43:27Z.744,15075,290,-704
2026-09-30 05:43:28Z.858,15050,292,-576
2026-09-30 05:43:29Z.938,15025,290,-768
2026-09-30 05:43:29Z.938,15025,292,-192
2026-09-30 05:43:31Z.273,15025,293,-896
2026-09-30 05:43:32Z.358,15000,294,-704
2026-09-30 05:43:33Z.393,15000,295,-192
2026-09-30 05:43:34Z.468,15000,296,-576
2026-09-30 05:43:35Z.724,15000,297,-448
2026-09-30 05:43:36Z.728,15000,298,-192
2026-09-30 05:43:37Z.858,14975,299,-192
2026-09-30 05:43:39Z.008,14975,299,-192
2026-09-30 05:43:40Z.148,14975,301,-320
2026-09-30 05:43:41Z.513,14975,301,-256
2026-09-30 05:43:42Z.538,14975,302,-192
2026-09-30 05:43:43Z.544,14950,303,-256
2026-09-30 05:43:44Z.618,14950,304,-256
2026-09-30 05:43:45Z.708,14950,304,-256
2026-09-30 05:43:46Z.710,14950,306,-192
2026-09-30 05:43:47Z.948,14950,306,-128
2026-09-30 05:43:48Z.958,14950,306,-192
2026-09-30 05:43:49Z.968,14950,306,-256
2026-09-30 05:43:51Z.098,14950,306,64
2026-09-30 05:43:52Z.133,14950,306,192
2026-09-30 05:43:53Z.258,14950,306,256
2026-09-30 05:43:54Z.258,14950,306,384
2026-09-30 05:43:55Z.428,14975,305,512
2026-09-30 05:43:56Z.438,14975,305,576
2026-09-30 05:43:57Z.678,15000,304,704
2026-09-30 05:43:58Z.934,15025,302,320
2026-09-30 05:43:59Z.958,15050,302,512
2026-09-30 05:44:00Z.978,15050,302,576
2026-09-30 05:44:01Z.981,15050,302,512
2026-09-30 05:44:03Z.258,15075,301,640
2026-09-30 05:44:04Z.263,15075,302,640
2026-09-30 05:44:05Z.558,15075,302,320
2026-09-30 05:44:06Z.578,15075,302,-64
2026-09-30 05:44:07Z.594,15100,303,512
2026-09-30 05:44:08Z.598,15100,303,384
2026-09-30 05:44:09Z.758,15100,303,128
2026-09-30 05:44:10Z.818,15100,303,192
2026-09-30 05:44:12Z.038,15100,304,256
2026-09-30 05:44:13Z.078,15100,304,192
2026-09-30 05:44:14Z.143,15100,304,256
2026-09-30 05:44:15Z.294,15125,304,384
2026-09-30 05:44:16Z.378,15125,304,384
2026-09-30 05:44:17Z.409,15125,304,512
2026-09-30 05:44:18Z.454,15150,304,640
2026-09-30 05:44:19Z.558,15175,303,640
2026-09-30 05:44:20Z.753,15175,302,704
2026-09-30 05:44:21Z.818,15200,302,768
2026-09-30 05:44:22Z.913,15225,301,768
2026-09-30 05:44:23Z.994,15225,300,896
2026-09-30 05:44:25Z.054,15250,299,768
2026-09-30 05:44:26Z.057,15250,298,128
2026-09-30 05:44:27Z.304,15275,298,640
2026-09-30 05:44:28Z.358,15300,297,1088
2026-09-30 05:44:29Z.438,15300,296,128
2026-09-30 05:44:30Z.504,15300,295,0
2026-09-30 05:44:31Z.598,15300,295,192
2026-09-30 05:44:32Z.994,15300,294,-384
2026-09-30 05:44:33Z.995,15300,294,320
2026-09-30 05:44:35Z.031,15300,294,192
2026-09-30 05:44:36Z.118,15275,294,-384
2026-09-30 05:44:37Z.164,15275,294,-384
2026-09-30 05:44:38Z.244,15275,294,-320
2026-09-30 05:44:39Z.479,15275,294,-320
2026-09-30 05:44:40Z.659,15250,294,-320
2026-09-30 05:44:41Z.749,15250,294,-384
2026-09-30 05:44:42Z.759,15250,294,-384
2026-09-30 05:44:43Z.869,15250,294,-320
2026-09-30 05:44:44Z.919,15250,294,-320
2026-09-30 05:44:45Z.979,15225,294,-320
2026-09-30 05:44:46Z.988,15225,294,-320
2026-09-30 05:44:48Z.129,15225,294,-320
2026-09-30 05:44:49Z.139,15225,294,-320
2026-09-30 05:44:50Z.219,15200,296,-320
2026-09-30 05:44:51Z.249,15200,294,-256
2026-09-30 05:44:52Z.319,15200,295,-320
2026-09-30 05:44:53Z.382,15200,294,-320
2026-09-30 05:44:54Z.479,15200,295,-320
2026-09-30 05:44:55Z.599,15175,295,-320
2026-09-30 05:44:56Z.669,15175,294,-320
2026-09-30 05:44:57Z.709,15175,294,-384
2026-09-30 05:44:58Z.779,15175,293,-320
2026-09-30 05:44:59Z.794,15150,293,-320
2026-09-30 05:45:00Z.839,15150,294,-384
2026-09-30 05:45:01Z.874,15150,294,-448
2026-09-30 05:45:02Z.884,15150,294,-256
2026-09-30 05:45:03Z.914,15125,295,-320
2026-09-30 05:45:04Z.921,15125,294,-320
2026-09-30 05:45:06Z.124,15125,296,-320
2026-09-30 05:45:07Z.129,15125,295,-256
2026-09-30 05:45:08Z.149,15125,295,-320
2026-09-30 05:45:09Z.159,15100,295,-384
2026-09-30 05:45:10Z.204,15100,295,-384
2026-09-30 05:45:11Z.245,15100,295,64
2026-09-30 05:45:12Z.309,15100,294,-192
2026-09-30 05:45:13Z.324,15100,294,-576
2026-09-30 05:45:14Z.424,15100,293,-192
2026-09-30 05:45:15Z.454,15075,293,-256
2026-09-30 05:45:16Z.519,15075,293,-384
2026-09-30 05:45:17Z.608,15075,292,-256
2026-09-30 05:45:18Z.744,15075,292,-384
2026-09-30 05:45:19Z.869,15075,292,-448
2026-09-30 05:45:20Z.954,15050,292,-384
2026-09-30 05:45:22Z.144,15050,291,-192
2026-09-30 05:45:23Z.194,15050,291,-640
2026-09-30 05:45:24Z.229,15050,291,-576
2026-09-30 05:45:25Z.541,15025,291,-384
2026-09-30 05:45:26Z.619,15025,291,-128
2026-09-30 05:45:27Z.639,15025,291,-576
2026-09-30 05:45:28Z.830,15000,291,-512
2026-09-30 05:45:30Z.004,15000,292,-64
2026-09-30 05:45:31Z.114,15000,291,-256
2026-09-30 05:45:32Z.234,15000,292,-384
2026-09-30 05:45:33Z.472,14975,292,-448
2026-09-30 05:45:34Z.529,14975,292,-384
2026-09-30 05:45:35Z.629,14975,292,-320
2026-09-30 05:45:36Z.641,14975,292,-192
2026-09-30 05:45:37Z.719,14975,292,-128
2026-09-30 05:45:38Z.734,14975,292,-128
2026-09-30 05:45:39Z.909,14950,293,-64
2026-09-30 05:45:40Z.921,14950,293,0
2026-09-30 05:45:42Z.119,14950,293,64
2026-09-30 05:45:43Z.510,14950,293,256
2026-09-30 05:45:44Z.519,14975,293,320
2026-09-30 05:45:45Z.545,14975,294,384
2026-09-30 05:45:46Z.553,14975,294,512
2026-09-30 05:45:47Z.554,15000,294,512
2026-09-30 05:45:48Z.719,15000,294,-128
2026-09-30 05:45:49Z.735,15025,296,384
2026-09-30 05:45:50Z.899,15025,296,1280
2026-09-30 05:45:51Z.914,15025,296,0
2026-09-30 05:45:52Z.937,15050,297,-64
2026-09-30 05:45:53Z.954,15050,298,256
2026-09-30 05:45:55Z.064,15050,299,512
2026-09-30 05:45:56Z.145,15050,300,256
2026-09-30 05:45:57Z.245,15050,302,-64
2026-09-30 05:45:58Z.279,15050,303,0
2026-09-30 05:45:59Z.284,15050,303,-128
2026-09-30 05:46:00Z.354,15050,304,-192
2026-09-30 05:46:01Z.479,15025,306,-256
2026-09-30 05:46:02Z.624,15025,307,-128
2026-09-30 05:46:03Z.674,15025,307,-128
2026-09-30 05:46:04Z.679,15000,308,-448
2026-09-30 05:46:05Z.801,15000,308,128
2026-09-30 05:46:07Z.029,15000,309,-320
2026-09-30 05:46:08Z.079,15000,309,192
2026-09-30 05:46:09Z.085,15000,309,64
2026-09-30 05:46:10Z.339,15000,310,-256
2026-09-30 05:46:11Z.354,15000,310,0
2026-09-30 05:46:12Z.445,15000,310,448
2026-09-30 05:46:13Z.554,15025,310,64
2026-09-30 05:46:14Z.724,15025,310,320
2026-09-30 05:46:15Z.785,15025,310,448
2026-09-30 05:46:16Z.827,15025,310,128
2026-09-30 05:46:17Z.864,15025,310,128
2026-09-30 05:46:18Z.889,15025,310,256
2026-09-30 05:46:19Z.933,15025,310,192
2026-09-30 05:46:20Z.999,15050,310,320
2026-09-30 05:46:22Z.079,15050,310,192
2026-09-30 05:46:23Z.130,15050,310,384
2026-09-30 05:46:24Z.145,15050,311,320
2026-09-30 05:46:25Z.284,15075,311,128
2026-09-30 05:46:26Z.576,15075,311,192
2026-09-30 05:46:27Z.754,15075,311,256
2026-09-30 05:46:28Z.812,15075,311,320
2026-09-30 05:46:29Z.934,15075,311,256
2026-09-30 05:46:31Z.109,15075,311,128
2026-09-30 05:46:32Z.249,15100,311,192
2026-09-30 05:46:33Z.305,15100,312,128
2026-09-30 05:46:34Z.459,15100,311,0
2026-09-30 05:46:35Z.489,15100,312,64
2026-09-30 05:46:36Z.549,15100,312,-64
2026-09-30 05:46:37Z.605,15075,312,-64
2026-09-30 05:46:38Z.639,15075,312,-64
2026-09-30 05:46:39Z.669,15075,313,-320
2026-09-30 05:46:40Z.729,15075,313,-256
2026-09-30 05:46:41Z.885,15075,313,-256
2026-09-30 05:46:42Z.905,15050,314,-576
2026-09-30 05:46:43Z.925,15050,315,-448
2026-09-30 05:46:44Z.940,15050,315,-256
2026-09-30 05:46:45Z.965,15025,315,-448
2026-09-30 05:46:47Z.065,15025,315,-512
2026-09-30 05:46:48Z.234,15025,315,-448
2026-09-30 05:46:49Z.280,15000,316,-512
2026-09-30 05:46:50Z.434,15000,315,-448
2026-09-30 05:46:51Z.499,15000,315,-256
2026-09-30 05:46:52Z.515,15000,315,-320
2026-09-30 05:46:53Z.525,14975,316,0
2026-09-30 05:46:54Z.745,14975,315,-384
2026-09-30 05:46:55Z.824,14975,315,-384
2026-09-30 05:46:56Z.850,14975,316,64
2026-09-30 05:46:57Z.925,14975,315,-64
2026-09-30 05:46:59Z.025,14975,314,0
2026-09-30 05:47:00Z.105,14975,314,64
2026-09-30 05:47:01Z.155,15000,314,192
2026-09-30 05:47:02Z.190,15000,314,128
2026-09-30 05:47:03Z.420,15000,314,64
2026-09-30 05:47:04Z.515,15000,314,192
2026-09-30 05:47:05Z.580,15000,314,192
2026-09-30 05:47:06Z.585,15000,313,128
2026-09-30 05:47:07Z.775,15000,313,128
2026-09-30 05:47:08Z.880,15000,314,128
2026-09-30 05:47:09Z.885,15000,313,128
2026-09-30 05:47:10Z.900,15000,313,64
2026-09-30 05:47:11Z.955,15000,313,192
2026-09-30 05:47:13Z.065,15000,313,128
2026-09-30 05:47:14Z.260,15025,313,0
2026-09-30 05:47:15Z.330,15025,313,64
2026-09-30 05:47:16Z.360,15025,313,128
2026-09-30 05:47:17Z.405,15025,313,256
2026-09-30 05:47:18Z.480,15025,313,128
2026-09-30 05:47:19Z.675,15025,313,64
2026-09-30 05:47:20Z.695,15025,312,256
2026-09-30 05:47:21Z.910,15025,312,128
2026-09-30 05:47:22Z.925,15050,312,192
2026-09-30 05:47:24Z.150,15050,312,256
2026-09-30 05:47:25Z.205,15050,313,256
2026-09-30 05:47:26Z.258,15050,313,192
2026-09-30 05:47:27Z.340,15050,313,192
2026-09-30 05:47:28Z.480,15050,312,128
2026-09-30 05:47:29Z.505,15050,312,192
2026-09-30 05:47:30Z.585,15050,312,192
2026-09-30 05:47:31Z.626,15075,313,128
2026-09-30 05:47:32Z.735,15075,312,192
2026-09-30 05:47:33Z.840,15075,313,-64
2026-09-30 05:47:34Z.864,15075,313,192
2026-09-30 05:47:35Z.890,15075,313,192
2026-09-30 05:47:36Z.956,15075,314,64
2026-09-30 05:47:38Z.020,15075,313,0
2026-09-30 05:47:39Z.055,15075,313,64
2026-09-30 05:47:40Z.055,15075,313,0
2026-09-30 05:47:41Z.120,15075,314,0
2026-09-30 05:47:42Z.120,15075,313,-128
2026-09-30 05:47:43Z.305,15075,314,0
2026-09-30 05:47:44Z.374,15075,314,0
2026-09-30 05:47:45Z.550,15075,314,-128
2026-09-30 05:47:46Z.557,15075,314,-192
2026-09-30 05:47:47Z.595,15050,314,-192
2026-09-30 05:47:48Z.615,15050,314,-192
2026-09-30 05:47:49Z.635,15050,314,-64
2026-09-30 05:47:50Z.700,15050,314,-128
2026-09-30 05:47:51Z.715,15050,315,-256
2026-09-30 05:47:52Z.751,15050,314,-192
2026-09-30 05:47:53Z.885,15050,314,-128
2026-09-30 05:47:55Z.015,15050,313,-128
2026-09-30 05:47:56Z.070,15050,314,-128
2026-09-30 05:47:57Z.080,15025,314,-192
2026-09-30 05:47:58Z.160,15025,314,0
2026-09-30 05:47:59Z.185,15025,314,-192
2026-09-30 05:48:00Z.200,15025,314,-192
2026-09-30 05:48:01Z.380,15025,314,0
2026-09-30 05:48:02Z.460,15025,314,128
2026-09-30 05:48:03Z.475,15025,313,-64
2026-09-30 05:48:04Z.555,15025,313,0
2026-09-30 05:48:05Z.800,15025,313,64
2026-09-30 05:48:06Z.870,15025,312,192
2026-09-30 05:48:07Z.880,15025,312,-64
2026-09-30 05:48:08Z.925,15050,312,64
2026-09-30 05:48:10Z.040,15050,312,64
2026-09-30 05:48:11Z.235,15050,312,64
2026-09-30 05:48:12Z.320,15050,312,64
2026-09-30 05:48:13Z.355,15050,312,64
2026-09-30 05:48:14Z.365,15050,312,0
2026-09-30 05:48:15Z.461,15050,312,-64
2026-09-30 05:48:16Z.506,15050,312,0
2026-09-30 05:48:17Z.525,15050,312,-64
2026-09-30 05:48:18Z.585,15050,312,-64
2026-09-30 05:48:19Z.630,15050,312,-128
2026-09-30 05:48:20Z.646,15050,312,0
2026-09-30 05:48:21Z.780,15025,310,-64
2026-09-30 05:48:22Z.789,15025,310,-64
2026-09-30 05:48:23Z.960,15025,310,-128
2026-09-30 05:48:24Z.980,15025,310,-64
2026-09-30 05:48:25Z.985,15025,310,-128
2026-09-30 05:48:27Z.070,15025,310,-128
2026-09-30 05:48:28Z.160,15025,310,-128
2026-09-30 05:48:29Z.280,15025,310,-64
2026-09-30 05:48:30Z.305,15025,310,-64
2026-09-30 05:48:31Z.341,15025,310,-64
2026-09-30 05:48:32Z.470,15025,309,0
2026-09-30 05:48:33Z.505,15025,309,-192
2026-09-30 05:48:34Z.734,15025,310,-128
2026-09-30 05:48:35Z.840,15025,309,64
2026-09-30 05:48:36Z.880,15025,308,128
2026-09-30 05:48:37Z.940,15025,308,-192
2026-09-30 05:48:38Z.996,15025,307,-128
2026-09-30 05:48:40Z.500,15025,307,-64
2026-09-30 05:48:41Z.500,15025,306,-64
2026-09-30 05:48:42Z.546,15000,306,-192
2026-09-30 05:48:43Z.605,15000,305,-128
2026-09-30 05:48:44Z.806,15000,306,-192
2026-09-30 05:48:45Z.860,15000,304,-192
2026-09-30 05:48:46Z.870,15000,304,-192
2026-09-30 05:48:47Z.871,15000,304,-192
2026-09-30 05:48:48Z.875,15000,304,-256
2026-09-30 05:48:50Z.020,15000,302,-192
2026-09-30 05:48:51Z.135,14975,302,-192
2026-09-30 05:48:52Z.360,14975,301,-192
2026-09-30 05:48:53Z.400,14975,301,-192
2026-09-30 05:48:54Z.536,14975,300,-192
2026-09-30 05:48:55Z.640,14975,300,-192
2026-09-30 05:48:56Z.741,14975,300,-128
2026-09-30 05:48:57Z.746,14975,299,-128
2026-09-30 05:48:58Z.755,14975,299,-128
2026-09-30 05:48:59Z.758,14975,298,-128
2026-09-30 05:49:00Z.920,14950,298,-128
2026-09-30 05:49:02Z.026,14950,297,-64
2026-09-30 05:49:03Z.241,14950,297,-128
2026-09-30 05:49:04Z.276,14950,297,-128
2026-09-30 05:49:05Z.401,14950,297,-64
2026-09-30 05:49:06Z.537,14950,295,0
2026-09-30 05:49:07Z.640,14950,295,128
2026-09-30 05:49:08Z.726,14950,294,192
2026-09-30 05:49:09Z.811,14950,294,192
2026-09-30 05:49:10Z.820,14975,293,256
2026-09-30 05:49:11Z.876,14975,294,320
2026-09-30 05:49:12Z.901,14975,292,320
2026-09-30 05:49:13Z.996,15000,292,448
2026-09-30 05:49:15Z.001,15000,291,512
2026-09-30 05:49:16Z.047,15025,291,640
2026-09-30 05:49:17Z.181,15025,290,704
2026-09-30 05:49:18Z.196,15050,290,896
2026-09-30 05:49:19Z.501,15075,290,1024
2026-09-30 05:49:20Z.621,15100,290,1088
2026-09-30 05:49:21Z.731,15100,289,1152
2026-09-30 05:49:22Z.751,15125,289,1152
2026-09-30 05:49:23Z.806,15150,288,896
2026-09-30 05:49:24Z.841,15175,288,832
2026-09-30 05:49:25Z.976,15200,288,1408
2026-09-30 05:49:27Z.197,15225,288,1408
2026-09-30 05:49:28Z.247,15250,288,1152
2026-09-30 05:49:29Z.411,15250,290,1088
2026-09-30 05:49:30Z.791,15275,290,960
2026-09-30 05:49:31Z.801,15300,290,768
2026-09-30 05:49:32Z.921,15300,291,768
2026-09-30 05:49:34Z.066,15300,291,512
2026-09-30 05:49:35Z.071,15300,291,448
2026-09-30 05:49:36Z.241,15325,292,256
2026-09-30 05:49:37Z.466,15325,292,0
2026-09-30 05:49:38Z.496,15325,292,448
2026-09-30 05:49:39Z.701,15325,293,-384
2026-09-30 05:49:40Z.735,15325,293,-64
2026-09-30 05:49:41Z.791,15325,293,192
2026-09-30 05:49:42Z.891,15325,293,-256
2026-09-30 05:49:43Z.941,15300,293,-512
2026-09-30 05:49:45Z.101,15300,293,-192
2026-09-30 05:49:46Z.131,15300,294,-448
2026-09-30 05:49:47Z.161,15275,293,-448
2026-09-30 05:49:48Z.246,15275,294,-704
2026-09-30 05:49:49Z.281,15250,294,-448
2026-09-30 05:49:50Z.346,15250,293,-576
2026-09-30 05:49:51Z.348,15225,293,-896
2026-09-30 05:49:52Z.356,15225,294,-832
2026-09-30 05:49:53Z.396,15225,292,-448
2026-09-30 05:49:54Z.416,15200,292,-1024
2026-09-30 05:49:55Z.446,15200,292,-704
2026-09-30 05:49:56Z.451,15175,291,-640
2026-09-30 05:49:57Z.526,15175,291,-640
2026-09-30 05:49:58Z.551,15175,291,-640
2026-09-30 05:49:59Z.691,15150,290,-576
2026-09-30 05:50:00Z.701,15150,289,-320
2026-09-30 05:50:01Z.701,15150,288,-576
2026-09-30 05:50:02Z.731,15150,288,-576
2026-09-30 05:50:03Z.791,15125,287,-192
2026-09-30 05:50:04Z.798,15125,287,-320
2026-09-30 05:50:06Z.066,15125,286,-512
2026-09-30 05:50:07Z.115,15125,285,-320
2026-09-30 05:50:08Z.152,15125,285,-192
2026-09-30 05:50:09Z.276,15125,283,-192
2026-09-30 05:50:10Z.311,15100,282,-576
2026-09-30 05:50:11Z.392,15100,281,-128
2026-09-30 05:50:12Z.656,15100,281,128
2026-09-30 05:50:13Z.681,15100,280,-64
2026-09-30 05:50:14Z.706,15100,280,-128
2026-09-30 05:50:15Z.851,15100,279,0
2026-09-30 05:50:16Z.901,15125,278,128
2026-09-30 05:50:17Z.966,15125,278,-320
2026-09-30 05:50:19Z.092,15125,278,-384
2026-09-30 05:50:20Z.102,15125,278,-64
2026-09-30 05:50:21Z.107,15100,277,0
2026-09-30 05:50:22Z.211,15100,277,-192
2026-09-30 05:50:23Z.220,15100,276,-192
2026-09-30 05:50:24Z.261,15100,276,-384
2026-09-30 05:50:25Z.311,15100,276,-256
2026-09-30 05:50:26Z.371,15100,276,-128
2026-09-30 05:50:27Z.371,15075,276,-384
2026-09-30 05:50:28Z.571,15075,277,-128
2026-09-30 05:50:29Z.661,15075,277,-192
2026-09-30 05:50:30Z.756,15075,277,-640
2026-09-30 05:50:31Z.781,15075,277,-256
2026-09-30 05:50:32Z.906,15050,278,-256
2026-09-30 05:50:34Z.051,15050,278,-384
2026-09-30 05:50:35Z.064,15050,280,-384
2026-09-30 05:50:36Z.171,15025,280,-192
2026-09-30 05:50:37Z.241,15025,280,64
2026-09-30 05:50:38Z.271,15025,280,-448
2026-09-30 05:50:39Z.277,15025,280,-448
2026-09-30 05:50:40Z.291,15025,281,0
2026-09-30 05:50:41Z.661,15000,281,-256
2026-09-30 05:50:42Z.676,15000,282,-192
2026-09-30 05:50:43Z.678,15000,282,-64
2026-09-30 05:50:44Z.841,15000,282,0
2026-09-30 05:50:45Z.871,15000,282,-384
2026-09-30 05:50:46Z.880,15000,282,0
2026-09-30 05:50:47Z.961,15000,282,128
2026-09-30 05:50:49Z.061,15000,282,64
2026-09-30 05:50:50Z.091,15000,282,-256
2026-09-30 05:50:51Z.116,15000,283,-128
2026-09-30 05:50:52Z.127,15000,284,64
2026-09-30 05:50:53Z.166,15000,283,0
2026-09-30 05:50:54Z.506,15000,284,-320
2026-09-30 05:50:55Z.601,15000,284,-320
2026-09-30 05:50:56Z.636,15000,284,128
2026-09-30 05:50:57Z.791,15000,284,0
2026-09-30 05:50:58Z.794,15000,284,-64
2026-09-30 05:50:59Z.877,15000,284,-128
2026-09-30 05:51:00Z.961,14975,284,-64
2026-09-30 05:51:01Z.991,15000,284,64
2026-09-30 05:51:03Z.047,15000,285,-64
2026-09-30 05:51:04Z.332,15000,285,192
2026-09-30 05:51:05Z.367,15000,285,128
2026-09-30 05:51:06Z.436,15000,285,192
2026-09-30 05:51:07Z.482,15000,285,192
2026-09-30 05:51:08Z.491,15000,285,128
2026-09-30 05:51:09Z.571,15000,285,320
2026-09-30 05:51:10Z.687,15025,284,448
2026-09-30 05:51:11Z.821,15025,284,448
2026-09-30 05:51:12Z.957,15025,286,192
2026-09-30 05:51:13Z.977,15025,286,384
2026-09-30 05:51:15Z.031,15050,286,384
2026-09-30 05:51:16Z.121,15050,286,128
2026-09-30 05:51:17Z.147,15050,286,128
2026-09-30 05:51:18Z.152,15050,286,384
2026-09-30 05:51:19Z.272,15050,286,192
2026-09-30 05:51:20Z.517,15075,286,128
2026-09-30 05:51:21Z.557,15075,286,256
2026-09-30 05:51:22Z.593,15075,286,384
2026-09-30 05:51:23Z.697,15075,286,192
2026-09-30 05:51:24Z.897,15075,286,192
2026-09-30 05:51:25Z.992,15075,286,192
2026-09-30 05:51:27Z.022,15100,288,256
2026-09-30 05:51:28Z.052,15100,288,64
2026-09-30 05:51:29Z.092,15100,288,128
2026-09-30 05:51:30Z.237,15100,288,256
2026-09-30 05:51:31Z.362,15100,288,-64
2026-09-30 05:51:32Z.642,15100,288,-64
2026-09-30 05:51:33Z.692,15100,288,0
2026-09-30 05:51:34Z.699,15100,288,-64
2026-09-30 05:51:35Z.715,15100,288,-64
2026-09-30 05:51:36Z.902,15100,287,0
2026-09-30 05:51:37Z.912,15100,287,64
2026-09-30 05:51:39Z.197,15100,287,-192
2026-09-30 05:51:40Z.277,15100,288,-64
2026-09-30 05:51:41Z.292,15100,288,128
2026-09-30 05:51:42Z.332,15100,287,64
2026-09-30 05:51:43Z.512,15100,287,64
2026-09-30 05:51:44Z.557,15100,288,64
2026-09-30 05:51:45Z.652,15100,288,0
2026-09-30 05:51:46Z.676,15100,288,128
2026-09-30 05:51:47Z.702,15100,288,0
2026-09-30 05:51:48Z.727,15100,287,-64
2026-09-30 05:51:49Z.745,15100,287,0
2026-09-30 05:51:50Z.962,15100,287,0
2026-09-30 05:51:52Z.077,15100,288,0
2026-09-30 05:51:53Z.152,15100,287,-320
2026-09-30 05:51:54Z.307,15100,287,-64
2026-09-30 05:51:55Z.522,15100,287,-64
2026-09-30 05:51:56Z.522,15100,288,-256
2026-09-30 05:51:57Z.552,15100,288,-320
2026-09-30 05:51:58Z.652,15075,290,-384
2026-09-30 05:51:59Z.695,15075,289,-384
2026-09-30 05:52:00Z.707,15075,289,-384
2026-09-30 05:52:01Z.732,15050,289,-448
2026-09-30 05:52:02Z.807,15050,290,-448
2026-09-30 05:52:03Z.852,15050,290,-448
2026-09-30 05:52:04Z.977,15025,291,-384
2026-09-30 05:52:06Z.237,15025,291,-448
2026-09-30 05:52:07Z.352,15000,291,-448
2026-09-30 05:52:08Z.397,15000,292,-512
2026-09-30 05:52:09Z.422,15000,292,-576
2026-09-30 05:52:10Z.542,14975,292,-448
2026-09-30 05:52:11Z.549,14975,293,-384
2026-09-30 05:52:12Z.597,14975,293,-384
2026-09-30 05:52:13Z.627,14950,293,-384
2026-09-30 05:52:14Z.822,14950,293,-320
2026-09-30 05:52:16Z.078,14950,293,-256
2026-09-30 05:52:17Z.207,14950,294,-192
2026-09-30 05:52:18Z.397,14950,294,-128
2026-09-30 05:52:19Z.488,14950,294,-128
2026-09-30 05:52:20Z.492,14950,294,128
2026-09-30 05:52:21Z.832,14950,294,64
2026-09-30 05:52:22Z.892,14950,294,-192
2026-09-30 05:52:23Z.972,14950,293,256
2026-09-30 05:52:25Z.013,14950,294,64
2026-09-30 05:52:26Z.078,14950,294,128
2026-09-30 05:52:27Z.122,14950,294,64
2026-09-30 05:52:28Z.132,14950,294,64
2026-09-30 05:52:29Z.307,14950,294,128
2026-09-30 05:52:30Z.353,14950,294,192
2026-09-30 05:52:31Z.365,14950,293,192
2026-09-30 05:52:32Z.542,14975,292,192
2026-09-30 05:52:33Z.692,14975,292,256
2026-09-30 05:52:34Z.758,14975,292,256
2026-09-30 05:52:35Z.762,14975,292,192
2026-09-30 05:52:36Z.842,14975,292,256
2026-09-30 05:52:37Z.912,15000,291,192
2026-09-30 05:52:38Z.917,15000,291,256
2026-09-30 05:52:39Z.924,15000,291,256
2026-09-30 05:52:41Z.117,15000,291,320
2026-09-30 05:52:42Z.203,15000,291,256
2026-09-30 05:52:43Z.308,15025,291,384
2026-09-30 05:52:44Z.367,15025,291,320
2026-09-30 05:52:45Z.502,15025,290,320
2026-09-30 05:52:46Z.517,15025,290,192
2026-09-30 05:52:47Z.602,15025,289,256
2026-09-30 05:52:48Z.712,15050,289,320
2026-09-30 05:52:49Z.771,15050,289,384
2026-09-30 05:52:50Z.867,15050,289,192
2026-09-30 05:52:51Z.888,15050,289,192
2026-09-30 05:52:53Z.002,15050,289,192
2026-09-30 05:52:54Z.032,15075,290,256
2026-09-30 05:52:55Z.132,15075,289,256
2026-09-30 05:52:56Z.172,15075,288,128
2026-09-30 05:52:57Z.212,15075,288,192
2026-09-30 05:52:58Z.232,15075,288,128
2026-09-30 05:52:59Z.285,15075,288,64
2026-09-30 05:53:00Z.502,15075,289,64
2026-09-30 05:53:01Z.655,15075,289,0
2026-09-30 05:53:02Z.687,15075,289,0
2026-09-30 05:53:03Z.712,15075,289,64
2026-09-30 05:53:04Z.743,15075,289,-64
2026-09-30 05:53:05Z.762,15075,290,-64
2026-09-30 05:53:06Z.763,15075,289,64
2026-09-30 05:53:07Z.842,15075,290,0
2026-09-30 05:53:08Z.898,15075,289,-128
2026-09-30 05:53:10Z.173,15075,289,-64
2026-09-30 05:53:11Z.175,15075,290,-64
2026-09-30 05:53:12Z.188,15075,289,-128
2026-09-30 05:53:13Z.207,15075,289,-128
2026-09-30 05:53:14Z.357,15075,289,-128
2026-09-30 05:53:15Z.448,15075,289,-128
2026-09-30 05:53:16Z.597,15075,290,-192
2026-09-30 05:53:17Z.657,15050,290,-128
2026-09-30 05:53:18Z.932,15050,290,-128
2026-09-30 05:53:20Z.102,15050,290,-192
2026-09-30 05:53:21Z.183,15050,291,-128
2026-09-30 05:53:22Z.193,15050,290,-128
2026-09-30 05:53:23Z.249,15050,290,-128
2026-09-30 05:53:24Z.338,15050,290,-320
2026-09-30 05:53:25Z.595,15050,290,-192
2026-09-30 05:53:26Z.599,15025,290,-128
2026-09-30 05:53:27Z.958,15025,290,-192
2026-09-30 05:53:29Z.013,15025,291,-128
2026-09-30 05:53:30Z.053,15025,291,-192
2026-09-30 05:53:31Z.113,15025,291,-256
2026-09-30 05:53:32Z.138,15025,291,-256
2026-09-30 05:54:02Z.813,15025,,128
2026-09-30 05:54:04Z.198,15000,289,64
2026-09-30 05:54:05Z.233,15000,288,128
2026-09-30 05:54:06Z.288,15000,287,192
2026-09-30 05:54:07Z.639,15000,287,128
2026-09-30 05:54:08Z.693,15000,287,64
2026-09-30 05:54:09Z.918,15000,287,64
2026-09-30 05:54:10Z.922,15000,286,64
2026-09-30 05:54:11Z.978,15000,286,-64
2026-09-30 05:54:12Z.979,15000,286,-64
2026-09-30 05:54:13Z.983,15000,286,64
2026-09-30 05:54:15Z.018,15000,286,64
2026-09-30 05:54:16Z.078,15000,286,-64
2026-09-30 05:54:17Z.175,15000,286,-64
2026-09-30 05:54:18Z.199,15000,286,0
2026-09-30 05:54:19Z.408,15000,286,128
2026-09-30 05:54:20Z.488,15000,286,64
2026-09-30 05:54:21Z.603,15000,286,64
2026-09-30 05:54:22Z.626,15025,285,0
2026-09-30 05:54:23Z.668,15025,285,64
2026-09-30 05:54:24Z.789,15025,285,0
2026-09-30 05:54:25Z.798,15025,285,64
2026-09-30 05:54:26Z.826,15025,284,0
2026-09-30 05:54:27Z.888,15025,285,0
2026-09-30 05:54:28Z.908,15025,284,0
2026-09-30 05:54:29Z.923,15025,284,-64
2026-09-30 05:54:30Z.928,15025,284,0
2026-09-30 05:54:32Z.003,15025,284,0
2026-09-30 05:54:33Z.038,15025,284,-64
2026-09-30 05:54:34Z.113,15025,284,-64
2026-09-30 05:54:35Z.208,15025,284,-64
2026-09-30 05:54:36Z.309,15000,284,-128
2026-09-30 05:54:37Z.319,15000,283,-128
2026-09-30 05:54:38Z.444,15000,283,-128
2026-09-30 05:54:39Z.458,15000,284,-192
2026-09-30 05:54:40Z.468,15000,284,-192
2026-09-30 05:54:41Z.503,15000,284,-128
2026-09-30 05:54:42Z.628,15000,284,-128
2026-09-30 05:54:43Z.635,15000,284,-256
2026-09-30 05:54:44Z.944,15000,285,-256
2026-09-30 05:54:46Z.003,14975,285,-256
2026-09-30 05:54:47Z.008,14975,284,-256
2026-09-30 05:54:48Z.038,14975,285,-192
2026-09-30 05:54:49Z.038,14975,285,-256
2026-09-30 05:54:50Z.043,14975,284,-256
2026-09-30 05:54:51Z.050,14950,286,-256
2026-09-30 05:54:52Z.143,14950,285,-320
2026-09-30 05:54:53Z.273,14950,286,-256
2026-09-30 05:54:54Z.368,14950,285,-256
2026-09-30 05:54:55Z.588,14950,285,-256
2026-09-30 05:54:56Z.600,14950,285,-192
2026-09-30 05:54:57Z.673,14925,285,-256
2026-09-30 05:54:58Z.675,14925,285,192
2026-09-30 05:54:59Z.809,14925,284,-64
2026-09-30 05:55:00Z.814,14925,285,-384
2026-09-30 05:55:01Z.928,14925,284,-64
2026-09-30 05:55:03Z.223,14925,284,0
2026-09-30 05:55:04Z.468,14925,284,128
2026-09-30 05:55:05Z.468,14925,283,64
2026-09-30 05:55:06Z.623,14925,284,128
2026-09-30 05:55:07Z.629,14925,283,64
2026-09-30 05:55:08Z.649,14950,283,192
2026-09-30 05:55:09Z.724,14950,283,64
2026-09-30 05:55:10Z.744,14950,284,192
2026-09-30 05:55:11Z.749,14950,283,128
2026-09-30 05:55:12Z.868,14950,282,64
2026-09-30 05:55:13Z.949,14950,283,320
2026-09-30 05:55:14Z.974,14950,281,128
2026-09-30 05:55:16Z.169,14950,281,64
2026-09-30 05:55:17Z.318,14950,281,256
2026-09-30 05:55:18Z.333,14975,281,64
2026-09-30 05:55:19Z.338,14975,281,256
2026-09-30 05:55:20Z.468,14975,281,512
2026-09-30 05:55:21Z.918,14975,281,320
2026-09-30 05:55:23Z.018,14975,280,192
2026-09-30 05:55:24Z.054,15000,280,448
2026-09-30 05:55:25Z.063,15000,279,384
2026-09-30 05:55:26Z.243,15000,278,256
2026-09-30 05:55:27Z.403,15025,279,384
2026-09-30 05:55:28Z.429,15025,279,320
2026-09-30 05:55:29Z.523,15025,278,192
2026-09-30 05:55:30Z.569,15025,278,256
2026-09-30 05:55:31Z.598,15050,278,384
2026-09-30 05:55:32Z.629,15050,278,320
2026-09-30 05:55:33Z.809,15050,278,0
2026-09-30 05:55:34Z.949,15050,277,128
2026-09-30 05:55:36Z.094,15050,277,64
2026-09-30 05:55:37Z.444,15050,277,-128
2026-09-30 05:55:38Z.458,15050,278,64
2026-09-30 05:55:39Z.604,15050,277,-64
2026-09-30 05:55:40Z.614,15050,278,0
2026-09-30 05:55:41Z.689,15050,277,-64
2026-09-30 05:55:42Z.769,15050,278,-128
2026-09-30 05:55:43Z.790,15050,277,-64
2026-09-30 05:55:44Z.839,15050,277,-320
2026-09-30 05:55:45Z.869,15025,277,-64
2026-09-30 05:55:46Z.889,15025,277,-192
2026-09-30 05:55:48Z.094,15025,277,-128
2026-09-30 05:55:49Z.144,15025,277,-320
2026-09-30 05:55:50Z.154,15025,277,-256
2026-09-30 05:55:51Z.299,15025,278,-256
2026-09-30 05:55:52Z.389,15000,277,-192
2026-09-30 05:55:53Z.439,15000,277,-384
2026-09-30 05:55:54Z.519,15000,277,-384
2026-09-30 05:55:55Z.559,15000,278,-256
2026-09-30 05:55:56Z.654,15000,278,-256
2026-09-30 05:55:57Z.804,14975,278,-320
2026-09-30 05:55:58Z.809,14975,278,-320
2026-09-30 05:55:59Z.919,14975,278,-256
2026-09-30 05:56:00Z.943,14975,278,-128
2026-09-30 05:56:01Z.949,14975,278,-256
2026-09-30 05:56:02Z.954,14950,278,-320
2026-09-30 05:56:04Z.054,14950,278,-192
2026-09-30 05:56:05Z.079,14950,278,-256
2026-09-30 05:56:06Z.162,14950,278,-256
2026-09-30 05:56:07Z.169,14950,278,-128
2026-09-30 05:56:08Z.276,14950,279,-256
2026-09-30 05:56:09Z.319,14950,279,0
2026-09-30 05:56:10Z.399,14925,278,-64
2026-09-30 05:56:11Z.499,14925,279,-64
2026-09-30 05:56:12Z.579,14925,279,-64
2026-09-30 05:56:13Z.591,14925,279,128
2026-09-30 05:56:14Z.729,14925,279,256
2026-09-30 05:56:15Z.790,14925,279,-256
2026-09-30 05:56:17Z.029,14950,278,64
2026-09-30 05:56:18Z.159,14950,278,192
2026-09-30 05:56:19Z.169,14950,277,256
2026-09-30 05:56:20Z.249,14950,277,256
2026-09-30 05:56:21Z.359,14950,277,128
2026-09-30 05:56:22Z.414,14950,277,128
2026-09-30 05:56:23Z.489,14950,277,128
2026-09-30 05:56:24Z.569,14950,277,0
2026-09-30 05:56:25Z.592,14950,277,0
2026-09-30 05:56:26Z.680,14950,276,-64
2026-09-30 05:56:27Z.814,14950,275,0
2026-09-30 05:56:28Z.964,14950,275,0
2026-09-30 05:56:30Z.037,14950,275,-64
2026-09-30 05:56:31Z.110,14950,275,256
2026-09-30 05:56:32Z.404,14950,275,256
2026-09-30 05:56:33Z.499,14975,275,-64
2026-09-30 05:56:34Z.546,14975,276,-256
2026-09-30 05:56:35Z.579,14975,275,256
2026-09-30 05:56:36Z.683,14975,275,192
2026-09-30 05:56:37Z.764,14975,274,64
2026-09-30 05:56:38Z.829,14975,274,64
2026-09-30 05:56:40Z.018,14975,274,128
2026-09-30 05:56:41Z.162,14975,274,192
2026-09-30 05:56:42Z.214,14975,274,256
2026-09-30 05:56:43Z.300,14975,273,128
2026-09-30 05:56:44Z.624,15000,273,448
2026-09-30 05:56:45Z.684,15000,273,384
2026-09-30 05:56:46Z.685,15000,273,-192
2026-09-30 05:56:47Z.759,15000,273,128
2026-09-30 05:56:48Z.800,15000,273,384
2026-09-30 05:56:49Z.844,15000,274,320
2026-09-30 05:56:50Z.864,15000,273,64
2026-09-30 05:56:51Z.912,15000,274,64
2026-09-30 05:56:53Z.139,15000,274,64
2026-09-30 05:56:54Z.500,15025,274,0
2026-09-30 05:56:55Z.550,15000,275,128
2026-09-30 05:56:56Z.629,15025,275,-128
2026-09-30 05:56:57Z.639,15025,275,128
2026-09-30 05:56:58Z.729,15025,276,-384
2026-09-30 05:56:59Z.775,15025,276,448
2026-09-30 05:57:00Z.859,15025,276,-64
2026-09-30 05:57:01Z.859,15025,277,0
2026-09-30 05:57:02Z.924,15025,277,-320
2026-09-30 05:57:04Z.069,15025,277,256
2026-09-30 05:57:05Z.119,15025,277,192
2026-09-30 05:57:06Z.377,15025,277,192
2026-09-30 05:57:07Z.576,15025,278,384
2026-09-30 05:57:08Z.609,15025,278,-320
2026-09-30 05:57:09Z.689,15050,278,320
2026-09-30 05:57:11Z.004,15050,278,256
2026-09-30 05:57:12Z.029,15050,278,192
2026-09-30 05:57:13Z.084,15050,278,256
2026-09-30 05:57:14Z.084,15050,278,-256
2026-09-30 05:57:15Z.219,15075,278,384
2026-09-30 05:57:16Z.385,15075,278,256
2026-09-30 05:57:17Z.500,15075,277,-192
2026-09-30 05:57:18Z.509,15075,277,128
2026-09-30 05:57:19Z.553,15050,277,64
2026-09-30 05:57:20Z.645,15050,278,0
2026-09-30 05:57:21Z.791,15050,279,-128
2026-09-30 05:57:22Z.850,15050,279,-64
2026-09-30 05:57:23Z.850,15050,279,0
2026-09-30 05:57:24Z.880,15050,279,-64
2026-09-30 05:57:25Z.894,15050,279,-64
2026-09-30 05:57:26Z.939,15050,280,-128
2026-09-30 05:57:28Z.030,15050,280,64
2026-09-30 05:57:29Z.204,15050,280,0
2026-09-30 05:57:30Z.225,15050,280,64
2026-09-30 05:57:31Z.340,15050,281,128
2026-09-30 05:57:32Z.530,15050,281,64
2026-09-30 05:57:33Z.635,15050,281,-64
2026-09-30 05:57:34Z.647,15050,281,64
2026-09-30 05:57:35Z.655,15050,281,192
2026-09-30 05:57:36Z.685,15050,281,192
2026-09-30 05:57:37Z.760,15050,281,64
2026-09-30 05:57:38Z.770,15050,281,0
2026-09-30 05:57:39Z.850,15075,280,0
2026-09-30 05:57:40Z.880,15075,280,64
2026-09-30 05:57:41Z.895,15075,280,-64
2026-09-30 05:57:43Z.020,15050,281,-64
2026-09-30 05:57:44Z.030,15075,281,-64
2026-09-30 05:57:45Z.080,15050,281,-64
2026-09-30 05:57:46Z.095,15050,281,-128
2026-09-30 05:57:47Z.100,15050,281,-192
2026-09-30 05:57:48Z.175,15050,281,-128
2026-09-30 05:57:49Z.485,15050,281,-64
2026-09-30 05:57:50Z.550,15050,281,-256
2026-09-30 05:57:51Z.570,15050,282,-64
2026-09-30 05:57:52Z.570,15050,282,-192
2026-09-30 05:57:53Z.571,15050,282,-64
2026-09-30 05:57:54Z.700,15050,282,-128
2026-09-30 05:57:55Z.910,15050,282,-64
2026-09-30 05:57:57Z.005,15050,281,-64
2026-09-30 05:57:58Z.130,15025,281,-64
2026-09-30 05:57:59Z.200,15025,282,-64
2026-09-30 05:58:00Z.345,15025,282,-256
2026-09-30 05:58:01Z.565,15025,282,64
2026-09-30 05:58:02Z.610,15025,282,-128
2026-09-30 05:58:03Z.615,15025,281,0
2026-09-30 05:58:04Z.636,15025,282,-128
2026-09-30 05:58:05Z.675,15025,282,-64
2026-09-30 05:58:06Z.710,15025,282,-128
2026-09-30 05:58:07Z.730,15025,282,-64
2026-09-30 05:58:08Z.740,15025,283,-128
2026-09-30 05:58:09Z.880,15025,283,192
2026-09-30 05:58:11Z.010,15025,283,256
2026-09-30 05:58:12Z.090,15025,283,256
2026-09-30 05:58:13Z.120,15025,283,-128
2026-09-30 05:58:14Z.225,15025,283,-256
2026-09-30 05:58:15Z.245,15025,283,192
2026-09-30 05:58:16Z.280,15025,283,128
2026-09-30 05:58:17Z.295,15025,283,64
2026-09-30 05:58:18Z.370,15025,283,-64
2026-09-30 05:58:19Z.550,15025,283,0
2026-09-30 05:58:20Z.635,15025,283,64
2026-09-30 05:58:21Z.780,15025,282,128
2026-09-30 05:58:22Z.940,15025,282,0
2026-09-30 05:58:23Z.975,15025,282,-128
2026-09-30 05:58:25Z.020,15025,283,-448
2026-09-30 05:58:26Z.135,15025,282,0
2026-09-30 05:58:27Z.140,15025,282,-128
2026-09-30 05:58:28Z.255,15025,281,-576
2026-09-30 05:58:29Z.365,15000,280,-384
2026-09-30 05:58:30Z.630,15000,280,-320
2026-09-30 05:58:31Z.640,15000,279,-64
2026-09-30 05:58:32Z.720,15000,278,-384
2026-09-30 05:58:33Z.762,14975,278,-256
2026-09-30 05:58:35Z.075,14975,276,-576
2026-09-30 05:58:36Z.255,14975,275,0
2026-09-30 05:58:36Z.547,14975,280,-637
2026-09-30 05:58:37Z.313,14950,274,0
2026-09-30 05:58:38Z.540,14950,273,-384
2026-09-30 05:58:39Z.821,14950,272,-576
2026-09-30 05:58:40Z.931,14950,271,64
2026-09-30 05:58:42Z.040,14950,270,-64
2026-09-30 05:58:43Z.140,14950,270,-128
2026-09-30 05:58:44Z.175,14950,268,128
2026-09-30 05:58:45Z.270,14950,267,0
2026-09-30 05:58:46Z.382,14950,267,320
2026-09-30 05:58:47Z.490,14950,266,64
2026-09-30 05:58:48Z.540,14950,266,-64
2026-09-30 05:58:49Z.551,14950,266,64
2026-09-30 05:58:50Z.651,14950,265,-64
2026-09-30 05:58:51Z.691,14950,264,256
2026-09-30 05:58:52Z.781,14950,265,192
2026-09-30 05:58:53Z.795,14950,264,-320
2026-09-30 05:58:54Z.965,14950,264,-192
2026-09-30 05:58:55Z.965,14950,263,64
2026-09-30 05:58:57Z.030,14950,263,192
2026-09-30 05:58:58Z.075,14950,262,-64
2026-09-30 05:58:59Z.231,14950,263,-320
2026-09-30 05:59:00Z.320,14950,262,192
2026-09-30 05:59:01Z.375,14950,263,128
2026-09-30 05:59:02Z.565,14950,262,128
2026-09-30 05:59:03Z.590,14950,263,128
2026-09-30 05:59:04Z.639,14950,263,448
2026-09-30 05:59:05Z.730,14950,263,512
2026-09-30 05:59:06Z.738,14975,263,704
2026-09-30 05:59:07Z.915,14975,263,576
2026-09-30 05:59:09Z.015,15000,263,448
2026-09-30 05:59:10Z.165,15025,264,768
2026-09-30 05:59:11Z.190,15025,264,640
2026-09-30 05:59:12Z.245,15025,264,512
2026-09-30 05:59:13Z.351,15025,264,576
2026-09-30 05:59:14Z.530,15050,265,192
2026-09-30 05:59:15Z.686,15050,266,192
2026-09-30 05:59:16Z.740,15050,267,64
2026-09-30 05:59:17Z.831,15050,267,-128
2026-09-30 05:59:19Z.151,15025,268,-128
2026-09-30 05:59:20Z.265,15025,269,-320
2026-09-30 05:59:21Z.291,15000,271,-448
2026-09-30 05:59:22Z.390,15000,272,-192
2026-09-30 05:59:23Z.570,15000,272,-192
2026-09-30 05:59:24Z.620,14975,273,-576
2026-09-30 05:59:25Z.630,14975,274,-320
2026-09-30 05:59:26Z.670,14975,274,-192
2026-09-30 05:59:27Z.720,14975,274,-448
2026-09-30 05:59:29Z.081,14950,275,-128
2026-09-30 05:59:30Z.114,14950,275,-512
2026-09-30 05:59:31Z.140,14950,275,64
2026-09-30 05:59:32Z.201,14950,275,-64
2026-09-30 05:59:33Z.257,14950,276,-192
2026-09-30 05:59:34Z.495,14950,276,0
2026-09-30 05:59:35Z.561,14950,276,-128
2026-09-30 05:59:36Z.656,14950,276,-448
2026-09-30 05:59:37Z.661,14950,276,256
2026-09-30 05:59:38Z.911,14925,276,192
2026-09-30 05:59:39Z.931,14925,277,-640
2026-09-30 05:59:40Z.942,14925,277,-640
2026-09-30 05:59:41Z.961,14950,276,-64
2026-09-30 05:59:43Z.421,14950,277,-128
2026-09-30 05:59:44Z.441,14950,277,960
2026-09-30 05:59:45Z.491,14950,276,-128
2026-09-30 05:59:46Z.504,14950,277,128
2026-09-30 05:59:47Z.576,14975,277,448
2026-09-30 05:59:48Z.726,14975,277,384
2026-09-30 05:59:49Z.746,14975,278,320
2026-09-30 05:59:50Z.891,14975,277,512
2026-09-30 05:59:51Z.926,15000,277,576
2026-09-30 05:59:52Z.996,15000,277,512
2026-09-30 05:59:54Z.211,15025,277,640
2026-09-30 05:59:55Z.581,15025,277,448
2026-09-30 05:59:56Z.731,15025,277,256
2026-09-30 05:59:57Z.766,15050,277,576
2026-09-30 05:59:58Z.961,15050,278,448
2026-09-30 06:00:00Z.241,15050,278,512
2026-09-30 06:00:01Z.301,15075,278,448
2026-09-30 06:00:02Z.318,15075,278,256
2026-09-30 06:00:03Z.326,15075,278,704
2026-09-30 06:00:04Z.341,15075,278,64
2026-09-30 06:00:05Z.431,15100,278,-64
2026-09-30 06:00:06Z.461,15100,278,576
2026-09-30 06:00:07Z.510,15100,279,832
2026-09-30 06:00:08Z.636,15100,279,192
2026-09-30 06:00:09Z.806,15100,279,-64
2026-09-30 06:00:10Z.816,15125,279,0
2026-09-30 06:00:11Z.926,15125,279,384
2026-09-30 06:00:13Z.051,15125,279,128
2026-09-30 06:00:14Z.121,15125,280,64
2026-09-30 06:00:15Z.381,15125,280,320
2026-09-30 06:00:16Z.424,15125,280,192
2026-09-30 06:00:17Z.581,15125,281,256
2026-09-30 06:00:18Z.776,15125,281,192
2026-09-30 06:00:20Z.006,15125,281,192
2026-09-30 06:00:21Z.011,15150,281,128
2026-09-30 06:00:22Z.052,15150,281,192
2026-09-30 06:00:23Z.111,15150,282,192
2026-09-30 06:00:24Z.161,15150,282,256
2026-09-30 06:00:25Z.171,15150,282,192
2026-09-30 06:00:26Z.286,15150,282,256
2026-09-30 06:00:27Z.391,15175,282,256
2026-09-30 06:00:28Z.416,15175,282,192
2026-09-30 06:00:29Z.511,15175,282,128
2026-09-30 06:00:30Z.621,15175,283,-64
2026-09-30 06:00:31Z.625,15175,283,-128
2026-09-30 06:00:32Z.771,15150,283,-384
2026-09-30 06:00:33Z.882,15150,284,-576
2026-09-30 06:00:35Z.002,15125,284,-576
2026-09-30 06:00:36Z.086,15125,284,-512
2026-09-30 06:00:37Z.361,15100,286,-576
2026-09-30 06:00:38Z.576,15100,286,-768
2026-09-30 06:00:39Z.647,15075,286,-576
2026-09-30 06:00:40Z.717,15075,286,-448
2026-09-30 06:00:41Z.742,15050,287,-640
2026-09-30 06:00:42Z.822,15050,287,-640
2026-09-30 06:00:43Z.977,15050,287,-576
2026-09-30 06:00:45Z.011,15025,288,-576
2026-09-30 06:00:46Z.027,15025,288,-448
2026-09-30 06:00:47Z.946,15000,288,-320
2026-09-30 06:00:49Z.011,15000,289,-640
2026-09-30 06:00:50Z.252,14975,290,-448
2026-09-30 06:00:51Z.441,14975,290,64
2026-09-30 06:00:52Z.461,14975,291,-384
2026-09-30 06:00:53Z.486,14975,291,-192
2026-09-30 06:00:54Z.602,14975,292,-256
2026-09-30 06:00:55Z.606,14950,293,-192
2026-09-30 06:00:56Z.652,14950,294,-512
2026-09-30 06:00:57Z.861,14950,295,-384
2026-09-30 06:00:59Z.002,14925,296,-128
2026-09-30 06:01:00Z.086,14925,297,-320
2026-09-30 06:01:01Z.326,14900,298,-448
2026-09-30 06:01:02Z.441,14900,300,-448
2026-09-30 06:01:03Z.641,14900,301,-320
2026-09-30 06:01:04Z.731,14875,302,-192
2026-09-30 06:01:05Z.816,14875,303,-192
2026-09-30 06:01:06Z.863,14875,303,-64
2026-09-30 06:01:07Z.896,14875,304,192
2026-09-30 06:01:09Z.126,14875,305,-256
2026-09-30 06:01:10Z.127,14875,305,320
2026-09-30 06:01:11Z.156,14875,306,512
2026-09-30 06:01:12Z.452,14875,307,576
2026-09-30 06:01:13Z.800,14875,308,256
2026-09-30 06:01:14Z.810,14875,308,448
2026-09-30 06:01:15Z.921,14900,308,576
2026-09-30 06:01:16Z.922,14900,309,704
2026-09-30 06:01:17Z.976,14925,309,576
2026-09-30 06:01:19Z.072,14925,310,640
2026-09-30 06:01:20Z.531,14950,310,512
2026-09-30 06:01:21Z.582,14950,311,512
2026-09-30 06:01:22Z.582,14950,311,512
2026-09-30 06:01:23Z.603,14950,311,448
2026-09-30 06:01:24Z.792,14950,312,448
2026-09-30 06:01:25Z.936,14950,313,320
2026-09-30 06:01:27Z.092,14950,314,256
2026-09-30 06:01:28Z.236,14975,314,128
2026-09-30 06:01:29Z.366,14975,315,64
2026-09-30 06:01:30Z.462,14950,316,192
2026-09-30 06:01:31Z.518,14950,316,192
2026-09-30 06:01:32Z.577,14950,318,64
2026-09-30 06:01:33Z.650,14950,318,256
2026-09-30 06:01:34Z.706,14975,319,448
2026-09-30 06:01:35Z.737,14975,319,320
2026-09-30 06:01:36Z.747,14975,320,384
2026-09-30 06:01:37Z.777,14975,320,704
2026-09-30 06:01:38Z.852,15000,320,512
2026-09-30 06:01:39Z.882,15000,321,1088
2026-09-30 06:01:40Z.917,15025,321,704
2026-09-30 06:01:41Z.922,15025,321,704
2026-09-30 06:01:42Z.972,15050,321,576
2026-09-30 06:01:44Z.097,15050,322,768
2026-09-30 06:01:45Z.137,15075,322,1024
2026-09-30 06:01:46Z.237,15075,322,1280
2026-09-30 06:01:47Z.342,15100,322,960
2026-09-30 06:01:48Z.492,15125,322,896
2026-09-30 06:01:49Z.525,15125,323,896
2026-09-30 06:01:50Z.567,15150,323,384
2026-09-30 06:01:51Z.793,15150,323,832
2026-09-30 06:01:52Z.817,15150,324,384
2026-09-30 06:01:53Z.847,15150,324,192
2026-09-30 06:01:54Z.857,15150,325,192
2026-09-30 06:01:55Z.942,15150,325,-768
2026-09-30 06:01:56Z.950,15150,326,-256
2026-09-30 06:01:57Z.987,15125,327,64
2026-09-30 06:01:59Z.167,15125,327,-704
2026-09-30 06:02:00Z.257,15125,328,0
2026-09-30 06:02:01Z.267,15125,328,0
2026-09-30 06:02:02Z.287,15125,330,192
2026-09-30 06:02:03Z.297,15125,331,-576
2026-09-30 06:02:04Z.342,15100,331,256
2026-09-30 06:02:05Z.398,15100,332,192
2026-09-30 06:02:06Z.467,15100,333,512
2026-09-30 06:02:07Z.504,15100,333,-64
2026-09-30 06:02:08Z.667,15100,334,-128
2026-09-30 06:02:09Z.832,15100,334,-192
2026-09-30 06:02:10Z.852,15075,335,-64
2026-09-30 06:02:11Z.949,15075,335,256
2026-09-30 06:02:12Z.982,15075,336,192
2026-09-30 06:02:14Z.077,15100,336,128
2026-09-30 06:02:15Z.192,15100,336,128
2026-09-30 06:02:16Z.480,15100,336,256
2026-09-30 06:02:17Z.497,15075,336,-448
2026-09-30 06:02:18Z.602,15075,338,-128
2026-09-30 06:02:19Z.617,15075,338,-320
2026-09-30 06:02:20Z.932,15075,338,-128
2026-09-30 06:02:22Z.187,15075,339,-448
2026-09-30 06:02:23Z.447,15050,339,-448
2026-09-30 06:02:24Z.542,15050,340,-192
2026-09-30 06:02:25Z.576,15050,341,-384
2026-09-30 06:02:26Z.732,15025,342,-448
2026-09-30 06:02:27Z.817,15025,342,-512
2026-09-30 06:02:29Z.107,15025,343,64
2026-09-30 06:02:30Z.122,15025,343,64
2026-09-30 06:02:31Z.312,15025,343,-128
2026-09-30 06:02:32Z.563,15025,344,-384
2026-09-30 06:02:33Z.637,15000,345,256
2026-09-30 06:02:34Z.807,15000,346,-832
2026-09-30 06:02:35Z.962,15000,346,-640
2026-09-30 06:02:36Z.998,15000,347,-704
2026-09-30 06:02:38Z.192,14975,347,-320
2026-09-30 06:02:39Z.332,14950,348,-1216
2026-09-30 06:02:40Z.382,14950,348,-576
2026-09-30 06:02:41Z.417,14950,348,-384
2026-09-30 06:02:42Z.697,14950,348,-320
2026-09-30 06:02:43Z.707,14950,348,320
2026-09-30 06:02:44Z.803,14950,348,-768
2026-09-30 06:02:46Z.082,14950,348,512
2026-09-30 06:02:47Z.487,14950,348,768
2026-09-30 06:02:48Z.527,14950,347,0
2026-09-30 06:02:49Z.528,14950,347,0
2026-09-30 06:02:50Z.532,14950,347,-576
2026-09-30 06:02:51Z.537,14950,347,-512
2026-09-30 06:02:52Z.583,14950,347,-1664
2026-09-30 06:02:53Z.668,14950,347,1024
2026-09-30 06:02:54Z.758,14950,346,-768
2026-09-30 06:02:55Z.803,14950,346,64
2026-09-30 06:02:56Z.822,14975,346,1024
2026-09-30 06:02:57Z.918,14975,346,-64
2026-09-30 06:02:59Z.287,14975,346,320
2026-09-30 06:03:00Z.377,14975,345,-384
2026-09-30 06:03:01Z.562,14975,345,320
2026-09-30 06:03:02Z.737,14975,345,128
2026-09-30 06:03:03Z.807,14975,345,1472
2026-09-30 06:03:04Z.963,15000,344,640
2026-09-30 06:03:06Z.082,15000,344,576
2026-09-30 06:03:07Z.333,15025,344,-448
2026-09-30 06:03:08Z.377,15025,343,576
2026-09-30 06:03:09Z.388,15050,343,-128
2026-09-30 06:03:10Z.398,15050,342,64
2026-09-30 06:03:11Z.462,15050,342,896
2026-09-30 06:03:12Z.732,15050,342,384
2026-09-30 06:03:13Z.892,15075,342,896
2026-09-30 06:03:15Z.022,15075,341,-128
2026-09-30 06:03:16Z.022,15075,341,192
2026-09-30 06:03:17Z.046,15075,341,-256
2026-09-30 06:03:18Z.337,15075,341,-192
2026-09-30 06:03:19Z.372,15075,340,512
2026-09-30 06:03:20Z.604,15075,340,128
2026-09-30 06:03:21Z.733,15075,340,192
2026-09-30 06:03:22Z.733,15075,340,-64
2026-09-30 06:03:24Z.112,15075,340,-384
2026-09-30 06:03:25Z.348,15075,340,-192
2026-09-30 06:03:26Z.453,15050,340,-128
2026-09-30 06:03:27Z.863,15050,340,-448
2026-09-30 06:03:29Z.263,15050,340,-192
2026-09-30 06:03:30Z.313,15050,340,-128
2026-09-30 06:03:31Z.363,15050,340,-320
2026-09-30 06:03:32Z.438,15050,340,256
2026-09-30 06:03:33Z.448,15050,339,-512
2026-09-30 06:03:34Z.482,15050,339,-64
2026-09-30 06:03:35Z.543,15025,339,-128
2026-09-30 06:03:36Z.543,15025,339,-384
2026-09-30 06:03:37Z.597,15025,339,-384
2026-09-30 06:03:38Z.708,15025,339,-384
2026-09-30 06:03:39Z.714,15025,339,128
2026-09-30 06:03:40Z.963,15025,339,-320
2026-09-30 06:03:42Z.118,15025,338,-640
2026-09-30 06:03:43Z.283,15025,338,-1664
2026-09-30 06:03:44Z.428,15025,338,320
2026-09-30 06:03:45Z.763,15025,338,192
2026-09-30 06:03:46Z.778,15025,338,-64
2026-09-30 06:03:47Z.790,15025,338,256
2026-09-30 06:03:49Z.153,15025,339,-768
2026-09-30 06:03:50Z.258,15000,339,-192
2026-09-30 06:03:51Z.453,15000,340,-256
2026-09-30 06:03:52Z.483,15000,340,-640
2026-09-30 06:03:53Z.663,15000,340,-256
2026-09-30 06:03:54Z.873,14975,340,-64
2026-09-30 06:03:55Z.960,14975,341,-384
2026-09-30 06:03:57Z.074,14975,341,320
2026-09-30 06:03:58Z.113,14975,341,0
2026-09-30 06:03:59Z.218,14975,341,-704
2026-09-30 06:04:00Z.278,15000,341,512
2026-09-30 06:04:01Z.503,15000,341,320
2026-09-30 06:04:02Z.543,15000,341,640
2026-09-30 06:04:03Z.876,15000,341,128
2026-09-30 06:04:04Z.988,15000,341,128
2026-09-30 06:04:06Z.073,15025,341,256
2026-09-30 06:04:07Z.093,15025,341,512
2026-09-30 06:04:08Z.138,15025,340,896
2026-09-30 06:04:09Z.183,15050,340,576
2026-09-30 06:04:10Z.203,15050,340,576
2026-09-30 06:04:11Z.218,15050,340,256
2026-09-30 06:04:12Z.243,15075,340,256
2026-09-30 06:04:13Z.243,15075,340,192
2026-09-30 06:04:14Z.313,15075,340,576
2026-09-30 06:04:15Z.413,15100,339,384
2026-09-30 06:04:16Z.534,15100,339,704
2026-09-30 06:04:17Z.623,15100,338,512
2026-09-30 06:04:18Z.803,15100,337,256
2026-09-30 06:04:19Z.818,15125,337,-64
2026-09-30 06:04:20Z.823,15125,336,192
2026-09-30 06:04:22Z.148,15125,336,192
2026-09-30 06:04:23Z.193,15125,335,192
2026-09-30 06:04:24Z.213,15125,335,64
2026-09-30 06:04:25Z.218,15100,335,64
2026-09-30 06:04:26Z.249,15100,334,-448
2026-09-30 06:04:27Z.253,15100,334,-320
2026-09-30 06:04:28Z.403,15100,334,-384
2026-09-30 06:04:29Z.483,15075,333,-512
2026-09-30 06:04:30Z.483,15075,334,-768
2026-09-30 06:04:31Z.542,15050,334,-512
2026-09-30 06:04:32Z.578,15050,334,-512
2026-09-30 06:04:33Z.604,15050,333,-384
2026-09-30 06:04:34Z.632,15050,333,-384
2026-09-30 06:04:35Z.754,15050,334,-64
2026-09-30 06:04:36Z.763,15050,333,64
2026-09-30 06:04:37Z.938,15050,333,64
2026-09-30 06:04:39Z.183,15050,333,256
2026-09-30 06:04:40Z.258,15075,332,832
2026-09-30 06:04:41Z.283,15075,332,832
2026-09-30 06:04:42Z.643,15100,332,768
2026-09-30 06:04:43Z.674,15100,331,0
2026-09-30 06:04:44Z.723,15125,331,704
2026-09-30 06:04:45Z.883,15125,331,320
2026-09-30 06:04:47Z.118,15125,331,256
2026-09-30 06:04:48Z.258,15125,331,-128
2026-09-30 06:04:49Z.536,15125,331,-512
2026-09-30 06:04:50Z.558,15125,332,-128
2026-09-30 06:04:51Z.682,15100,332,-448
2026-09-30 06:04:52Z.849,15100,333,-640
2026-09-30 06:04:53Z.899,15075,333,-640
2026-09-30 06:04:54Z.973,15050,334,-832
2026-09-30 06:04:56Z.023,15050,334,-640
2026-09-30 06:04:57Z.038,15025,335,-704
2026-09-30 06:04:58Z.249,15025,335,-704
2026-09-30 06:04:59Z.343,15000,335,-384
2026-09-30 06:05:00Z.363,15000,336,-448
2026-09-30 06:05:01Z.363,14975,337,-704
2026-09-30 06:05:02Z.584,14975,336,-384
2026-09-30 06:05:03Z.624,14975,336,-192
2026-09-30 06:05:04Z.738,14975,336,-320
2026-09-30 06:05:05Z.773,14975,336,-64
2026-09-30 06:05:06Z.863,14975,336,-128
2026-09-30 06:05:07Z.918,14950,336,-384
2026-09-30 06:05:08Z.923,14950,336,-256
2026-09-30 06:05:10Z.018,14950,336,-256
2026-09-30 06:05:11Z.093,14950,336,448
2026-09-30 06:05:12Z.114,14950,335,-128
2026-09-30 06:05:13Z.268,14950,335,-256
2026-09-30 06:05:14Z.369,14950,335,-320
2026-09-30 06:05:15Z.388,14950,335,-192
2026-09-30 06:05:16Z.489,14950,336,-256
2026-09-30 06:05:17Z.554,14950,335,-256
2026-09-30 06:05:18Z.624,14950,335,128
2026-09-30 06:05:19Z.626,14950,335,0
2026-09-30 06:05:20Z.784,14950,334,128
2026-09-30 06:05:21Z.843,14950,334,192
2026-09-30 06:05:22Z.849,14950,334,0
2026-09-30 06:05:23Z.904,14950,333,192
2026-09-30 06:05:25Z.244,14950,333,64
2026-09-30 06:05:26Z.314,14950,333,64
2026-09-30 06:05:27Z.334,14950,333,-64
2026-09-30 06:05:28Z.384,14975,333,128
2026-09-30 06:05:29Z.384,14975,333,0
2026-09-30 06:05:30Z.389,14975,333,64
2026-09-30 06:05:31Z.434,14975,333,256
2026-09-30 06:05:32Z.476,14975,333,192
2026-09-30 06:05:33Z.589,14975,332,256
2026-09-30 06:05:34Z.610,14975,331,192
2026-09-30 06:05:35Z.784,15000,332,0
2026-09-30 06:05:36Z.864,15000,332,0
2026-09-30 06:05:37Z.919,15000,330,128
2026-09-30 06:05:38Z.949,15000,330,192
2026-09-30 06:05:40Z.144,15000,330,128
2026-09-30 06:05:41Z.524,15000,330,64
2026-09-30 06:05:42Z.584,15000,329,64
2026-09-30 06:05:43Z.614,15000,330,0
2026-09-30 06:05:44Z.619,15000,329,64
2026-09-30 06:05:45Z.644,15000,329,192
2026-09-30 06:05:46Z.695,15000,329,64
2026-09-30 06:05:47Z.714,15000,329,0
2026-09-30 06:05:48Z.724,15000,329,0
2026-09-30 06:05:49Z.724,15025,328,-192
2026-09-30 06:05:50Z.805,15000,328,-64
2026-09-30 06:05:51Z.838,15000,328,-192
2026-09-30 06:05:52Z.904,15000,328,-192
2026-09-30 06:05:53Z.924,15000,327,-128
2026-09-30 06:05:55Z.084,15000,327,-192
2026-09-30 06:05:56Z.379,15000,328,-192
2026-09-30 06:05:57Z.484,15000,327,-64
2026-09-30 06:05:58Z.492,15000,327,-256
2026-09-30 06:05:59Z.534,15000,327,0
2026-09-30 06:06:00Z.824,15000,327,-192
2026-09-30 06:06:01Z.824,15000,327,-320
2026-09-30 06:06:02Z.894,15000,327,-192
2026-09-30 06:06:03Z.999,14975,327,-320
2026-09-30 06:06:05Z.019,14975,327,-256
2026-09-30 06:06:06Z.029,14975,327,-256
2026-09-30 06:06:07Z.059,14975,327,-192
2026-09-30 06:06:08Z.129,14975,328,-384
2026-09-30 06:06:09Z.259,14950,327,-448
2026-09-30 06:06:10Z.259,14950,327,-320
2026-09-30 06:06:11Z.339,14950,327,-576
2026-09-30 06:06:12Z.354,14925,327,-448
2026-09-30 06:06:13Z.525,14925,327,-384
2026-09-30 06:06:14Z.809,14925,328,-384
2026-09-30 06:06:15Z.864,14900,328,-448
2026-09-30 06:06:16Z.979,14900,329,-256
2026-09-30 06:06:17Z.979,14900,329,-512
2026-09-30 06:06:19Z.014,14900,329,-192
2026-09-30 06:06:20Z.304,14900,328,-256
2026-09-30 06:06:21Z.409,14875,328,-384
2026-09-30 06:06:22Z.435,14875,328,-192
2026-09-30 06:06:23Z.525,14875,329,-192
2026-09-30 06:06:24Z.649,14875,329,-192
2026-09-30 06:06:25Z.670,14875,329,-64
2026-09-30 06:06:26Z.845,14850,329,-320
2026-09-30 06:06:27Z.999,14850,328,-320
2026-09-30 06:06:29Z.164,14825,329,-512
2026-09-30 06:06:30Z.284,14825,329,-256
2026-09-30 06:06:31Z.505,14825,329,-704
2026-09-30 06:06:32Z.584,14800,329,-704
2026-09-30 06:06:33Z.689,14800,329,-704
2026-09-30 06:06:34Z.739,14800,329,-384
2026-09-30 06:06:36Z.064,14775,330,-640
2026-09-30 06:06:37Z.124,14775,330,-448
2026-09-30 06:06:38Z.139,14775,329,-384
2026-09-30 06:06:39Z.214,14750,329,-448
2026-09-30 06:06:40Z.509,14750,330,-512
2026-09-30 06:06:41Z.574,14750,329,-448
2026-09-30 06:06:42Z.579,14750,329,-448
2026-09-30 06:06:43Z.589,14750,329,-384
2026-09-30 06:06:44Z.971,14725,329,-384
2026-09-30 06:06:46Z.139,14725,329,-384
2026-09-30 06:06:47Z.174,14725,329,-448
2026-09-30 06:06:48Z.184,14725,328,-128
2026-09-30 06:06:49Z.264,14725,328,-64
2026-09-30 06:06:50Z.669,14700,328,-128
2026-09-30 06:06:51Z.749,14700,328,-256
2026-09-30 06:06:52Z.805,14700,328,-192
2026-09-30 06:06:53Z.809,14700,328,-256
2026-09-30 06:06:54Z.819,14700,327,-384
2026-09-30 06:06:56Z.085,14700,327,64
2026-09-30 06:06:57Z.124,14700,327,256
2026-09-30 06:06:58Z.134,14700,327,-128
2026-09-30 06:06:59Z.346,14700,327,256
2026-09-30 06:07:00Z.499,14700,326,-64
2026-09-30 06:07:01Z.562,14700,326,256
2026-09-30 06:07:02Z.795,14700,326,64
2026-09-30 06:07:03Z.859,14700,326,0
2026-09-30 06:07:04Z.864,14700,325,0
2026-09-30 06:07:05Z.890,14725,325,192
2026-09-30 06:07:07Z.311,14725,325,128
2026-09-30 06:07:08Z.364,14725,324,192
2026-09-30 06:07:09Z.720,14725,325,256
2026-09-30 06:07:10Z.915,14725,325,192
2026-09-30 06:07:11Z.979,14725,324,-256
2026-09-30 06:07:13Z.170,14725,324,64
2026-09-30 06:07:14Z.355,14725,324,-128
2026-09-30 06:07:15Z.390,14725,324,64
2026-09-30 06:07:16Z.405,14725,323,192
2026-09-30 06:07:17Z.409,14725,323,0
2026-09-30 06:07:18Z.455,14725,323,-256
2026-09-30 06:07:19Z.464,14725,324,192
2026-09-30 06:07:20Z.464,14750,323,320
2026-09-30 06:07:21Z.490,14750,322,384
2026-09-30 06:07:22Z.540,14750,322,192
2026-09-30 06:07:23Z.555,14750,322,384
2026-09-30 06:07:24Z.605,14775,321,576
2026-09-30 06:07:25Z.720,14775,321,640
2026-09-30 06:07:26Z.840,14800,321,384
2026-09-30 06:07:27Z.880,14800,320,512
2026-09-30 06:07:29Z.010,14825,319,384
2026-09-30 06:07:30Z.285,14825,319,512
2026-09-30 06:07:31Z.450,14850,318,512
2026-09-30 06:07:32Z.810,14850,318,320
2026-09-30 06:07:33Z.825,14850,319,64
2026-09-30 06:07:34Z.870,14850,319,64
2026-09-30 06:07:35Z.905,14850,319,-128
2026-09-30 06:07:37Z.100,14825,319,-320
2026-09-30 06:07:38Z.120,14825,319,-576
2026-09-30 06:07:39Z.130,14825,320,-512
2026-09-30 06:07:40Z.165,14800,320,-320
2026-09-30 06:07:41Z.245,14800,320,-384
2026-09-30 06:07:42Z.265,14800,321,-256
2026-09-30 06:07:43Z.505,14800,322,-320
2026-09-30 06:07:44Z.615,14800,321,-128
2026-09-30 06:07:45Z.675,14800,321,128
2026-09-30 06:07:46Z.700,14800,321,-576
2026-09-30 06:07:47Z.760,14775,322,256
2026-09-30 06:07:48Z.796,14775,322,128
2026-09-30 06:07:49Z.895,14775,322,-64
2026-09-30 06:07:50Z.932,14775,322,-64
2026-09-30 06:07:52Z.065,14775,322,128
2026-09-30 06:07:53Z.090,14800,322,-128
2026-09-30 06:07:54Z.385,14800,322,384
2026-09-30 06:07:55Z.420,14800,322,256
2026-09-30 06:07:56Z.525,14800,322,256
2026-09-30 06:07:57Z.580,14800,322,512
2026-09-30 06:07:58Z.584,14800,322,-128
2026-09-30 06:07:59Z.625,14825,322,0
2026-09-30 06:08:00Z.715,14825,322,704
2026-09-30 06:08:01Z.730,14825,322,448
2026-09-30 06:08:02Z.775,14825,322,512
2026-09-30 06:08:03Z.835,14850,322,512
2026-09-30 06:08:05Z.080,14850,322,384
2026-09-30 06:08:06Z.175,14850,322,320
2026-09-30 06:08:07Z.185,14875,322,384
2026-09-30 06:08:08Z.225,14875,322,256
2026-09-30 06:08:09Z.330,14875,322,192
2026-09-30 06:08:10Z.511,14875,322,64
2026-09-30 06:08:11Z.580,14875,322,64
2026-09-30 06:08:12Z.615,14875,321,256
2026-09-30 06:08:13Z.638,14875,322,64
2026-09-30 06:08:14Z.738,14875,322,128
2026-09-30 06:08:15Z.830,14875,321,-128
2026-09-30 06:08:16Z.935,14875,321,128
2026-09-30 06:08:17Z.945,14875,322,256
2026-09-30 06:08:18Z.990,14900,322,128
2026-09-30 06:08:20Z.025,14900,322,320
2026-09-30 06:08:21Z.140,14900,322,320
2026-09-30 06:08:22Z.265,14900,322,192
2026-09-30 06:08:23Z.295,14900,321,384
2026-09-30 06:08:24Z.470,14925,320,192
2026-09-30 06:08:25Z.512,14925,321,256
2026-09-30 06:08:26Z.635,14925,321,256
2026-09-30 06:08:27Z.765,14925,321,320
2026-09-30 06:08:28Z.770,14925,321,448
2026-09-30 06:08:29Z.785,14925,321,256
2026-09-30 06:08:30Z.790,14925,321,192
2026-09-30 06:08:31Z.895,14925,321,128
2026-09-30 06:08:33Z.011,14950,322,192
2026-09-30 06:08:34Z.080,14950,321,192
2026-09-30 06:08:35Z.090,14950,322,64
2026-09-30 06:08:36Z.570,14950,321,128
2026-09-30 06:08:37Z.578,14950,321,128
2026-09-30 06:08:38Z.625,14950,322,128
2026-09-30 06:08:39Z.625,14950,321,256
2026-09-30 06:08:40Z.791,14950,321,-64
2026-09-30 06:08:41Z.945,14975,321,64
2026-09-30 06:08:43Z.010,14975,321,192
2026-09-30 06:08:44Z.050,14975,321,384
2026-09-30 06:08:45Z.120,14975,320,384
2026-09-30 06:08:46Z.140,14975,321,384
2026-09-30 06:08:47Z.150,15000,321,320
2026-09-30 06:08:48Z.190,15000,320,384
2026-09-30 06:08:49Z.250,15000,321,192
2026-09-30 06:08:50Z.426,15000,321,128
2026-09-30 06:08:51Z.745,15000,321,0
2026-09-30 06:08:52Z.890,15025,320,64
2026-09-30 06:08:53Z.906,15025,321,-64
2026-09-30 06:08:55Z.015,15025,321,-64
2026-09-30 06:08:56Z.085,15025,320,-192
2026-09-30 06:08:57Z.180,15025,321,128
2026-09-30 06:08:58Z.240,15025,321,64
2026-09-30 06:08:59Z.485,15025,321,192
2026-09-30 06:09:00Z.490,15025,321,192
2026-09-30 06:09:01Z.506,15025,322,64
2026-09-30 06:09:02Z.557,15025,322,-128
2026-09-30 06:09:03Z.725,15025,322,0
2026-09-30 06:09:04Z.860,15025,322,-64
2026-09-30 06:09:05Z.884,15025,322,-256
2026-09-30 06:09:06Z.946,15025,322,-64
2026-09-30 06:09:07Z.970,15000,322,-256
2026-09-30 06:09:09Z.040,15000,323,-448
2026-09-30 06:09:10Z.047,15000,323,-384
2026-09-30 06:09:11Z.150,14975,324,-320
2026-09-30 06:09:12Z.416,14975,324,-128
2026-09-30 06:09:13Z.520,14975,324,-320
2026-09-30 06:09:14Z.630,14975,324,-64
2026-09-30 06:09:15Z.706,14975,324,64
2026-09-30 06:09:16Z.825,14975,324,-64
2026-09-30 06:09:18Z.011,14975,324,192
2026-09-30 06:09:19Z.350,14975,324,192
2026-09-30 06:09:20Z.371,14975,324,64
2026-09-30 06:09:21Z.696,14975,324,192
2026-09-30 06:09:22Z.786,14975,324,256
2026-09-30 06:09:23Z.931,14975,324,-192
2026-09-30 06:09:24Z.991,14975,324,-192
2026-09-30 06:09:26Z.076,14975,325,-128
2026-09-30 06:09:27Z.156,14975,325,-64
2026-09-30 06:09:28Z.171,14975,324,-64
2026-09-30 06:09:29Z.471,14975,325,128
2026-09-30 06:09:30Z.546,14975,325,0
2026-09-30 06:09:31Z.571,15000,324,320
2026-09-30 06:09:32Z.621,15000,324,384
2026-09-30 06:09:33Z.679,15000,324,128
2026-09-30 06:09:34Z.696,15000,324,768
2026-09-30 06:09:35Z.731,15000,324,-64
2026-09-30 06:09:36Z.761,15000,324,448
2026-09-30 06:09:37Z.811,15025,324,320
2026-09-30 06:09:38Z.946,15025,323,320
2026-09-30 06:09:39Z.976,15025,323,320
2026-09-30 06:09:41Z.391,15050,323,384
2026-09-30 06:09:42Z.391,15050,323,64
2026-09-30 06:09:43Z.431,15050,323,64
2026-09-30 06:09:44Z.601,15025,323,-448
2026-09-30 06:09:45Z.631,15025,323,-320
2026-09-30 06:09:46Z.886,15025,324,-384
2026-09-30 06:09:47Z.906,15025,324,-576
2026-09-30 06:09:48Z.981,15000,324,-448
2026-09-30 06:09:50Z.016,15000,324,-256
2026-09-30 06:09:51Z.096,14975,325,-768
2026-09-30 06:09:52Z.321,14975,325,-256
2026-09-30 06:09:53Z.391,14975,326,-384
2026-09-30 06:09:54Z.776,14950,326,-384
2026-09-30 06:09:55Z.861,14950,326,-192
2026-09-30 06:09:56Z.911,14925,326,-448
2026-09-30 06:09:57Z.916,14925,326,-320
2026-09-30 06:09:58Z.981,14925,326,-320
2026-09-30 06:09:59Z.986,14925,326,-192
2026-09-30 06:10:01Z.016,14925,327,-128
2026-09-30 06:10:02Z.061,14925,328,-512
2026-09-30 06:10:03Z.171,14925,326,-64
2026-09-30 06:10:04Z.306,14925,326,-128
2026-09-30 06:10:05Z.351,14925,327,-128
2026-09-30 06:10:06Z.386,14925,327,-256
2026-09-30 06:10:07Z.411,14925,326,384
2026-09-30 06:10:08Z.531,14925,327,0
2026-09-30 06:10:09Z.812,14925,326,320
2026-09-30 06:10:10Z.836,14925,326,0
2026-09-30 06:10:11Z.881,14925,326,0
2026-09-30 06:10:13Z.026,14925,326,192
2026-09-30 06:10:14Z.026,14925,326,192
2026-09-30 06:10:15Z.066,14925,326,-192
2026-09-30 06:10:16Z.091,14950,326,128
2026-09-30 06:10:17Z.161,14950,326,64
2026-09-30 06:10:18Z.187,14950,326,448
2026-09-30 06:10:19Z.331,14950,326,0
2026-09-30 06:10:20Z.371,14950,326,64
2026-09-30 06:10:21Z.381,14950,326,64
2026-09-30 06:10:22Z.562,14950,326,64
2026-09-30 06:10:23Z.716,14950,326,0
2026-09-30 06:10:24Z.746,14975,325,128
2026-09-30 06:10:25Z.831,14975,324,-128
2026-09-30 06:10:26Z.931,14975,324,0
2026-09-30 06:10:28Z.451,14975,324,-64
2026-09-30 06:10:29Z.461,14975,324,-64
2026-09-30 06:10:30Z.471,14975,323,-128
2026-09-30 06:10:31Z.511,14975,323,256
2026-09-30 06:10:32Z.541,14975,323,0
2026-09-30 06:10:33Z.625,14975,322,64
2026-09-30 06:10:34Z.927,14975,323,64
2026-09-30 06:10:36Z.251,15000,322,128
2026-09-30 06:10:37Z.932,15000,321,448
2026-09-30 06:10:39Z.186,15025,320,320
2026-09-30 06:10:40Z.311,15025,318,448
2026-09-30 06:10:41Z.807,15025,318,448
2026-09-30 06:10:43Z.066,15050,318,448
2026-09-30 06:10:45Z.161,15050,316,320
2026-09-30 06:10:46Z.714,15050,316,448
2026-09-30 06:10:48Z.011,15075,316,192
2026-09-30 06:10:49Z.307,15075,316,256
2026-09-30 06:10:50Z.316,15075,316,-192
2026-09-30 06:10:51Z.332,15075,316,-192
2026-09-30 06:10:53Z.097,15075,316,-128
2026-09-30 06:10:54Z.761,15075,317,-320
2026-09-30 06:10:56Z.052,15050,318,-576
2026-09-30 06:10:57Z.052,15025,318,-576
2026-09-30 06:10:58Z.391,15025,318,-576
2026-09-30 06:10:59Z.472,15025,319,-576
2026-09-30 06:11:00Z.682,15025,320,-576
2026-09-30 06:11:01Z.791,14975,320,-576
2026-09-30 06:11:02Z.791,14975,321,-640
2026-09-30 06:11:04Z.746,14950,321,-192
2026-09-30 06:11:06Z.531,14950,321,-512
2026-09-30 06:11:07Z.731,14950,323,-256
2026-09-30 06:11:08Z.982,14950,323,-256
2026-09-30 06:11:11Z.492,14925,323,-256
2026-09-30 06:11:13Z.012,14925,323,-256
2026-09-30 06:13:37Z.781,15050,331,-125
2026-09-30 06:28:37Z.758,5475,205,-256
2026-09-30 06:43:39Z.141,3375,185,-962
2026-09-30 06:58:59Z.148,0,0,